locality,apartment_type,bhk,floor,rent
Bilathikulam,Flat,1,4.0,9000
Chevayur,Apartment,2,7.0,19500
Mavoor Road,House,3,,39500
Feroke,Flat,2,8.0,12000
Koyilandy Road,House,2,,19000
Kunnamangalam,Apartment,1,3.0,6500
Kottuli,Apartment,1,11.0,7500
Beach Road,Apartment,3,0.0,35000
Malaparamba,Apartment,2,3.0,16000
Mukkam,Apartment,2,3.0,13500
Ulliyeri,Apartment,1,7.0,6500
Mathara,House,2,,18500
Bilathikulam,Apartment,3,6.0,31500
Chevayur,Flat,1,2.0,10500
Medical College,Villa,2,,34000
Palayam,Apartment,1,7.0,11000
Kuthiravattom,Flat,3,4.0,26000
Mathara,Flat,2,6.0,14000
Koyilandy Road,Flat,1,3.0,8500
Mathara,Apartment,1,10.0,8000
Kunnamangalam,Apartment,2,1.0,11500
Bilathikulam,Villa,3,,42500
Balussery,Apartment,2,8.0,12000
Beach Road,Apartment,2,12.0,24000
Calicut University,Flat,2,0.0,18000
Chevayur,Flat,2,8.0,17500
Mavoor Road,Apartment,4,1.0,56000
Calicut University,Flat,1,1.0,11000
Calicut University,Apartment,3,1.0,36000
Eranhipalam,Flat,1,7.0,8500
Vellimadukunnu,House,2,,16500
Thondayad,Flat,1,2.0,9000
Koyilandy Road,Villa,3,,38500
Beach Road,Apartment,2,1.0,24500
Kottuli,House,1,,9500
Puthiyara,House,1,,12000
Palayam,Villa,1,,17000
Kottuli,Flat,2,2.0,14000
Palayam,Apartment,2,7.0,21000
Koyilandy Road,House,2,,20500
Eranhipalam,Flat,2,8.0,15500
Mavoor Road,Flat,2,7.0,21500
Thondayad,Flat,2,5.0,15500
Eranhipalam,Flat,4,7.0,40500
Thondayad,Flat,2,4.0,15500
Mankave,Flat,1,0.0,8500
Mathara,Flat,3,4.0,26500
Bilathikulam,House,2,,20000
Palayam,Apartment,2,8.0,19500
Koyilandy Road,Apartment,2,15.0,16500
Chevayur,Apartment,2,7.0,19500
Panniyankara,Villa,2,,23000
Thiruvannur,Apartment,1,3.0,7000
Koyilandy Road,Apartment,2,1.0,16500
Koyilandy Road,Flat,2,5.0,16000
Calicut University,Apartment,1,10.0,11000
Mathara,House,2,,18000
Mankave,Flat,2,7.0,15000
Koduvally,Apartment,3,7.0,19000
Nadakkavu,House,1,,13000
Mathara,Villa,1,,12500
Eranhipalam,Flat,3,4.0,29000
Mathara,Apartment,2,11.0,15500
Eranhipalam,Apartment,1,4.0,9500
Eranhipalam,Flat,3,4.0,28500
Eranhipalam,Apartment,2,5.0,19500
Medical College,House,1,,14000
Mankave,House,2,,20000
Balussery,Flat,3,2.0,20000
Koyilandy Road,Flat,3,0.0,25500
Koduvally,Apartment,2,13.0,11000
Medical College,Flat,2,1.0,19500
Mathara,House,2,,17000
Bilathikulam,Apartment,2,8.0,18500
Koyilandy Road,Apartment,2,6.0,17000
Thiruvannur,Flat,1,6.0,6500
Beach Road,Flat,2,8.0,20500
Feroke,House,1,,9000
Puthiyara,House,4,,53500
Mathara,Flat,1,3.0,8000
Panniyankara,Apartment,3,4.0,25500
Medical College,Flat,1,1.0,12000
Thondayad,Apartment,1,12.0,9000
Chevayur,Apartment,3,4.0,31500
Thondayad,Apartment,3,6.0,31500
Kuthiravattom,Flat,3,5.0,25000
Chevayur,Flat,1,1.0,10000
Calicut University,Villa,3,,54000
Kottuli,Apartment,2,7.0,14000
Nadakkavu,House,1,,11500
Ulliyeri,Villa,3,,27000
Kottuli,Flat,2,0.0,12500
Panniyankara,Apartment,1,15.0,7500
Puthiyara,Apartment,2,3.0,19000
Nadakkavu,Apartment,2,3.0,21500
Thondayad,Apartment,2,12.0,17500
Eranhipalam,House,1,,11500
Kottuli,House,2,,17500
Medical College,Flat,2,1.0,22000
Bilathikulam,Apartment,3,10.0,32000
Malaparamba,Apartment,1,4.0,9000
Feroke,Flat,2,2.0,13000
Mathara,Apartment,3,4.0,26500
Medical College,Apartment,2,0.0,21500
Vellimadukunnu,Flat,1,5.0,8000
Thondayad,Flat,2,8.0,16000
Panniyankara,Flat,3,1.0,24000
Koduvally,Flat,4,1.0,26500
Nadakkavu,Flat,2,7.0,19000
Nadakkavu,House,3,,35500
Mukkam,Apartment,3,4.0,24000
Koyilandy Road,Flat,2,5.0,16000
Puthiyara,Villa,2,,27500
Malaparamba,Apartment,2,4.0,16500
Bilathikulam,Flat,1,4.0,9500
Nadakkavu,Apartment,1,10.0,10000
Kottuli,Flat,2,0.0,12000
Thondayad,House,2,,20000
Ulliyeri,Apartment,2,7.0,12000
Medical College,Flat,2,6.0,21000
Malaparamba,Flat,2,8.0,15500
Palayam,Apartment,3,13.0,31000
Koduvally,Apartment,2,8.0,12000
Medical College,Flat,3,7.0,32500
Beach Road,Villa,2,,34500
Chevayur,Flat,4,0.0,37500
Eranhipalam,Apartment,1,10.0,9000
Vellimadukunnu,Apartment,3,2.0,22500
Vellimadukunnu,Apartment,1,11.0,8500
Mavoor Road,Apartment,2,2.0,23500
Vellimadukunnu,Villa,2,,20500
Koduvally,Flat,2,0.0,11000
Kuthiravattom,Apartment,2,3.0,15000
Kuthiravattom,Apartment,2,6.0,16000
Nadakkavu,Apartment,1,8.0,11000
Vellimadukunnu,Flat,2,0.0,13500
Malaparamba,Flat,1,8.0,8000
Palayam,Flat,3,7.0,31500
Koyilandy Road,Villa,1,,13500
Mankave,Flat,2,1.0,15500
Eranhipalam,Flat,3,0.0,27500
Kottuli,Apartment,2,1.0,14500
Balussery,Apartment,2,2.0,13000
Puthiyara,Flat,3,3.0,30500
Kuthiravattom,Flat,3,6.0,23000
Nadakkavu,Villa,3,,46000
Mankave,Flat,2,7.0,14000
Puthiyara,Apartment,3,2.0,32500
Mathara,House,3,,29000
Nadakkavu,Apartment,3,12.0,30000
Beach Road,Villa,1,,20000
Mankave,Apartment,3,14.0,24500
Kottuli,Flat,2,7.0,13500
Feroke,House,1,,9000
Beach Road,Apartment,2,2.0,23500
Palayam,Apartment,3,8.0,30000
Puthiyara,Villa,2,,27000
Nadakkavu,Flat,3,2.0,29000
Mankave,Villa,2,,23000
Kuthiravattom,Apartment,1,0.0,7500
Feroke,Villa,2,,20000
Palayam,Apartment,2,2.0,19500
Ulliyeri,Apartment,1,13.0,6500
Thondayad,Flat,3,1.0,26500
Kuthiravattom,Apartment,3,7.0,26500
Mukkam,Flat,2,0.0,10500
Nadakkavu,Apartment,3,8.0,30500
Chevayur,Flat,2,8.0,18500
Palayam,Flat,2,2.0,18000
Vellimadukunnu,House,3,,30000
Mavoor Road,Villa,2,,30000
Medical College,Apartment,3,2.0,37000
Nadakkavu,Flat,3,1.0,29500
Calicut University,Apartment,2,13.0,21000
Balussery,Flat,3,7.0,18000
Panniyankara,Apartment,3,2.0,25000
Malaparamba,Apartment,2,5.0,17500
Nadakkavu,Apartment,2,6.0,21000
Mathara,Flat,3,1.0,24000
Panniyankara,Apartment,1,10.0,8500
Mukkam,Flat,2,6.0,12500
Mathara,Flat,2,1.0,13500
Koyilandy Road,Flat,1,4.0,9000
Puthiyara,Apartment,3,2.0,34000
Eranhipalam,Flat,1,3.0,9500
Puthiyara,Flat,1,1.0,10000
Kottuli,Flat,1,8.0,7500
Kottuli,Villa,1,,12000
Kuthiravattom,Apartment,2,11.0,16000
Feroke,Apartment,4,14.0,30500
Balussery,Villa,3,,31500
Kuthiravattom,Villa,4,,55000
Kottuli,Apartment,3,9.0,23500
Mukkam,Villa,2,,17500
Kottuli,Apartment,1,10.0,8000
Mankave,Apartment,3,9.0,27000
Vellimadukunnu,Apartment,1,1.0,8500
Panniyankara,Flat,2,7.0,13500
Kottuli,Flat,3,1.0,20000
Ulliyeri,Apartment,1,1.0,7000
Panniyankara,Apartment,1,0.0,7500
Kottuli,Apartment,2,8.0,14500
Puthiyara,Apartment,3,2.0,31500
Nadakkavu,Apartment,2,8.0,18500
Kunnamangalam,Apartment,2,7.0,10500
Thiruvannur,Apartment,3,5.0,22000
Balussery,House,3,,25000
Calicut University,Flat,3,4.0,36000
Medical College,Apartment,1,0.0,12500
Mathara,House,1,,10500
Mukkam,Apartment,2,2.0,13500
Vellimadukunnu,Flat,3,7.0,22500
Calicut University,Apartment,2,8.0,21000
Bilathikulam,House,3,,37500
Vellimadukunnu,Flat,3,1.0,22000
Chevayur,Flat,3,5.0,32500
Calicut University,Villa,1,,17500
Koyilandy Road,Apartment,3,1.0,27500
Feroke,Flat,3,7.0,19500
Palayam,Apartment,2,4.0,21500
Kuthiravattom,Villa,1,,13000
Panniyankara,Villa,1,,11500
Mukkam,Villa,3,,31500
Calicut University,Apartment,1,8.0,12000
Puthiyara,Villa,1,,14500
Nadakkavu,Villa,2,,28000
Bilathikulam,House,1,,12000
Medical College,Flat,1,0.0,11000
Nadakkavu,Villa,1,,17000
Mankave,Flat,2,6.0,14500
Koyilandy Road,Apartment,2,1.0,16000
Feroke,Villa,1,,11000
Mankave,Flat,3,3.0,25000
Palayam,Apartment,4,12.0,51000
Chevayur,Flat,4,4.0,48000
Puthiyara,Flat,3,2.0,27000
Malaparamba,Flat,3,7.0,23500
Bilathikulam,Flat,3,1.0,29500
Mathara,House,3,,28500
Panniyankara,Flat,1,3.0,7500
Puthiyara,Flat,1,4.0,10000
Bilathikulam,Flat,1,1.0,9500
Kottuli,Flat,3,7.0,22000
Kottuli,House,1,,8500
Kuthiravattom,Apartment,1,7.0,7500
Nadakkavu,Villa,2,,27000
Kuthiravattom,House,2,,17000
Malaparamba,Flat,1,7.0,8500
Kuthiravattom,Flat,2,8.0,14500
Mukkam,Flat,2,6.0,13000
Kuthiravattom,Flat,3,2.0,21500
Eranhipalam,Apartment,1,6.0,10500
Koyilandy Road,House,1,,10000
Bilathikulam,Flat,2,1.0,16000
Mathara,House,4,,44500
Chevayur,Apartment,1,14.0,10000
Mathara,Flat,3,3.0,24500
Mankave,Flat,2,2.0,15000
Bilathikulam,Flat,2,1.0,18000
Koyilandy Road,Villa,2,,23000
Vellimadukunnu,Apartment,3,9.0,24500
Kunnamangalam,Apartment,2,1.0,10500
Thiruvannur,Apartment,2,12.0,11500
Kottuli,Apartment,2,0.0,13500
Mukkam,Apartment,3,0.0,21500
Beach Road,Apartment,1,9.0,11500
Nadakkavu,Flat,2,8.0,17500
Chevayur,Apartment,3,5.0,31500
Beach Road,Flat,2,0.0,21500
Kuthiravattom,Apartment,1,1.0,9000
Beach Road,Apartment,3,6.0,38000
Chevayur,Flat,2,3.0,19500
Balussery,Apartment,1,12.0,7500
Malaparamba,Flat,2,6.0,14500
Nadakkavu,Flat,1,1.0,9500
Kuthiravattom,Apartment,3,1.0,26000
Balussery,Flat,2,0.0,11500
Feroke,House,1,,9000
Koyilandy Road,Villa,3,,40500
Malaparamba,Apartment,4,8.0,42000
Thiruvannur,Flat,3,8.0,16500
Kuthiravattom,Flat,2,5.0,15500
Kunnamangalam,Villa,2,,15500
Kottuli,Flat,2,6.0,13500
Bilathikulam,Apartment,2,0.0,17500
Medical College,Flat,2,1.0,20500
Nadakkavu,Villa,4,,73500
Kottuli,Apartment,2,4.0,14000
Panniyankara,Flat,3,4.0,22500
Medical College,House,1,,14500
Puthiyara,Apartment,3,1.0,30000
Mathara,Apartment,2,14.0,15500
Mankave,Apartment,3,12.0,26000
Medical College,Villa,1,,18500
Palayam,Apartment,2,3.0,20000
Mavoor Road,Apartment,2,9.0,20500
Mavoor Road,Villa,3,,51500
Nadakkavu,Apartment,1,9.0,11500
Nadakkavu,Apartment,2,7.0,20500
Nadakkavu,Flat,3,0.0,28000
Palayam,Villa,3,,46500
Calicut University,Apartment,2,6.0,22500
Eranhipalam,Apartment,2,8.0,19500
Beach Road,Apartment,2,12.0,23500
Panniyankara,Villa,2,,22000
Bilathikulam,Apartment,1,0.0,10000
Palayam,Apartment,1,3.0,11000
Mathara,Flat,1,7.0,8500
Kuthiravattom,Flat,1,5.0,8500
Mukkam,House,2,,15000
Eranhipalam,House,2,,20000
Kottuli,Apartment,1,13.0,7500
Thondayad,House,2,,20000
Puthiyara,Apartment,4,3.0,49000
Kottuli,Apartment,2,5.0,13500
Thondayad,Flat,2,3.0,16500
Beach Road,Apartment,1,8.0,11500
Feroke,Villa,2,,19500
Mukkam,Villa,2,,19000
Thiruvannur,Flat,2,0.0,10000
Koyilandy Road,Flat,2,5.0,14500
Eranhipalam,Apartment,1,1.0,9500
Eranhipalam,Flat,4,8.0,40000
Thondayad,Flat,3,5.0,28500
Chevayur,Apartment,2,4.0,19000
Mankave,House,1,,10500
Koduvally,Flat,2,1.0,11000
Thiruvannur,Flat,1,6.0,6000
Medical College,Apartment,1,13.0,13000
Calicut University,Apartment,2,8.0,20000
Mavoor Road,Apartment,2,15.0,20500
Panniyankara,Apartment,1,11.0,8000
Kuthiravattom,Apartment,2,3.0,15000
Koyilandy Road,Apartment,2,13.0,15500
Bilathikulam,Apartment,1,10.0,10000
Mathara,Apartment,3,6.0,27500
Nadakkavu,House,1,,13000
Koduvally,Apartment,2,10.0,12000
Panniyankara,Apartment,1,1.0,8000
Vellimadukunnu,Flat,3,5.0,22500
Feroke,Flat,4,8.0,32000
Thondayad,Apartment,3,11.0,29000
Panniyankara,Villa,2,,22000
Panniyankara,Apartment,2,15.0,16000
Bilathikulam,Flat,1,0.0,8500
Calicut University,Flat,1,7.0,10500
Chevayur,House,4,,56500
Nadakkavu,Flat,1,7.0,9500
Calicut University,Villa,2,,33000
Palayam,Apartment,2,0.0,18500
Palayam,Flat,2,1.0,18000
Medical College,Flat,4,4.0,54000
Malaparamba,Apartment,1,7.0,9000
Calicut University,Apartment,2,8.0,20000
Puthiyara,Apartment,1,13.0,9500
Mukkam,Villa,3,,33500
Mukkam,Apartment,2,13.0,13500
Panniyankara,Apartment,1,15.0,8000
Ulliyeri,Flat,2,1.0,10000
Malaparamba,Flat,1,7.0,8000
Bilathikulam,Flat,2,5.0,18000
Panniyankara,Villa,2,,21500
Nadakkavu,Apartment,1,4.0,12000
Chevayur,Villa,2,,27000
Panniyankara,Flat,2,8.0,13500
Mavoor Road,Villa,3,,49500
Mathara,Apartment,2,2.0,16500
Koyilandy Road,Apartment,4,12.0,39500
Kuthiravattom,Apartment,2,4.0,14500
Nadakkavu,Apartment,2,8.0,19000
Puthiyara,Flat,2,4.0,18500
Mankave,Flat,1,1.0,8500
Medical College,Apartment,2,5.0,23500
Kuthiravattom,Villa,1,,12500
Eranhipalam,Apartment,2,1.0,18000
Calicut University,House,3,,44000
Thondayad,Flat,2,5.0,17500
Panniyankara,Flat,2,8.0,13500
Balussery,Apartment,1,13.0,7000
Koyilandy Road,Apartment,3,13.0,25500
Bilathikulam,Apartment,2,15.0,18500
Calicut University,Villa,1,,18500
Mankave,Apartment,3,11.0,24500
Puthiyara,House,2,,20500
Mavoor Road,Apartment,1,6.0,13500
Eranhipalam,Villa,2,,25500
Puthiyara,Apartment,1,9.0,10500
Nadakkavu,Apartment,2,14.0,18500
Mankave,Villa,1,,12500
Vellimadukunnu,Flat,2,4.0,13500
Mathara,Flat,2,8.0,15000
Thiruvannur,Apartment,1,3.0,6500
Mavoor Road,Flat,2,1.0,20500
Panniyankara,Flat,3,5.0,22500
Mathara,Flat,1,8.0,8000
Koyilandy Road,Flat,2,7.0,15500
Medical College,Apartment,2,14.0,21500
Bilathikulam,Apartment,1,13.0,10500
Calicut University,Villa,3,,55000
Palayam,Flat,2,0.0,16500
Mavoor Road,Apartment,2,9.0,22000
Calicut University,Apartment,2,10.0,22500
Koduvally,Apartment,2,11.0,12500
Palayam,Villa,2,,29500
Puthiyara,Apartment,2,15.0,20000
Mukkam,Flat,1,0.0,6000
Puthiyara,Apartment,3,13.0,31500
Calicut University,Flat,1,6.0,12000
Bilathikulam,Flat,2,3.0,18500
Balussery,Apartment,1,8.0,6500
Calicut University,Apartment,3,4.0,40000
Palayam,Flat,3,2.0,32000
Mukkam,Flat,3,4.0,20000
Mathara,Apartment,1,0.0,8000
Beach Road,Apartment,3,10.0,38500
Kuthiravattom,Villa,3,,39000
Palayam,Flat,1,1.0,10000
Medical College,Villa,1,,17000
Panniyankara,Apartment,1,9.0,8000
Bilathikulam,Apartment,1,13.0,10500
Feroke,Flat,3,1.0,21500
Balussery,Apartment,2,7.0,12500
Bilathikulam,Apartment,2,13.0,19500
Thondayad,Flat,1,5.0,8500
Balussery,Villa,4,,46000
Panniyankara,Flat,2,6.0,14500
Mankave,Flat,1,3.0,7500
Palayam,Apartment,2,10.0,18500
Eranhipalam,Apartment,3,3.0,32000
Thiruvannur,Villa,2,,16500
Beach Road,Apartment,3,11.0,38000
Mukkam,Flat,2,3.0,11500
Mathara,Villa,1,,13000
Vellimadukunnu,Apartment,4,6.0,36000
Puthiyara,Apartment,2,2.0,20500
Bilathikulam,Flat,2,2.0,16500
Mankave,Flat,2,5.0,15000
Chevayur,Flat,3,6.0,30000
Mukkam,Flat,2,7.0,11500
Kottuli,Flat,2,7.0,13000
Puthiyara,Flat,1,5.0,10500
Calicut University,Apartment,1,9.0,11500
Eranhipalam,Apartment,2,8.0,17500
Beach Road,Flat,3,6.0,37000
Calicut University,House,3,,39000
Palayam,Flat,2,7.0,19500
Thondayad,House,3,,34500
Medical College,Flat,1,6.0,10500
Mukkam,Apartment,1,14.0,7500
Medical College,Flat,2,0.0,19000
Palayam,Flat,3,8.0,31000
Thiruvannur,Flat,1,5.0,6000
Chevayur,Apartment,3,1.0,32500
Vellimadukunnu,Flat,3,2.0,22000
Medical College,Apartment,1,0.0,11000
Vellimadukunnu,Villa,2,,22000
Chevayur,Flat,1,5.0,10500
Nadakkavu,Flat,2,8.0,17500
Nadakkavu,Apartment,2,11.0,20000
Puthiyara,Apartment,2,7.0,19500
Balussery,Flat,1,2.0,6500
Mavoor Road,Apartment,2,15.0,22500
Puthiyara,Flat,2,3.0,16500
Ulliyeri,Flat,1,3.0,5500
Chevayur,Apartment,2,1.0,19000
Beach Road,Villa,2,,31500
Thiruvannur,Apartment,2,1.0,12500
Thiruvannur,Apartment,2,0.0,11000
Puthiyara,Flat,4,1.0,40000
Chevayur,Villa,2,,29000
Bilathikulam,Apartment,2,11.0,19500
Thondayad,Apartment,2,2.0,16500
Mankave,House,2,,20000
Kottuli,Flat,3,6.0,22000
Beach Road,Villa,3,,52500
Malaparamba,Flat,3,5.0,24500
Mathara,Apartment,3,13.0,23500
Balussery,House,2,,14500
Kunnamangalam,Flat,2,0.0,10000
Chevayur,Flat,2,1.0,18500
Balussery,Villa,2,,19500
Koyilandy Road,Apartment,1,3.0,8500
Thondayad,Apartment,3,5.0,28000
Medical College,House,2,,23500
Kuthiravattom,Flat,3,4.0,23500
Vellimadukunnu,Flat,3,2.0,24000
Thondayad,Apartment,1,2.0,10000
Thondayad,Apartment,1,7.0,9500
Thondayad,Flat,3,7.0,25000
Mankave,Apartment,2,2.0,16500
Malaparamba,Apartment,1,5.0,9000
Medical College,Apartment,3,5.0,35000
Beach Road,Apartment,2,1.0,22500
Vellimadukunnu,Villa,2,,20500
Thondayad,Apartment,2,12.0,17000
Palayam,Apartment,3,6.0,34500
Nadakkavu,Flat,3,3.0,31000
Puthiyara,Apartment,1,14.0,10500
Panniyankara,Apartment,3,14.0,23500
Mavoor Road,Apartment,3,0.0,34000
Mavoor Road,Flat,3,5.0,36500
Mavoor Road,Apartment,2,11.0,23000
Chevayur,Apartment,3,8.0,33500
Puthiyara,House,3,,36000
Puthiyara,Apartment,2,6.0,20000
Chevayur,Flat,3,6.0,29500
Thiruvannur,Flat,4,0.0,26000
Feroke,Flat,1,4.0,6500
Puthiyara,Flat,3,1.0,30000
Kottuli,Flat,1,1.0,7500
Nadakkavu,Flat,1,5.0,11000
Bilathikulam,Apartment,3,8.0,28500
Malaparamba,House,3,,29500
Kuthiravattom,Villa,1,,12000
Palayam,Flat,3,4.0,30500
Mathara,Villa,3,,39000
Balussery,Apartment,2,0.0,13000
Bilathikulam,House,2,,21500
Mankave,Apartment,2,0.0,15500
Balussery,Apartment,2,14.0,13000
Mavoor Road,Apartment,2,8.0,23000
Mankave,Flat,2,4.0,15500
Kunnamangalam,Flat,2,7.0,10500
Vellimadukunnu,Apartment,1,7.0,7500
Nadakkavu,Flat,2,6.0,19500
Vellimadukunnu,Flat,3,3.0,22500
Koduvally,Apartment,3,9.0,19000
Mavoor Road,Apartment,3,2.0,35000
Vellimadukunnu,Apartment,3,10.0,23000
Puthiyara,Flat,2,8.0,18500
Malaparamba,House,2,,19500
Eranhipalam,Apartment,2,1.0,17500
Mathara,Flat,4,5.0,37500
Koyilandy Road,Apartment,1,11.0,9500
Thondayad,Flat,4,5.0,37000
Vellimadukunnu,House,3,,28000
Palayam,Apartment,3,5.0,35000
Koduvally,Flat,3,1.0,19500
Nadakkavu,Apartment,4,9.0,46500
Thondayad,Flat,2,3.0,16000
Kuthiravattom,Villa,2,,23500
Puthiyara,Flat,1,7.0,10000
Chevayur,Apartment,2,12.0,19000
Mankave,Apartment,2,10.0,17000
Kottuli,Apartment,3,3.0,22000
Medical College,Flat,4,0.0,48500
Puthiyara,Apartment,2,0.0,17500
Bilathikulam,Apartment,4,10.0,42000
Mavoor Road,Apartment,4,7.0,51000
Thiruvannur,Flat,3,4.0,19000
Koyilandy Road,Apartment,1,6.0,10000
Thiruvannur,Villa,3,,30500
Vellimadukunnu,Apartment,1,6.0,7500
Mankave,Villa,2,,23500
Medical College,Apartment,3,1.0,38000
Puthiyara,Villa,1,,15500
Bilathikulam,Apartment,1,13.0,10000
Kuthiravattom,Flat,2,7.0,13500
Bilathikulam,Villa,2,,25000
Puthiyara,Flat,1,8.0,10000
Nadakkavu,Villa,3,,45500
Palayam,Villa,2,,31000
Ulliyeri,Flat,2,0.0,10000
Nadakkavu,Apartment,3,14.0,32000
Nadakkavu,Apartment,2,15.0,19000
Mathara,Flat,2,8.0,13500
Kunnamangalam,Flat,3,6.0,17500
Kunnamangalam,Villa,1,,8500
Beach Road,Apartment,1,5.0,13500
Palayam,Flat,3,6.0,32000
Nadakkavu,Flat,1,3.0,10000
Calicut University,Flat,1,0.0,11000
Puthiyara,Flat,2,5.0,18500
Balussery,Apartment,2,15.0,13000
Eranhipalam,Apartment,2,10.0,19000
Mankave,Apartment,2,5.0,17000
Panniyankara,House,2,,18000
Balussery,Flat,1,0.0,6000
Chevayur,Apartment,1,5.0,11000
Mathara,Flat,1,1.0,8000
Mathara,Apartment,1,6.0,9500
Kuthiravattom,Apartment,3,6.0,26000
Vellimadukunnu,Apartment,4,14.0,34000
Mukkam,House,2,,14000
Kottuli,Flat,3,8.0,20000
Panniyankara,Apartment,2,8.0,15500
Vellimadukunnu,House,2,,17000
Beach Road,Apartment,3,8.0,35000
Mankave,Flat,1,4.0,8000
Kunnamangalam,Flat,2,5.0,10500
Puthiyara,Apartment,1,2.0,10000
Chevayur,Villa,3,,44500
Malaparamba,Apartment,2,0.0,14500
Thondayad,House,2,,19000
Kuthiravattom,Apartment,4,1.0,38500
Puthiyara,Villa,3,,45500
Bilathikulam,Apartment,2,2.0,19000
Kottuli,Flat,2,7.0,13000
Mankave,Apartment,1,8.0,8000
Mavoor Road,Flat,1,2.0,11000
Malaparamba,Apartment,2,1.0,17500
Vellimadukunnu,Flat,1,0.0,7000
Balussery,Apartment,3,12.0,21000
Thondayad,Villa,3,,43500
Medical College,Flat,2,5.0,21000
Puthiyara,Flat,1,1.0,10000
Chevayur,Apartment,2,5.0,20000
Mavoor Road,Apartment,1,0.0,12500
Nadakkavu,House,2,,21500
Thondayad,Flat,1,6.0,9500
Koyilandy Road,Apartment,1,3.0,9500
Nadakkavu,Apartment,2,14.0,18000
Thiruvannur,Villa,2,,18500
Nadakkavu,Apartment,2,15.0,20500
Beach Road,Villa,1,,18000
Mathara,Villa,2,,24000
Kottuli,Apartment,1,14.0,8000
Eranhipalam,Flat,2,0.0,16500
Thiruvannur,Flat,3,5.0,19000
Eranhipalam,Villa,1,,14000
Puthiyara,Apartment,2,9.0,19000
Eranhipalam,Apartment,2,13.0,19500
Kottuli,Apartment,2,2.0,14500
Nadakkavu,Flat,1,2.0,10000
Thondayad,House,2,,19500
Feroke,Apartment,1,0.0,7500
Panniyankara,Apartment,2,0.0,15000
Koyilandy Road,Flat,2,8.0,15500
Vellimadukunnu,Villa,3,,37000
Koyilandy Road,Flat,2,2.0,16000
Chevayur,Apartment,1,8.0,11000
Mukkam,Villa,1,,10500
Mankave,Flat,3,0.0,22000
Bilathikulam,Apartment,4,12.0,44500
Chevayur,Flat,1,7.0,9000
Chevayur,Apartment,2,14.0,19500
Medical College,Villa,3,,52000
Malaparamba,Flat,3,8.0,25500
Nadakkavu,Flat,3,6.0,32000
Koyilandy Road,Flat,2,6.0,16000
Eranhipalam,Villa,3,,45500
Mankave,Flat,3,5.0,25000
Kottuli,Apartment,1,13.0,8000
Thondayad,Apartment,2,2.0,18000
Thondayad,Flat,2,2.0,17000
Thondayad,Villa,2,,25000
Chevayur,Apartment,2,6.0,21000
Panniyankara,Flat,4,4.0,35500
Palayam,Apartment,2,12.0,21000
Bilathikulam,Villa,2,,28500
Eranhipalam,Apartment,3,12.0,29500
Malaparamba,Apartment,3,5.0,29500
Balussery,Apartment,4,14.0,31500
Koyilandy Road,Apartment,4,14.0,37500
Chevayur,Apartment,1,2.0,10500
Calicut University,Apartment,2,5.0,20500
Feroke,Apartment,3,14.0,22500
Medical College,Villa,2,,32500
Koyilandy Road,Flat,2,8.0,14000
Vellimadukunnu,Apartment,2,11.0,14500
Chevayur,Flat,2,5.0,19500
Kottuli,House,2,,17500
Eranhipalam,House,2,,20000
Kottuli,House,2,,15500
Thondayad,Flat,2,7.0,16000
Thondayad,Apartment,3,3.0,29500
Medical College,Villa,2,,33500
Balussery,House,2,,15500
Thondayad,House,2,,20000
Vellimadukunnu,Flat,2,7.0,12500
Koduvally,Villa,3,,30000
Bilathikulam,Flat,4,4.0,44500
Feroke,Apartment,4,9.0,33500
Kottuli,Villa,2,,19000
Bilathikulam,Villa,4,,69000
Balussery,Flat,2,6.0,11500
Puthiyara,House,1,,11500
Puthiyara,Flat,4,7.0,39000
Medical College,Apartment,3,7.0,34500
Mavoor Road,Apartment,2,12.0,21500
Mukkam,Apartment,3,15.0,20000
Kunnamangalam,Villa,1,,9500
Mathara,Flat,2,7.0,14500
Eranhipalam,Apartment,3,14.0,28500
Mathara,Flat,2,8.0,14500
Vellimadukunnu,Apartment,2,14.0,14500
Thondayad,House,3,,30000
Kottuli,Flat,2,2.0,13500
Calicut University,Apartment,2,3.0,21500
Vellimadukunnu,House,1,,9000
Kottuli,Villa,2,,20500
Feroke,Apartment,3,14.0,22500
Eranhipalam,Flat,3,5.0,30000
Bilathikulam,Flat,2,8.0,17500
Nadakkavu,Apartment,2,0.0,19500
Mathara,Flat,1,8.0,7500
Mankave,Apartment,1,12.0,9000
Thondayad,Flat,2,5.0,15500
Thondayad,Apartment,2,10.0,15500
Chevayur,Villa,1,,15500
Kottuli,Flat,3,5.0,22000
Panniyankara,Apartment,3,13.0,25500
Bilathikulam,Apartment,3,0.0,29500
Kottuli,Flat,2,4.0,12500
Beach Road,House,3,,47500
Malaparamba,Apartment,1,11.0,9500
Beach Road,House,1,,15000
Koyilandy Road,Apartment,3,0.0,24500
Mathara,House,2,,18000
Beach Road,Apartment,3,7.0,39500
Chevayur,Apartment,2,1.0,20000
Koduvally,Flat,2,7.0,11000
Panniyankara,Flat,2,5.0,13500
Nadakkavu,Flat,2,0.0,18000
Koyilandy Road,Apartment,2,7.0,15500
Malaparamba,Flat,4,7.0,39000
Kuthiravattom,Apartment,1,15.0,8500
Eranhipalam,Villa,2,,25000
Mavoor Road,Flat,2,7.0,20500
Thiruvannur,House,1,,8000
Kottuli,Apartment,2,1.0,15000
Puthiyara,Apartment,3,6.0,30500
Nadakkavu,Apartment,1,8.0,11500
Mathara,Flat,3,5.0,25500
Ulliyeri,Apartment,2,4.0,12000
Eranhipalam,Apartment,3,14.0,27500
Mathara,Flat,3,6.0,25500
Nadakkavu,Apartment,2,6.0,19500
Mathara,Apartment,2,12.0,15500
Chevayur,Flat,2,2.0,18500
Panniyankara,Flat,1,5.0,7500
Panniyankara,Apartment,4,14.0,33500
Beach Road,Flat,2,7.0,22500
Kottuli,Apartment,2,4.0,15500
Medical College,Apartment,2,14.0,20000
Thondayad,Apartment,3,12.0,29500
Bilathikulam,Flat,2,0.0,16000
Puthiyara,House,1,,12500
Mathara,Apartment,2,10.0,16000
Feroke,Villa,3,,31500
Chevayur,Apartment,3,2.0,30000
Puthiyara,House,2,,20500
Bilathikulam,Apartment,2,0.0,17500
Kuthiravattom,Flat,2,3.0,14500
Calicut University,Apartment,1,11.0,12000
Koyilandy Road,Flat,1,8.0,8000
Panniyankara,Villa,3,,36500
Koyilandy Road,Apartment,1,1.0,9500
Puthiyara,Villa,2,,28500
Calicut University,Apartment,3,3.0,37500
Malaparamba,Flat,1,8.0,8000
Vellimadukunnu,Apartment,1,10.0,8000
Mankave,Apartment,1,15.0,9000
Kuthiravattom,Apartment,1,6.0,8500
Balussery,Apartment,4,13.0,31000
Beach Road,Apartment,1,12.0,12000
Eranhipalam,Apartment,3,7.0,29000
Kottuli,Apartment,2,14.0,13000
Mankave,Apartment,2,10.0,14500
Panniyankara,Apartment,1,15.0,8000
Mavoor Road,Apartment,1,0.0,11000
Balussery,Apartment,2,11.0,12000
Nadakkavu,Apartment,2,6.0,19000
Medical College,Apartment,3,6.0,35500
Vellimadukunnu,Apartment,1,10.0,8500
Puthiyara,House,3,,34000
Mathara,Apartment,1,9.0,8500
Thiruvannur,Apartment,2,3.0,12500
Mathara,Flat,3,3.0,24000
Mankave,Apartment,2,1.0,15000
Beach Road,Villa,2,,32500
Koduvally,Villa,3,,28500
Chevayur,Villa,2,,29500
Calicut University,Apartment,3,3.0,37000
Kuthiravattom,Apartment,2,1.0,14500
Puthiyara,Flat,4,2.0,43000
Balussery,Flat,4,3.0,28000
Vellimadukunnu,Villa,2,,20500
Balussery,Apartment,2,4.0,13500
Mavoor Road,Flat,2,0.0,20000
Panniyankara,Villa,2,,20500
Calicut University,House,1,,13000
Chevayur,Flat,2,1.0,18000
Eranhipalam,Apartment,1,9.0,10000
Bilathikulam,Flat,2,4.0,18000
Palayam,Apartment,3,8.0,35500
Palayam,Apartment,3,11.0,30500
Kottuli,Apartment,2,11.0,14500
Mankave,Apartment,1,14.0,9000
Puthiyara,Apartment,2,6.0,20000
Mavoor Road,Apartment,3,1.0,39500
Eranhipalam,Apartment,3,13.0,31000
Feroke,Villa,2,,20500
Panniyankara,Apartment,1,10.0,8500
Chevayur,Apartment,2,5.0,20500
Kunnamangalam,Apartment,2,15.0,11500
Ulliyeri,Flat,3,3.0,18000
Eranhipalam,Apartment,1,14.0,9500
Kuthiravattom,Villa,1,,13000
Mathara,Apartment,2,8.0,15000
Mathara,Apartment,2,6.0,16000
Calicut University,House,1,,13500
Koyilandy Road,Flat,3,4.0,25000
Bilathikulam,Flat,3,2.0,28000
Mathara,Flat,2,3.0,15000
Ulliyeri,Apartment,4,10.0,26000
Mavoor Road,Flat,2,5.0,20500
Nadakkavu,Apartment,2,6.0,20500
Mankave,Villa,2,,25500
Panniyankara,Flat,1,5.0,8000
Eranhipalam,Apartment,2,9.0,17000
Balussery,Villa,1,,9500
Koduvally,Flat,1,2.0,6500
Calicut University,House,3,,43500
Puthiyara,Apartment,2,0.0,19000
Puthiyara,Apartment,3,6.0,31500
Kottuli,Apartment,2,2.0,13500
Chevayur,House,2,,22500
Bilathikulam,Flat,3,8.0,27500
Bilathikulam,Flat,2,5.0,17500
Eranhipalam,Apartment,1,9.0,10000
Malaparamba,Apartment,2,0.0,15000
Mankave,Apartment,3,9.0,25000
Mavoor Road,Flat,3,7.0,35000
Kottuli,Apartment,2,15.0,14000
Kunnamangalam,Apartment,2,15.0,10500
Kottuli,Apartment,3,10.0,24000
Koduvally,Apartment,3,6.0,21500
Nadakkavu,Apartment,4,5.0,50000
Koyilandy Road,Flat,2,4.0,14500
Mukkam,House,3,,23000
Thiruvannur,Apartment,1,10.0,6000
Puthiyara,Apartment,1,1.0,10500
Koduvally,Villa,3,,31000
Chevayur,Flat,3,0.0,28000
Mavoor Road,Flat,3,8.0,33000
Medical College,Flat,4,2.0,50000
Kuthiravattom,Flat,1,4.0,8000
Nadakkavu,Apartment,1,14.0,10000
Koyilandy Road,Apartment,1,12.0,9500
Kunnamangalam,Flat,1,2.0,5500
Medical College,House,2,,24500
Bilathikulam,Apartment,1,5.0,11000
Feroke,Apartment,2,10.0,13500
Thondayad,Apartment,1,0.0,9500
Kottuli,Apartment,1,5.0,8500
Mukkam,Apartment,3,11.0,20000
Beach Road,Apartment,1,15.0,12500
Puthiyara,Apartment,2,8.0,17500
Ulliyeri,Apartment,3,13.0,19000
Puthiyara,Flat,1,1.0,10000
Medical College,Apartment,3,1.0,37500
Koyilandy Road,Apartment,4,13.0,41500
Vellimadukunnu,Apartment,2,6.0,15500
Medical College,Flat,2,0.0,20500
Thondayad,Villa,4,,61500
Kuthiravattom,Flat,2,5.0,13500
Koyilandy Road,Apartment,2,11.0,17000
Vellimadukunnu,Apartment,1,5.0,8000
Panniyankara,House,2,,17000
Bilathikulam,Flat,2,1.0,16000
Koyilandy Road,Flat,2,3.0,15500
Bilathikulam,Flat,2,7.0,17000
Panniyankara,Villa,2,,20000
Malaparamba,Apartment,2,5.0,18500
Eranhipalam,Flat,1,7.0,8500
Thondayad,Flat,1,0.0,8000
Medical College,Apartment,3,12.0,36000
Mavoor Road,Flat,3,2.0,36000
Kuthiravattom,Flat,3,2.0,22000
Nadakkavu,Flat,2,5.0,19000
Beach Road,Apartment,1,9.0,13000
Malaparamba,Apartment,2,8.0,16500
Palayam,Apartment,2,0.0,18000
Puthiyara,Flat,3,1.0,31000
Mankave,Flat,4,8.0,37000
Mavoor Road,Apartment,1,10.0,11500
Beach Road,Apartment,1,4.0,12500
Mankave,Flat,2,6.0,15500
Mathara,Apartment,3,2.0,27500
Nadakkavu,Apartment,2,12.0,20000
Panniyankara,Flat,2,2.0,13500
Eranhipalam,Flat,2,5.0,17000
Eranhipalam,Villa,3,,43000
Panniyankara,Apartment,3,2.0,26500
Chevayur,Villa,3,,45000
Malaparamba,Villa,2,,26000
Bilathikulam,Flat,3,3.0,27000
Panniyankara,Apartment,3,6.0,25500
Koyilandy Road,Apartment,2,10.0,17000
Mavoor Road,Flat,1,6.0,12000
Mankave,Flat,2,6.0,14500
Vellimadukunnu,Apartment,2,10.0,14500
Chevayur,Apartment,4,6.0,47500
Chevayur,Flat,2,3.0,18000
Palayam,Villa,2,,31000
Koyilandy Road,Flat,3,0.0,23000
Mavoor Road,Villa,2,,30500
Kunnamangalam,Apartment,3,14.0,17500
Feroke,House,1,,9000
Koduvally,House,2,,14000
Palayam,Apartment,1,6.0,12000
Kottuli,House,1,,8500
Mavoor Road,Flat,3,3.0,33500
Koyilandy Road,Villa,3,,40500
Calicut University,Flat,2,4.0,21000
Thondayad,Apartment,4,3.0,38000
Bilathikulam,Apartment,1,8.0,9500
Kuthiravattom,Flat,3,6.0,25000
Thondayad,House,3,,32500
Calicut University,Apartment,1,10.0,12000
Kottuli,Villa,3,,32000
Nadakkavu,Apartment,1,12.0,10000
Thondayad,Flat,2,0.0,16000
Balussery,Flat,1,3.0,7000
Panniyankara,Apartment,3,0.0,25000
Nadakkavu,Flat,1,8.0,9000
Chevayur,Apartment,1,3.0,11500
Beach Road,Apartment,4,15.0,51000
Palayam,Apartment,2,13.0,19500
Ulliyeri,Apartment,2,1.0,12500
Nadakkavu,Apartment,2,13.0,20000
Vellimadukunnu,Flat,1,2.0,7000
Mavoor Road,Villa,1,,18000
Medical College,Flat,2,5.0,19500
Thondayad,Flat,3,0.0,26000
Koduvally,Flat,2,1.0,11000
Eranhipalam,Flat,2,1.0,16000
Bilathikulam,Flat,3,8.0,28500
Bilathikulam,Flat,2,5.0,17500
Mavoor Road,Apartment,1,10.0,12000
Beach Road,Apartment,3,4.0,37000
Thondayad,Flat,2,2.0,16000
Nadakkavu,Flat,2,6.0,20000
Malaparamba,Villa,3,,40500
Kuthiravattom,Apartment,2,1.0,16000
Thondayad,House,2,,20500
Vellimadukunnu,Flat,2,0.0,12000
Malaparamba,Flat,2,8.0,15500
Medical College,Villa,2,,33500
Bilathikulam,Apartment,2,7.0,17500
Vellimadukunnu,Apartment,3,8.0,23000
Mankave,Apartment,3,15.0,26500
Mathara,Villa,2,,23000
Malaparamba,Apartment,3,12.0,26500
Palayam,Apartment,1,10.0,11500
Kottuli,Flat,2,4.0,14500
Mavoor Road,Apartment,2,11.0,22500
Koyilandy Road,Villa,2,,24000
Thondayad,Flat,2,0.0,16000
Puthiyara,Flat,3,3.0,30500
Thondayad,Apartment,1,15.0,9000
Panniyankara,Flat,2,6.0,15000
Panniyankara,Apartment,2,3.0,14500
Thiruvannur,Flat,2,0.0,11000
Vellimadukunnu,Flat,2,4.0,13500
Mavoor Road,Apartment,1,12.0,12500
Malaparamba,Flat,1,2.0,8500
Mankave,Apartment,2,11.0,16500
Calicut University,Apartment,1,3.0,12500
Koyilandy Road,Flat,1,2.0,8000
Balussery,Apartment,1,4.0,7000
Nadakkavu,Flat,3,8.0,30000
Palayam,Flat,2,8.0,18500
Thiruvannur,House,2,,14500
Koduvally,Flat,1,0.0,5500
Chevayur,Apartment,2,9.0,18000
Eranhipalam,Flat,3,2.0,29500
Malaparamba,Apartment,1,10.0,9000
Kottuli,Apartment,2,11.0,14000
Puthiyara,Flat,2,5.0,19000
Malaparamba,Villa,1,,13000
Nadakkavu,Apartment,3,11.0,31000
Ulliyeri,Flat,1,1.0,5500
Bilathikulam,Flat,2,6.0,17500
Puthiyara,Villa,1,,14500
Eranhipalam,Apartment,3,9.0,30000
Mavoor Road,Apartment,2,6.0,22000
Calicut University,Apartment,3,14.0,34500
Medical College,Apartment,3,1.0,35500
Bilathikulam,Apartment,3,6.0,33000
Mukkam,Flat,2,7.0,12000
Malaparamba,Flat,2,6.0,15500
Puthiyara,Apartment,3,7.0,29500
Kuthiravattom,Apartment,1,9.0,8500
Medical College,Apartment,1,11.0,12000
Koduvally,Flat,1,7.0,6000
Mavoor Road,Apartment,3,4.0,38500
Puthiyara,Apartment,2,1.0,20500
Panniyankara,Flat,3,3.0,23500
Mathara,Flat,4,0.0,35500
Chevayur,Flat,1,3.0,10500
Kottuli,Apartment,1,15.0,8000
Calicut University,Flat,2,7.0,18500
Mukkam,House,3,,26000
Nadakkavu,Flat,2,6.0,19500
Koyilandy Road,Flat,1,5.0,8500
Eranhipalam,Apartment,2,3.0,19500
Calicut University,Apartment,4,3.0,53500
Mathara,House,1,,9500
Palayam,Flat,2,1.0,19500
Puthiyara,Apartment,1,0.0,9500
Chevayur,Flat,1,5.0,9500
Kuthiravattom,Apartment,3,10.0,24500
Malaparamba,Apartment,3,13.0,25000
Chevayur,Villa,2,,28000
Palayam,Villa,3,,48000
Mankave,Flat,3,1.0,26000
Thondayad,Apartment,1,3.0,10000
Eranhipalam,Apartment,2,11.0,17500
Palayam,Villa,2,,28500
Eranhipalam,Flat,2,2.0,17000
Puthiyara,Apartment,1,1.0,10500
Mukkam,Apartment,2,9.0,13000
Koyilandy Road,Apartment,2,0.0,15000
Bilathikulam,Apartment,1,9.0,9500
Vellimadukunnu,Apartment,2,3.0,15000
Calicut University,Apartment,3,0.0,36500
Eranhipalam,Flat,3,4.0,30500
Mavoor Road,Flat,2,5.0,22500
Bilathikulam,Apartment,2,12.0,19500
Koyilandy Road,Apartment,3,7.0,25000
Eranhipalam,Apartment,1,11.0,9000
Eranhipalam,Flat,2,6.0,18000
Koyilandy Road,Apartment,3,14.0,27000
Feroke,Apartment,1,14.0,7500
Mathara,Apartment,4,10.0,35500
Thiruvannur,Apartment,1,13.0,6500
Kottuli,Apartment,2,4.0,14500
Koduvally,Villa,1,,10500
Beach Road,Apartment,2,14.0,21000
Chevayur,Apartment,2,11.0,19500
Bilathikulam,Apartment,2,10.0,17500
Eranhipalam,House,2,,21500
Kunnamangalam,Apartment,3,7.0,18500
Panniyankara,Apartment,2,10.0,14500
Ulliyeri,Flat,1,1.0,5500
Puthiyara,Apartment,3,11.0,30000
Kuthiravattom,Apartment,2,12.0,14000
Calicut University,Flat,1,4.0,11500
Calicut University,Apartment,4,9.0,51500
Thondayad,Flat,1,2.0,9000
Medical College,Flat,1,2.0,10500
Kuthiravattom,Flat,3,2.0,25000
Koyilandy Road,Apartment,1,15.0,8500
Nadakkavu,Apartment,1,0.0,10000
Kottuli,Apartment,1,7.0,8000
Balussery,Apartment,3,7.0,21500
Puthiyara,Apartment,2,13.0,20000
Palayam,Apartment,1,0.0,11000
Calicut University,Apartment,1,10.0,12000
Chevayur,Apartment,2,7.0,20500
Thiruvannur,Flat,1,7.0,6000
Eranhipalam,Apartment,2,2.0,17500
Panniyankara,Flat,1,3.0,7500
Medical College,Apartment,2,5.0,21500
Kottuli,Apartment,1,11.0,7000
Balussery,Apartment,1,13.0,7000
Kuthiravattom,Apartment,2,0.0,15500
Mankave,Villa,2,,22500
Kuthiravattom,Apartment,1,14.0,8000
Chevayur,Flat,2,0.0,16000
Malaparamba,Flat,3,8.0,24000
Koduvally,Villa,3,,30000
Mavoor Road,Apartment,2,6.0,22000
Eranhipalam,Villa,2,,28500
Koyilandy Road,Apartment,3,12.0,25500
Eranhipalam,Apartment,2,3.0,19000
Balussery,Villa,3,,33000
Balussery,Flat,1,0.0,6000
Panniyankara,Flat,3,3.0,21000
Nadakkavu,Flat,1,4.0,11000
Kuthiravattom,Flat,3,3.0,23500
Mavoor Road,House,3,,44000
Mathara,Flat,2,7.0,14000
Thondayad,Apartment,1,14.0,10000
Chevayur,Flat,1,5.0,10000
Kuthiravattom,Villa,3,,35500
Kuthiravattom,Villa,1,,13000
Mankave,Flat,2,1.0,14500
Kuthiravattom,Apartment,1,5.0,8500
Feroke,Apartment,3,11.0,21000
Bilathikulam,Apartment,2,14.0,20000
Thiruvannur,Flat,3,7.0,18500
Panniyankara,Apartment,2,9.0,14000
Mathara,Apartment,2,9.0,14500
Medical College,Apartment,2,4.0,24000
Panniyankara,Flat,3,3.0,24000
Palayam,Apartment,1,4.0,10500
Koyilandy Road,Apartment,3,5.0,28500
Beach Road,Apartment,1,2.0,14000
Chevayur,Apartment,2,15.0,19500
Palayam,Apartment,3,10.0,35000
Chevayur,Apartment,2,9.0,18000
Panniyankara,Apartment,3,9.0,23000
Mukkam,Apartment,3,3.0,22000
Thondayad,Apartment,2,13.0,16000
Beach Road,Flat,2,4.0,21000
Medical College,Villa,3,,53500
Calicut University,Apartment,3,8.0,34500
Puthiyara,Flat,2,6.0,17000
Palayam,Flat,3,8.0,30000
Nadakkavu,Flat,2,0.0,18500
Koyilandy Road,Apartment,3,2.0,29000
Mankave,Apartment,2,6.0,15500
Thondayad,Apartment,4,0.0,38000
Beach Road,Apartment,2,1.0,24000
Nadakkavu,Apartment,1,1.0,11000
Medical College,Flat,1,2.0,12000
Eranhipalam,Villa,1,,14000
Kottuli,Apartment,3,6.0,25000
Thiruvannur,Flat,1,4.0,6000
Feroke,Flat,1,2.0,6500
Chevayur,Apartment,1,8.0,10000
Ulliyeri,Flat,2,6.0,12000
Kottuli,Apartment,1,11.0,7000
Malaparamba,Apartment,1,4.0,9500
Vellimadukunnu,Apartment,1,4.0,8500
Mavoor Road,House,2,,26000
Mathara,Apartment,2,0.0,16000
Nadakkavu,Villa,1,,15000
Mankave,Villa,1,,12500
Bilathikulam,Flat,2,8.0,18000
Palayam,Apartment,2,15.0,18500
Calicut University,Apartment,2,2.0,22000
Medical College,Apartment,3,4.0,39000
Nadakkavu,Apartment,1,9.0,11000
Mathara,Villa,2,,23500
Chevayur,Apartment,3,9.0,31000
Mukkam,Apartment,2,1.0,14000
Kuthiravattom,Flat,1,8.0,7500
Eranhipalam,Villa,1,,14000
Kunnamangalam,Flat,3,2.0,16000
Nadakkavu,Flat,3,4.0,30000
Calicut University,House,2,,26000
Eranhipalam,Apartment,2,10.0,18500
Palayam,Apartment,3,8.0,31000
Kottuli,Flat,3,1.0,20000
Mathara,House,1,,10000
Panniyankara,Villa,3,,36500
Medical College,Apartment,1,9.0,11000
Koyilandy Road,Apartment,2,5.0,18000
Bilathikulam,Flat,1,8.0,8500
Mavoor Road,Apartment,2,6.0,22000
Medical College,Apartment,3,15.0,33000
Beach Road,Apartment,3,3.0,36500
Malaparamba,Villa,1,,14000
Chevayur,Flat,1,1.0,10000
Mathara,Flat,4,6.0,34500
Koyilandy Road,Flat,1,4.0,9000
Koduvally,Apartment,2,1.0,11500
Kuthiravattom,Villa,2,,22500
Balussery,Apartment,2,2.0,13000
Malaparamba,Apartment,2,14.0,15500
Mankave,Flat,2,5.0,16500
Mankave,Apartment,2,11.0,15500
Beach Road,Apartment,1,7.0,11500
Nadakkavu,Flat,1,1.0,10500
Beach Road,Flat,1,7.0,12000
Puthiyara,Apartment,2,15.0,18500
Beach Road,Apartment,3,0.0,34000
Palayam,Apartment,2,12.0,19500
Panniyankara,Villa,2,,21000
Calicut University,Apartment,2,12.0,22000
Ulliyeri,Flat,3,3.0,18000
Thiruvannur,Flat,1,0.0,5500
Nadakkavu,Apartment,2,2.0,19500
Koduvally,Apartment,2,5.0,12500
Malaparamba,Flat,1,5.0,8500
Thondayad,House,3,,35000
Kottuli,Villa,1,,11000
Vellimadukunnu,Apartment,1,15.0,7500
Vellimadukunnu,House,3,,27500
Mukkam,Villa,1,,10500
Vellimadukunnu,Flat,2,2.0,13000
Medical College,Villa,4,,81000
Panniyankara,Flat,1,4.0,7500
Balussery,Apartment,1,14.0,7000
Kuthiravattom,Villa,2,,22500
Chevayur,Apartment,3,1.0,30500
Kuthiravattom,House,2,,17000
Koyilandy Road,Apartment,1,11.0,9000
Nadakkavu,Apartment,3,5.0,33500
Mukkam,Villa,3,,29500
Kottuli,Apartment,4,9.0,32500
Thondayad,Villa,1,,14000
Koyilandy Road,Flat,3,1.0,24500
Thondayad,Apartment,2,13.0,15500
Kuthiravattom,Apartment,2,1.0,14500
Mavoor Road,House,3,,44000
Palayam,Apartment,3,10.0,30500
Panniyankara,Flat,3,2.0,23500
Balussery,Apartment,2,7.0,13000
Thiruvannur,Apartment,2,4.0,11500
Nadakkavu,Flat,1,7.0,9500
Puthiyara,Apartment,1,5.0,11500
Kottuli,Villa,2,,21000
Nadakkavu,Apartment,4,11.0,47500
Kunnamangalam,Apartment,2,1.0,11500
Koyilandy Road,Apartment,2,9.0,15000
Beach Road,Apartment,2,15.0,22000
Calicut University,Flat,2,4.0,21000
Mukkam,Flat,2,4.0,13500
Malaparamba,Villa,1,,13000
Balussery,House,2,,13500
Malaparamba,Flat,4,5.0,37500
Vellimadukunnu,Flat,3,0.0,22000
Bilathikulam,Flat,1,1.0,9000
Malaparamba,Apartment,4,3.0,41500
Eranhipalam,Flat,1,5.0,10000
Chevayur,Apartment,2,7.0,19000
Nadakkavu,Villa,2,,28000
Mankave,Apartment,3,0.0,27000
Mathara,Apartment,2,5.0,16500
Thondayad,Apartment,1,7.0,9000
Balussery,Villa,2,,17500
Ulliyeri,Flat,2,6.0,10500
Eranhipalam,Apartment,2,7.0,17000
Kuthiravattom,Apartment,3,15.0,26500
Palayam,House,2,,22000
Medical College,House,2,,27500
Kottuli,Apartment,3,6.0,22500
Thondayad,Flat,2,1.0,16000
Palayam,Flat,3,8.0,28500
Kottuli,Flat,1,4.0,8000
Thiruvannur,Flat,1,2.0,6000
Kuthiravattom,House,2,,17000
Kuthiravattom,Apartment,1,10.0,8500
Calicut University,Flat,2,7.0,19500
Feroke,Flat,2,1.0,13500
Medical College,Apartment,2,5.0,23000
Mukkam,Apartment,1,6.0,7500
Nadakkavu,Flat,3,6.0,32500
Mankave,Apartment,1,5.0,8500
Vellimadukunnu,Flat,3,3.0,23000
Feroke,Flat,2,3.0,13000
Medical College,Flat,3,5.0,32000
Koyilandy Road,Apartment,1,1.0,10000
Kuthiravattom,Apartment,2,9.0,15000
Eranhipalam,Apartment,2,12.0,17500
Mavoor Road,Flat,4,0.0,50500
Malaparamba,Apartment,3,13.0,29000
Panniyankara,Apartment,1,5.0,9000
Malaparamba,Flat,3,7.0,25000
Medical College,Apartment,2,15.0,20000
Nadakkavu,Villa,2,,27000
Bilathikulam,Apartment,2,0.0,17500
Puthiyara,Apartment,2,14.0,19000
Kunnamangalam,Flat,1,8.0,5000
Mankave,Apartment,2,2.0,16500
Calicut University,Apartment,3,10.0,35000
Bilathikulam,Apartment,3,8.0,28500
Chevayur,House,2,,23000
Thiruvannur,Villa,1,,9500
Malaparamba,Apartment,1,5.0,9000
Medical College,Flat,3,6.0,36000
Kuthiravattom,House,3,,28000
Kottuli,Flat,2,5.0,12500
Palayam,Flat,2,0.0,16500
Thondayad,Flat,1,4.0,9500
Kottuli,Flat,2,3.0,13000
Kuthiravattom,Apartment,2,6.0,16000
Vellimadukunnu,Apartment,3,15.0,25000
Beach Road,Flat,2,8.0,21500
Ulliyeri,Flat,1,0.0,5500
Mavoor Road,Apartment,1,13.0,11500
Palayam,Apartment,3,13.0,30500
Thondayad,Flat,2,6.0,16000
Kottuli,Apartment,2,11.0,14000
Balussery,Apartment,1,8.0,6500
Mavoor Road,Flat,2,8.0,20000
Koyilandy Road,Flat,2,5.0,15500
Mankave,Apartment,2,11.0,16000
Mankave,Flat,1,1.0,9000
Beach Road,Flat,3,8.0,34000
Koyilandy Road,Flat,2,7.0,14500
Puthiyara,Apartment,3,8.0,33000
Mavoor Road,Apartment,2,1.0,21500
Nadakkavu,Apartment,1,4.0,11000
Thondayad,Apartment,3,12.0,29500
Kuthiravattom,Flat,2,0.0,14000
Balussery,Apartment,1,12.0,7000
Kuthiravattom,Flat,2,0.0,13000
Balussery,Flat,2,5.0,12000
Chevayur,Flat,1,2.0,9500
Malaparamba,Apartment,2,6.0,17000
Nadakkavu,Flat,3,3.0,30500
Vellimadukunnu,Flat,2,5.0,13500
Medical College,Apartment,2,13.0,21000
Thondayad,Villa,3,,43000
Calicut University,Apartment,1,12.0,12000
Kunnamangalam,Apartment,2,8.0,11000
Bilathikulam,House,2,,20000
Nadakkavu,Flat,1,8.0,10000
Thiruvannur,Villa,3,,28500
Koyilandy Road,Apartment,2,5.0,17000
Vellimadukunnu,Apartment,1,8.0,7500
Feroke,Apartment,2,2.0,14000
Mavoor Road,Villa,3,,58000
Nadakkavu,Flat,2,3.0,18500
Chevayur,Flat,2,1.0,18000
Beach Road,Flat,2,3.0,20500
Palayam,Villa,3,,49000
Nadakkavu,Apartment,2,0.0,19500
Puthiyara,Apartment,4,10.0,42500
Mavoor Road,Apartment,1,2.0,12500
Thondayad,Apartment,3,4.0,29500
Eranhipalam,Apartment,1,3.0,10500
Thondayad,House,1,,11500
Panniyankara,House,3,,29500
Malaparamba,Apartment,3,9.0,25500
Mukkam,Flat,1,7.0,7000
Chevayur,Flat,2,4.0,18000
Malaparamba,Apartment,1,9.0,9000
Nadakkavu,Flat,2,5.0,17500
Palayam,Flat,2,5.0,18500
Kottuli,Flat,3,7.0,22500
Mukkam,Apartment,1,14.0,7000
Palayam,Flat,4,4.0,45000
Chevayur,Apartment,2,15.0,19000
Mathara,Apartment,3,6.0,27000
Kunnamangalam,Apartment,3,12.0,19000
Kottuli,House,3,,26500
Kuthiravattom,Apartment,1,9.0,8000
Bilathikulam,Apartment,1,14.0,10500
Kuthiravattom,Villa,1,,13000
Mathara,Apartment,1,3.0,8500
Chevayur,Flat,3,7.0,27000
Mathara,Villa,3,,38000
Mankave,Flat,2,5.0,15500
Koyilandy Road,Apartment,1,12.0,8500
Kuthiravattom,Flat,2,3.0,13000
Eranhipalam,Flat,1,1.0,9000
Koduvally,Villa,1,,9500
Mathara,Apartment,2,0.0,15000
Chevayur,Villa,3,,46000
Thondayad,Apartment,3,14.0,26500
Kuthiravattom,Villa,2,,21500
Eranhipalam,Flat,3,8.0,28000
Thondayad,Villa,3,,43500
Bilathikulam,Apartment,2,15.0,19500
Thondayad,Apartment,1,13.0,10000
Nadakkavu,Apartment,3,14.0,30500
Thondayad,Flat,2,7.0,15000
Mathara,Flat,1,4.0,8000
Panniyankara,Flat,2,4.0,13000
Balussery,Flat,2,5.0,12500
Chevayur,Flat,3,3.0,29000
Palayam,Flat,2,8.0,18000
Ulliyeri,Apartment,2,4.0,13000
Bilathikulam,Flat,2,1.0,18500
Puthiyara,Flat,3,0.0,27500
Thiruvannur,Flat,2,8.0,11000
Beach Road,Flat,2,8.0,22500
Vellimadukunnu,Apartment,2,7.0,14500
Chevayur,Apartment,2,6.0,20500
Mavoor Road,Apartment,3,14.0,37000
Thondayad,Apartment,1,3.0,9500
Koyilandy Road,Flat,1,5.0,8500
Calicut University,Flat,2,0.0,18000
Bilathikulam,Apartment,3,5.0,30500
Koduvally,House,1,,8000
Nadakkavu,Flat,2,6.0,19500
Chevayur,Apartment,2,3.0,20500
Palayam,Flat,1,6.0,11000
Calicut University,Flat,3,0.0,29000
Eranhipalam,Flat,1,1.0,9000
Panniyankara,Apartment,3,10.0,25500
Panniyankara,Flat,3,2.0,21500
Mankave,Flat,1,7.0,8500
Mathara,Flat,2,0.0,13000
Nadakkavu,Villa,2,,29000
Mankave,Flat,2,5.0,15000
Panniyankara,Flat,2,4.0,15000
Vellimadukunnu,Villa,3,,34500
Koyilandy Road,House,1,,10500
Mankave,Apartment,2,11.0,15000
Puthiyara,House,1,,12500
Palayam,Villa,2,,27500
Thondayad,Villa,1,,14000
Medical College,Apartment,2,2.0,21500
Mavoor Road,Villa,1,,17500
Panniyankara,Apartment,3,6.0,25500
Bilathikulam,Apartment,2,3.0,17500
Beach Road,Villa,3,,59500
Chevayur,House,2,,21500
Mukkam,House,1,,8000
Beach Road,Apartment,3,10.0,36500
Koyilandy Road,Apartment,2,8.0,16000
Panniyankara,Flat,2,4.0,13000
Thondayad,Villa,3,,44000
Eranhipalam,Apartment,2,0.0,16000
Calicut University,Flat,3,5.0,35500
Eranhipalam,Apartment,3,14.0,27500
Nadakkavu,House,2,,23500
Calicut University,Flat,1,4.0,10500
Thondayad,Apartment,2,10.0,18000
Kottuli,Flat,2,7.0,14000
Mathara,Flat,4,0.0,33000
Nadakkavu,Flat,3,1.0,30500
Calicut University,Apartment,2,0.0,19000
Balussery,Flat,3,0.0,17000
Kunnamangalam,Apartment,3,3.0,17500
Ulliyeri,Apartment,2,7.0,12500
Palayam,Apartment,2,14.0,18500
Nadakkavu,Apartment,2,11.0,19500
Palayam,Apartment,1,12.0,10500
Puthiyara,Flat,2,3.0,17500
Thondayad,Apartment,2,8.0,17000
Koyilandy Road,Flat,2,2.0,15000
Kottuli,House,3,,29000
Nadakkavu,Apartment,1,11.0,10500
Thondayad,Apartment,3,8.0,28000
Chevayur,Flat,2,8.0,17000
Eranhipalam,Flat,2,8.0,17000
Kuthiravattom,Flat,4,1.0,35000
Eranhipalam,Apartment,4,15.0,44500
Calicut University,Flat,3,4.0,31500
Chevayur,Flat,1,8.0,9000
Panniyankara,Flat,2,3.0,14000
Vellimadukunnu,Flat,1,3.0,7500
Bilathikulam,Flat,2,3.0,16500
Nadakkavu,Apartment,2,3.0,19500
Chevayur,Flat,2,2.0,16500
Kunnamangalam,Flat,2,4.0,10500
Thondayad,Apartment,3,12.0,25500
Beach Road,Apartment,2,13.0,23500
Balussery,Flat,3,3.0,20000
Beach Road,Flat,3,5.0,37000
Kunnamangalam,House,2,,14000
Eranhipalam,Apartment,2,8.0,16500
Feroke,Villa,2,,20500
Thondayad,Apartment,2,14.0,18000
Thondayad,Flat,2,8.0,16500
Nadakkavu,Flat,1,2.0,10000
Palayam,Villa,3,,52000
Kunnamangalam,Apartment,1,12.0,5500
Bilathikulam,Villa,1,,14500
Mankave,House,2,,18000
Thondayad,Apartment,2,9.0,17000
Bilathikulam,House,2,,22500
Mankave,Flat,2,8.0,13500
Palayam,House,2,,25000
Malaparamba,Flat,2,1.0,15000
Medical College,Apartment,3,0.0,36500
Panniyankara,Villa,1,,12500
Palayam,Flat,1,8.0,9500
Calicut University,House,1,,14000
Mavoor Road,Flat,2,7.0,20500
Palayam,Flat,1,5.0,10500
Koyilandy Road,Apartment,2,14.0,16000
Feroke,Apartment,3,2.0,24500
Thondayad,Apartment,3,13.0,26500
Balussery,Flat,3,2.0,19000
Beach Road,Flat,3,7.0,33000
Thondayad,Apartment,1,6.0,9000
Feroke,House,1,,8500
Beach Road,Apartment,3,2.0,36500
Thondayad,Villa,3,,43500
Kuthiravattom,Flat,3,4.0,23000
Ulliyeri,Apartment,2,12.0,11000
Kottuli,Flat,1,8.0,7500
Eranhipalam,Villa,2,,26500
Kunnamangalam,Apartment,2,7.0,10500
Ulliyeri,House,3,,21000
Medical College,Flat,1,8.0,11000
Bilathikulam,Flat,3,5.0,28000
Nadakkavu,Apartment,3,10.0,30000
Thondayad,Flat,3,8.0,26000
Calicut University,Apartment,3,13.0,34500
Bilathikulam,Villa,2,,26500
Vellimadukunnu,Flat,2,0.0,14000
Medical College,Apartment,3,3.0,37500
Panniyankara,Apartment,2,11.0,14000
Kottuli,Villa,1,,11500
Medical College,Flat,2,3.0,19500
Mathara,Flat,3,7.0,21500
Medical College,Flat,1,8.0,10000
Puthiyara,Flat,2,4.0,17000
Malaparamba,House,2,,19500
Ulliyeri,House,2,,12500
Palayam,Flat,3,7.0,28500
Feroke,Apartment,3,5.0,23500
Koyilandy Road,Apartment,2,15.0,16500
Medical College,Flat,2,8.0,20000
Beach Road,Flat,2,8.0,21000
Kuthiravattom,Flat,1,5.0,8500
Malaparamba,Flat,1,7.0,8500
Thiruvannur,Flat,2,5.0,11000
Medical College,Flat,2,5.0,20000
Nadakkavu,Flat,1,4.0,11000
Thiruvannur,Flat,3,3.0,19500
Calicut University,Apartment,2,13.0,23000
Beach Road,Apartment,2,0.0,22000
Mankave,Apartment,1,5.0,8500
Eranhipalam,Villa,2,,26500
Mathara,Flat,1,1.0,7500
Beach Road,Flat,2,1.0,21000
Bilathikulam,Flat,2,6.0,19000
Malaparamba,Apartment,2,9.0,16500
Koduvally,Apartment,3,8.0,19500
Puthiyara,Apartment,2,5.0,20000
Koyilandy Road,Flat,2,0.0,14500
Chevayur,Apartment,2,1.0,20000
Koyilandy Road,Apartment,3,12.0,24500
Palayam,Villa,2,,29500
Mavoor Road,Apartment,2,8.0,23500
Nadakkavu,Flat,1,5.0,10000
Nadakkavu,Apartment,2,6.0,20500
Panniyankara,Villa,3,,36000
Malaparamba,Apartment,2,8.0,15500
Medical College,Flat,1,2.0,10500
Malaparamba,Apartment,2,15.0,17500
Chevayur,Flat,2,6.0,19000
Mathara,Flat,3,2.0,25000
Thondayad,Apartment,4,8.0,42500
Calicut University,Apartment,3,2.0,35500
Thondayad,Flat,1,6.0,9000
Kuthiravattom,Flat,2,5.0,13500
Koduvally,Apartment,2,4.0,13000
Eranhipalam,Apartment,3,11.0,29000
Chevayur,Flat,2,5.0,19500
Calicut University,Villa,2,,30000
Puthiyara,House,4,,55500
Malaparamba,Apartment,4,14.0,40500
Kuthiravattom,Flat,2,6.0,14000
Medical College,Apartment,2,6.0,23000
Mathara,Flat,1,2.0,8500
Balussery,Apartment,2,9.0,12500
Palayam,Apartment,2,12.0,20500
Bilathikulam,Apartment,3,15.0,30000
Koyilandy Road,Flat,2,8.0,15500
Balussery,Apartment,2,1.0,13000
Palayam,Flat,3,1.0,31500
Mavoor Road,Apartment,1,3.0,13000
Chevayur,Flat,1,0.0,9500
Eranhipalam,Apartment,2,5.0,19000
Mathara,Apartment,1,15.0,9000
Puthiyara,Apartment,3,3.0,30500
Kuthiravattom,Flat,1,2.0,7500
Medical College,Flat,3,7.0,35000
Puthiyara,Flat,1,1.0,10500
Beach Road,Flat,1,2.0,11500
Kuthiravattom,Apartment,1,15.0,9000
Thondayad,Apartment,2,4.0,17500
Panniyankara,Apartment,1,14.0,7500
Feroke,Apartment,1,15.0,7500
Malaparamba,Flat,1,1.0,9000
Kuthiravattom,Flat,2,8.0,13500
Beach Road,Villa,3,,55000
Panniyankara,Apartment,3,3.0,23500
Puthiyara,House,2,,22000
Koduvally,Flat,2,0.0,10500
Kottuli,Villa,1,,11500
Nadakkavu,Flat,1,1.0,10000
Chevayur,Flat,1,3.0,9500
Koyilandy Road,Flat,1,1.0,9000
Panniyankara,Apartment,2,15.0,14000
Palayam,Apartment,3,8.0,33000
Mathara,Apartment,3,10.0,25000
Ulliyeri,Villa,2,,16500
Nadakkavu,House,2,,21000
Chevayur,Apartment,2,2.0,20000
Chevayur,Flat,3,3.0,29500
Ulliyeri,Flat,2,4.0,11000
Thondayad,Apartment,2,6.0,16500
Koyilandy Road,Flat,4,1.0,34500
Puthiyara,House,3,,34500
Calicut University,Apartment,1,8.0,11000
Nadakkavu,Apartment,2,6.0,19500
Puthiyara,Villa,2,,27500
Eranhipalam,Apartment,1,7.0,10000
Chevayur,Apartment,2,0.0,20000
Bilathikulam,Apartment,3,0.0,27500
Nadakkavu,House,3,,40000
Koduvally,Flat,2,2.0,11000
Nadakkavu,Villa,3,,45000
Palayam,Flat,1,5.0,10500
Calicut University,Flat,2,4.0,21500
Mankave,Apartment,1,1.0,9000
Beach Road,Flat,2,2.0,20500
Koyilandy Road,House,3,,33500
Calicut University,House,1,,13000
Palayam,Apartment,2,13.0,19000
Koyilandy Road,Flat,1,3.0,8500
Mankave,Apartment,2,6.0,15500
Koduvally,Flat,3,0.0,17500
Beach Road,Apartment,1,2.0,12500
Mathara,Flat,4,7.0,32500
Koyilandy Road,Flat,4,1.0,38500
Kottuli,Apartment,2,4.0,13500
Eranhipalam,Flat,4,2.0,40500
Malaparamba,Villa,2,,26000
Balussery,Flat,3,3.0,18000
Vellimadukunnu,Flat,2,4.0,14500
Calicut University,Villa,2,,29500
Bilathikulam,Apartment,3,1.0,30500
Chevayur,Flat,2,6.0,17000
Kunnamangalam,Villa,3,,25000
Chevayur,Flat,3,0.0,27000
Chevayur,Flat,3,8.0,31500
Mankave,Flat,1,3.0,8500
Puthiyara,Apartment,3,2.0,30000
Eranhipalam,Flat,2,1.0,16500
Chevayur,Apartment,2,2.0,19500
Chevayur,Villa,1,,15500
Kottuli,House,2,,17000
Balussery,Flat,3,3.0,19500
Bilathikulam,House,2,,22000
Panniyankara,Villa,3,,35500
Calicut University,Apartment,2,2.0,23500
Mankave,Apartment,3,10.0,27500
Beach Road,Flat,2,5.0,20500
Chevayur,Apartment,2,15.0,18000
Chevayur,Apartment,1,15.0,11500
Chevayur,Flat,2,3.0,17500
Bilathikulam,Flat,1,0.0,9000
Ulliyeri,Apartment,1,14.0,6000
Panniyankara,Villa,3,,37500
Palayam,Flat,1,7.0,9500
Mathara,Apartment,2,10.0,15500
Kunnamangalam,Apartment,1,11.0,5500
Balussery,Apartment,3,0.0,21000
Bilathikulam,Apartment,1,8.0,10000
Chevayur,Apartment,3,4.0,30500
Koduvally,Apartment,3,7.0,21500
Feroke,House,4,,38500
Palayam,Flat,3,5.0,34000
Kuthiravattom,Flat,1,5.0,8500
Balussery,Flat,2,6.0,11500
Palayam,Apartment,2,14.0,21000
Panniyankara,Apartment,1,9.0,8000
Mankave,Flat,2,8.0,15500
Beach Road,Flat,2,3.0,23000
Thondayad,Flat,2,7.0,16000
Eranhipalam,Villa,3,,46000
Calicut University,Apartment,3,13.0,32500
Nadakkavu,Apartment,2,14.0,18500
Palayam,Villa,1,,16500
Balussery,Apartment,2,3.0,13500
Palayam,Apartment,4,13.0,46000
Chevayur,Apartment,4,4.0,45500
Puthiyara,Apartment,1,2.0,11000
Palayam,Apartment,3,1.0,35000
Koyilandy Road,Apartment,3,3.0,27500
Mathara,Apartment,1,0.0,8500
Nadakkavu,Apartment,3,11.0,32000
Kottuli,Apartment,2,8.0,14000
Feroke,Villa,2,,19500
Mukkam,Apartment,1,4.0,7000
Kottuli,Flat,4,1.0,33000
Nadakkavu,Flat,2,5.0,20000
Koyilandy Road,Villa,3,,39000
Vellimadukunnu,Apartment,2,12.0,14500
Vellimadukunnu,Apartment,2,11.0,14000
Koyilandy Road,Flat,4,1.0,35500
Puthiyara,Apartment,1,12.0,10500
Balussery,Flat,1,7.0,7000
Beach Road,Apartment,1,13.0,11500
Puthiyara,Apartment,2,6.0,19000
Calicut University,Apartment,1,6.0,11500
Thondayad,Flat,2,3.0,16000
Nadakkavu,Apartment,2,0.0,18000
Mavoor Road,Apartment,1,6.0,13000
Koyilandy Road,Apartment,2,5.0,16500
Eranhipalam,Villa,3,,46500
Vellimadukunnu,Flat,2,1.0,14000
Nadakkavu,Apartment,3,11.0,33000
Feroke,Flat,3,1.0,20000
Puthiyara,Flat,3,0.0,26500
Puthiyara,Apartment,2,9.0,18000
Vellimadukunnu,Flat,2,1.0,12500
Beach Road,Apartment,2,13.0,22500
Medical College,Flat,1,3.0,10500
Medical College,Flat,3,5.0,36500
Kuthiravattom,Apartment,3,7.0,26000
Eranhipalam,Flat,2,8.0,16000
Mathara,Apartment,3,13.0,25500
Kunnamangalam,Flat,2,6.0,11000
Bilathikulam,Flat,1,3.0,9000
Bilathikulam,Flat,2,4.0,16500
Chevayur,Villa,2,,26500
Calicut University,Apartment,2,7.0,20000
Thondayad,Flat,1,7.0,8500
Mavoor Road,Villa,2,,32000
Vellimadukunnu,Flat,1,6.0,7500
Thondayad,Apartment,2,14.0,16500
Koyilandy Road,Flat,1,5.0,8000
Mavoor Road,Apartment,1,15.0,12000
Palayam,Apartment,2,7.0,20500
Panniyankara,Apartment,2,7.0,15500
Calicut University,Flat,2,8.0,18500
Beach Road,Flat,3,8.0,35500
Beach Road,Apartment,2,8.0,24500
Bilathikulam,Flat,1,8.0,9000
Nadakkavu,Flat,3,4.0,30500
Panniyankara,Flat,2,1.0,12500
Balussery,Flat,1,0.0,6500
Feroke,Villa,2,,20500
Kottuli,Apartment,2,3.0,14000
Puthiyara,Apartment,1,8.0,9500
Thiruvannur,Apartment,3,12.0,19000
Mavoor Road,Flat,2,7.0,19000
Mavoor Road,Flat,3,5.0,33500
Medical College,House,1,,14500
Kottuli,Flat,1,8.0,6500
Panniyankara,Villa,2,,21500
Beach Road,Apartment,1,14.0,12000
Calicut University,Villa,1,,17000
Puthiyara,Villa,2,,30000
Chevayur,House,3,,35500
Panniyankara,Flat,1,4.0,8500
Mavoor Road,Flat,3,6.0,37000
Chevayur,Apartment,2,8.0,20000
Kottuli,Flat,3,6.0,21000
Thondayad,Apartment,2,0.0,16500
Eranhipalam,Apartment,2,12.0,18500
Koyilandy Road,Villa,3,,40000
Chevayur,Flat,2,4.0,17500
Thiruvannur,Apartment,2,1.0,12000
Kottuli,Flat,3,0.0,20000
Bilathikulam,Apartment,2,13.0,18500
Thondayad,Apartment,2,10.0,17000
Koyilandy Road,Apartment,2,2.0,15500
Koyilandy Road,Apartment,2,3.0,17500
Bilathikulam,Apartment,1,9.0,10000
Mankave,Apartment,2,5.0,17500
Thondayad,Apartment,1,5.0,9500
Palayam,Apartment,1,13.0,11000
Mukkam,Apartment,2,5.0,13000
Thondayad,House,2,,20500
Chevayur,Villa,3,,48500
Eranhipalam,Flat,2,8.0,17500
Bilathikulam,Flat,2,7.0,17500
Panniyankara,House,1,,10000
Malaparamba,Apartment,3,12.0,25500
Bilathikulam,Apartment,3,7.0,30000
Mavoor Road,Villa,2,,30500
Kottuli,House,1,,9000
Koyilandy Road,Apartment,1,15.0,8500
Beach Road,Flat,2,6.0,23000
Koyilandy Road,Flat,1,7.0,8500
Kunnamangalam,Villa,3,,27000
Thondayad,Flat,3,7.0,27500
Puthiyara,Flat,3,3.0,28000
Panniyankara,Flat,2,1.0,15000
Mathara,Apartment,1,5.0,9000
Palayam,Villa,1,,17000
Nadakkavu,Flat,1,4.0,10000
Nadakkavu,Flat,3,2.0,29500
Chevayur,Villa,3,,44000
Bilathikulam,Apartment,2,7.0,17000
Beach Road,Flat,2,2.0,23000
Medical College,Apartment,2,5.0,21500
Kottuli,Flat,3,4.0,21500
Kunnamangalam,Flat,2,8.0,10500
Calicut University,Apartment,2,13.0,21500
Kunnamangalam,Villa,1,,9000
Eranhipalam,Flat,2,2.0,16500
Nadakkavu,Apartment,3,2.0,33500
Kuthiravattom,Villa,2,,23500
Mavoor Road,Apartment,2,12.0,21000
Balussery,Flat,2,8.0,11000
Calicut University,Flat,3,7.0,31500
Medical College,Apartment,2,11.0,21000
Koyilandy Road,Apartment,2,13.0,17000
Mathara,Apartment,1,7.0,8500
Koyilandy Road,Apartment,3,10.0,28000
Medical College,Apartment,3,9.0,36500
Koyilandy Road,Apartment,2,15.0,15500
Bilathikulam,Apartment,3,13.0,31500
Puthiyara,Apartment,2,3.0,18000
Eranhipalam,Villa,3,,47000
Mankave,Apartment,3,3.0,28000
Kunnamangalam,Flat,2,5.0,11500
Ulliyeri,Apartment,2,0.0,10500
Vellimadukunnu,Apartment,1,15.0,7500
Thondayad,Apartment,2,4.0,17500
Kottuli,Flat,3,7.0,22000
Thiruvannur,Apartment,3,5.0,20500
Balussery,House,1,,8500
Eranhipalam,Apartment,3,14.0,31000
Bilathikulam,Apartment,1,12.0,10500
Mukkam,Apartment,2,7.0,13000
Vellimadukunnu,Apartment,2,10.0,15000
Thiruvannur,Apartment,2,10.0,11500
Feroke,Flat,2,8.0,13000
Nadakkavu,Flat,2,2.0,18500
Vellimadukunnu,Flat,2,1.0,14000
Panniyankara,Apartment,1,12.0,8500
Koyilandy Road,Villa,2,,23000
Medical College,Flat,4,6.0,51000
Balussery,Apartment,2,4.0,14000
Kunnamangalam,Flat,1,6.0,5500
Beach Road,Flat,1,2.0,12000
Puthiyara,Apartment,1,0.0,10000
Bilathikulam,Flat,1,8.0,9500
Beach Road,Flat,1,2.0,12500
Mavoor Road,House,2,,26000
Thondayad,Apartment,4,11.0,39000
Mankave,Villa,3,,37000
Kuthiravattom,Apartment,2,4.0,16500
Eranhipalam,Apartment,3,1.0,31000
Mavoor Road,Apartment,2,8.0,22500
Mavoor Road,Apartment,2,7.0,21500
Puthiyara,Flat,1,4.0,9500
Mukkam,Apartment,2,0.0,12500
Thondayad,House,4,,50500
Panniyankara,Flat,2,0.0,12500
Thiruvannur,Villa,4,,40500
Medical College,Apartment,2,8.0,23000
Kunnamangalam,Apartment,1,3.0,6000
Puthiyara,Apartment,1,5.0,11500
Thondayad,Apartment,2,6.0,17500
Malaparamba,House,4,,46500
Kunnamangalam,Flat,1,5.0,6000
Medical College,Apartment,2,14.0,23000
Puthiyara,Flat,2,0.0,16000
Bilathikulam,House,2,,22000
Calicut University,House,2,,23500
Nadakkavu,House,1,,12000
Thondayad,Flat,2,8.0,14500
Koyilandy Road,Apartment,1,11.0,9000
Bilathikulam,Apartment,1,9.0,10500
Beach Road,Flat,3,1.0,34000
Mankave,Flat,2,4.0,16500
Thondayad,Flat,2,0.0,15000
Thondayad,Apartment,3,10.0,26500
Puthiyara,Apartment,2,1.0,18000
Chevayur,Apartment,1,5.0,11000
Beach Road,Villa,3,,53000
Eranhipalam,Flat,3,1.0,26000
Thondayad,Apartment,3,13.0,28000
Chevayur,Apartment,2,6.0,21000
Bilathikulam,Villa,2,,25000
Nadakkavu,Flat,3,4.0,33000
Beach Road,Flat,3,5.0,34500
Koduvally,Apartment,2,15.0,13000
Chevayur,Apartment,3,0.0,28500
Chevayur,Flat,3,1.0,30500
Chevayur,Villa,3,,47500
Koyilandy Road,Flat,2,1.0,14500
Bilathikulam,Villa,2,,29500
Bilathikulam,Apartment,2,13.0,18500
Vellimadukunnu,House,2,,16000
Malaparamba,Apartment,2,3.0,16000
Mavoor Road,Apartment,1,11.0,11500
Koyilandy Road,Flat,2,5.0,15500
Panniyankara,Apartment,2,12.0,13500
Puthiyara,House,1,,12000
Chevayur,Apartment,1,2.0,10500
Nadakkavu,Apartment,3,2.0,31500
Thondayad,Flat,3,4.0,27000
Kuthiravattom,House,4,,45000
Malaparamba,Flat,1,7.0,8000
Kuthiravattom,Apartment,1,3.0,8500
Malaparamba,Apartment,3,4.0,30500
Kottuli,Apartment,2,3.0,13500
Mathara,Flat,3,6.0,24500
Koyilandy Road,Apartment,2,3.0,16500
Mathara,Flat,2,5.0,15500
Kottuli,Apartment,3,3.0,23000
Koyilandy Road,Apartment,1,9.0,8500
Beach Road,House,2,,25000
Feroke,Apartment,3,7.0,23000
Mankave,Flat,2,0.0,14000
Chevayur,Flat,2,1.0,18000
Thiruvannur,Apartment,2,4.0,12000
Kottuli,Flat,2,3.0,13500
Beach Road,Apartment,1,12.0,12500
Beach Road,Flat,2,0.0,21500
Chevayur,Flat,3,7.0,27500
Mankave,Apartment,2,6.0,17000
Balussery,Flat,2,1.0,11500
Mathara,Flat,2,2.0,14500
Bilathikulam,Flat,3,2.0,30500
Mukkam,Flat,2,1.0,12000
Feroke,Villa,2,,18500
Palayam,Villa,3,,51000
Koduvally,Flat,3,0.0,18500
Medical College,Flat,2,6.0,22500
Panniyankara,House,3,,30000
Panniyankara,Villa,1,,12000
Koduvally,Flat,4,4.0,27500
Bilathikulam,Flat,2,1.0,18000
Kuthiravattom,Apartment,2,8.0,15000
Vellimadukunnu,Apartment,2,1.0,15000
Balussery,Villa,2,,19500
Bilathikulam,House,1,,12500
Mankave,Flat,1,8.0,7500
Thiruvannur,Apartment,1,2.0,6500
Ulliyeri,Villa,4,,41500
Vellimadukunnu,Apartment,1,7.0,8000
Malaparamba,House,2,,19000
Thiruvannur,Flat,3,8.0,18000
Calicut University,Flat,2,3.0,21000
Calicut University,House,3,,40500
Kottuli,Villa,2,,21500
Thiruvannur,Villa,1,,9000
Calicut University,Apartment,2,11.0,21000
Koyilandy Road,Apartment,2,11.0,16000
Nadakkavu,Flat,3,3.0,32500
Kuthiravattom,Apartment,3,11.0,25000
Panniyankara,Apartment,1,1.0,7500
Mukkam,Flat,3,6.0,19500
Mathara,Flat,2,2.0,14000
Kuthiravattom,Villa,3,,37500
Eranhipalam,Apartment,2,6.0,18500
Nadakkavu,Villa,2,,30000
Beach Road,Apartment,3,7.0,38500
Malaparamba,Flat,1,2.0,9000
Beach Road,Apartment,2,8.0,24000
Vellimadukunnu,Apartment,2,14.0,13500
Mavoor Road,House,2,,26500
Panniyankara,Apartment,3,1.0,23000
Panniyankara,Apartment,2,15.0,13500
Mukkam,Flat,3,2.0,21500
Eranhipalam,Flat,3,0.0,25000
Nadakkavu,Flat,2,7.0,17500
Medical College,Villa,4,,77000
Thiruvannur,Apartment,2,9.0,11500
Malaparamba,Flat,3,1.0,23500
Vellimadukunnu,Flat,3,5.0,24500
Koyilandy Road,House,3,,33000
Mankave,Apartment,4,3.0,39500
Thondayad,Apartment,3,11.0,28500
Kuthiravattom,Flat,2,1.0,13000
Calicut University,Apartment,1,11.0,11500
Koduvally,Flat,2,0.0,10500
Nadakkavu,Flat,4,6.0,44000
Kuthiravattom,Flat,2,2.0,14000
Palayam,Apartment,2,14.0,20000
Medical College,Flat,2,4.0,22000
Beach Road,Flat,2,7.0,22000
Beach Road,House,2,,25500
Mankave,Flat,1,8.0,7500
Vellimadukunnu,Apartment,1,12.0,8000
Koduvally,Apartment,2,15.0,12500
Kottuli,Flat,3,6.0,21500
Puthiyara,Flat,2,5.0,17500
Feroke,Villa,2,,21000
Eranhipalam,Apartment,3,3.0,29500
Eranhipalam,Apartment,2,8.0,18000
Chevayur,Flat,1,7.0,9500
Nadakkavu,Apartment,2,7.0,19000
Medical College,Apartment,3,8.0,34000
Beach Road,Villa,1,,17500
Thiruvannur,Flat,4,6.0,26000
Koyilandy Road,Villa,1,,13000
Balussery,Flat,2,4.0,12000
Kunnamangalam,Flat,1,6.0,6000
Mankave,Apartment,2,6.0,16000
Bilathikulam,Apartment,2,12.0,18500
Malaparamba,Apartment,1,3.0,9000
Koyilandy Road,Flat,3,2.0,24500
Palayam,Flat,2,3.0,19500
Kottuli,Flat,1,8.0,6500
Thondayad,Flat,3,1.0,28000
Calicut University,Apartment,3,6.0,34500
Panniyankara,Flat,2,5.0,13500
Thiruvannur,Apartment,2,13.0,12500
Koyilandy Road,Apartment,4,10.0,36000
Thondayad,Apartment,3,11.0,28500
Kunnamangalam,Villa,3,,25000
Beach Road,House,1,,15000
Medical College,Apartment,1,11.0,11500
Panniyankara,Apartment,3,5.0,24500
Vellimadukunnu,Apartment,2,9.0,14000
Malaparamba,Apartment,1,12.0,9000
Feroke,Apartment,3,4.0,24000
Malaparamba,Apartment,2,0.0,15000
Thondayad,Apartment,2,5.0,17000
Nadakkavu,Apartment,3,3.0,34500
Vellimadukunnu,Apartment,2,11.0,15000
Eranhipalam,Apartment,3,13.0,28000
Kottuli,Villa,3,,33500
Vellimadukunnu,Flat,2,3.0,13000
Eranhipalam,Apartment,3,2.0,31000
Vellimadukunnu,Flat,1,7.0,7000
Thondayad,Apartment,1,8.0,9000
Puthiyara,House,1,,12500
Puthiyara,Flat,4,1.0,42500
Malaparamba,Flat,3,5.0,28000
Balussery,Apartment,3,4.0,23000
Thiruvannur,Villa,2,,17500
Mukkam,Flat,3,7.0,19500
Vellimadukunnu,Apartment,1,7.0,8000
Malaparamba,Flat,2,1.0,14500
Kunnamangalam,Apartment,3,3.0,18000
Bilathikulam,Apartment,2,14.0,19000
Panniyankara,Flat,2,4.0,15000
Mankave,Villa,3,,38000
Chevayur,Flat,1,1.0,10000
Panniyankara,Apartment,2,12.0,15000
Kuthiravattom,Apartment,4,10.0,35000
Kottuli,Apartment,1,11.0,8000
Kottuli,Apartment,2,13.0,13500
Palayam,Apartment,1,4.0,11500
Kunnamangalam,Flat,2,7.0,10000
Chevayur,Flat,2,7.0,18000
Eranhipalam,Apartment,2,11.0,18000
Feroke,Flat,2,6.0,12500
Medical College,Villa,1,,18500
Malaparamba,Apartment,1,3.0,9500
Malaparamba,Apartment,2,10.0,17000
Eranhipalam,Apartment,3,11.0,31000
Panniyankara,Apartment,2,14.0,14000
Kottuli,Apartment,3,4.0,24500
Vellimadukunnu,House,2,,16000
Mavoor Road,Flat,3,4.0,37000
Calicut University,House,3,,38500
Mathara,Apartment,2,8.0,15500
Mankave,Apartment,1,9.0,8500
Kunnamangalam,Apartment,2,6.0,11500
Eranhipalam,Flat,1,3.0,9500
Mavoor Road,Flat,1,1.0,10500
Mukkam,Flat,3,8.0,20500
Kunnamangalam,Apartment,2,15.0,11500
Kuthiravattom,Apartment,1,7.0,9000
Ulliyeri,Apartment,3,14.0,18500
Feroke,Flat,1,4.0,7000
Mavoor Road,Villa,1,,18000
Mathara,Apartment,2,5.0,15000
Eranhipalam,Apartment,2,3.0,18500
Palayam,Villa,2,,29000
Bilathikulam,Apartment,4,13.0,46500
Koyilandy Road,Apartment,1,10.0,9500
Puthiyara,Apartment,3,8.0,31000
Mavoor Road,Villa,2,,35000
Kuthiravattom,Apartment,2,1.0,15500
Mathara,Flat,2,3.0,15500
Chevayur,Flat,3,0.0,28000
Kottuli,Apartment,3,1.0,24000
Kottuli,Flat,4,1.0,31000
Palayam,Apartment,2,3.0,19000
Vellimadukunnu,Flat,2,0.0,13500
Bilathikulam,Flat,2,7.0,15500
Palayam,Apartment,1,3.0,10500
Koyilandy Road,Flat,3,7.0,23500
Panniyankara,House,1,,9000
Palayam,Apartment,3,11.0,34000
Mavoor Road,Villa,1,,19000
Calicut University,Flat,2,8.0,18500
Medical College,House,1,,13000
Panniyankara,Flat,2,7.0,14000
Palayam,Flat,3,7.0,28000
Puthiyara,Apartment,2,1.0,19500
Bilathikulam,Apartment,4,7.0,43500
Palayam,Flat,1,8.0,9500
Panniyankara,Apartment,2,2.0,15000
Mankave,Apartment,1,13.0,9000
Calicut University,Flat,2,2.0,18500
Kottuli,Apartment,2,9.0,14000
Thondayad,Apartment,3,12.0,29000
Palayam,House,1,,14000
Thondayad,Flat,3,0.0,23500
Mukkam,Flat,2,5.0,13000
Medical College,Apartment,1,14.0,12500
Puthiyara,House,1,,12000
Balussery,Flat,2,8.0,10500
Kuthiravattom,Apartment,2,15.0,16000
Beach Road,Flat,1,5.0,12000
Thondayad,Apartment,2,15.0,15500
Kunnamangalam,Apartment,2,2.0,11000
Malaparamba,Apartment,3,8.0,25500
Kuthiravattom,Flat,3,4.0,23000
Nadakkavu,Apartment,1,3.0,10000
Kuthiravattom,Apartment,2,12.0,16000
Mathara,House,1,,10000
Kottuli,Villa,2,,21000
Malaparamba,Flat,2,0.0,14000
Calicut University,Flat,1,1.0,12000
Mavoor Road,Villa,2,,30500
Bilathikulam,Flat,2,3.0,18000
Malaparamba,Apartment,2,7.0,16500
Beach Road,Apartment,1,15.0,12500
Nadakkavu,House,3,,40500
Mathara,Apartment,2,11.0,15000
Thiruvannur,Apartment,2,3.0,12000
Chevayur,Apartment,2,3.0,18500
Malaparamba,Apartment,3,15.0,27500
Nadakkavu,Apartment,1,8.0,11000
Panniyankara,Flat,3,3.0,22500
Vellimadukunnu,Apartment,3,6.0,23000
Vellimadukunnu,Apartment,2,2.0,13500
Medical College,Flat,1,1.0,11500
Puthiyara,Apartment,2,1.0,20000
Eranhipalam,Apartment,1,3.0,10000
Chevayur,House,2,,21000
Mankave,Flat,1,8.0,8000
Palayam,Villa,3,,47500
Balussery,Apartment,4,11.0,30000
Palayam,Villa,3,,47500
Malaparamba,Apartment,3,2.0,29000
Balussery,Apartment,3,9.0,22000
Calicut University,Apartment,1,5.0,12000
Puthiyara,Apartment,3,13.0,33000
Eranhipalam,Flat,2,8.0,16500
Nadakkavu,Apartment,2,3.0,18500
Kottuli,Flat,2,7.0,13500
Kottuli,Flat,3,2.0,22500
Eranhipalam,Villa,2,,26500
Panniyankara,Flat,3,8.0,21000
Eranhipalam,Apartment,4,9.0,45500
Panniyankara,Apartment,3,3.0,23000
Mathara,Apartment,2,8.0,14500
Thondayad,Apartment,1,11.0,8500
Mavoor Road,Apartment,2,3.0,21000
Mukkam,House,2,,15500
Palayam,Flat,2,5.0,19000
Nadakkavu,Flat,3,4.0,32500
Mukkam,Apartment,2,7.0,12000
Panniyankara,Villa,1,,12500
Mavoor Road,Apartment,1,6.0,13000
Mathara,Apartment,3,9.0,25000
Malaparamba,Apartment,2,13.0,15500
Medical College,Apartment,2,8.0,21500
Bilathikulam,Flat,3,6.0,30000
Feroke,Flat,3,2.0,21000
Ulliyeri,Flat,3,3.0,17000
Ulliyeri,House,2,,13000
Chevayur,Apartment,2,0.0,18500
Thondayad,Apartment,1,8.0,9000
Kottuli,Flat,2,4.0,12500
Koduvally,Flat,2,4.0,12500
Kottuli,Apartment,2,5.0,14500
Balussery,Flat,2,5.0,12000
Nadakkavu,Flat,3,6.0,32500
Feroke,Apartment,1,6.0,8000
Koyilandy Road,Villa,3,,36500
Malaparamba,Flat,1,4.0,9500
Bilathikulam,Apartment,4,6.0,45000
Vellimadukunnu,Flat,2,0.0,12000
Thondayad,House,3,,33500
Koduvally,Apartment,2,15.0,12500
Medical College,Flat,1,6.0,11500
Vellimadukunnu,Flat,1,5.0,8000
Mankave,Apartment,2,5.0,17000
Mathara,House,2,,17500
Eranhipalam,House,3,,32000
Palayam,Villa,1,,17500
Nadakkavu,Apartment,2,6.0,19500
Calicut University,Apartment,2,14.0,20500
Nadakkavu,Villa,3,,46500
Bilathikulam,Apartment,3,6.0,31500
Thondayad,Villa,2,,25000
Beach Road,Villa,2,,33500
Chevayur,Flat,2,2.0,18500
Eranhipalam,Apartment,2,13.0,17500
Kottuli,Villa,3,,33000
Feroke,Villa,2,,19500
Calicut University,Flat,2,6.0,20000
Mathara,Apartment,3,14.0,26500
Panniyankara,Apartment,1,12.0,8000
Calicut University,Flat,3,1.0,31500
Ulliyeri,Apartment,2,9.0,12500
Puthiyara,Flat,3,4.0,30000
Nadakkavu,Apartment,1,8.0,11000
Eranhipalam,Apartment,1,15.0,9000
Koyilandy Road,Apartment,1,9.0,9500
Ulliyeri,Apartment,1,14.0,6000
Medical College,Flat,3,0.0,33000
Medical College,Flat,3,1.0,31000
Kottuli,Apartment,3,6.0,23000
Kuthiravattom,Apartment,3,12.0,26500
Puthiyara,Apartment,2,10.0,19000
Vellimadukunnu,Flat,2,3.0,13500
Calicut University,Apartment,1,5.0,13000
Puthiyara,Flat,2,7.0,16000
Medical College,Flat,3,6.0,34000
Medical College,Apartment,2,14.0,20500
Thondayad,House,2,,21000
Nadakkavu,Apartment,2,3.0,19500
Mankave,Apartment,3,10.0,27500
Koyilandy Road,Apartment,3,12.0,24500
Malaparamba,Apartment,1,14.0,10000
Puthiyara,Flat,1,6.0,9500
Kottuli,Apartment,4,8.0,33000
Mathara,Flat,2,8.0,14000
Eranhipalam,Apartment,3,13.0,27500
Chevayur,Apartment,3,9.0,30500
Bilathikulam,House,2,,21500
Panniyankara,Flat,2,3.0,13500
Puthiyara,House,2,,22000
Kuthiravattom,Apartment,3,15.0,26500
Kuthiravattom,Apartment,2,2.0,16000
Koyilandy Road,Apartment,3,2.0,27000
Panniyankara,Apartment,1,7.0,8500
Puthiyara,Villa,2,,29500
Puthiyara,Apartment,2,11.0,19500
Medical College,Flat,2,5.0,22000
Medical College,Villa,1,,18000
Bilathikulam,Flat,4,0.0,40000
Eranhipalam,Flat,1,3.0,9000
Nadakkavu,House,2,,23500
Kottuli,Flat,2,8.0,13000
Beach Road,Flat,1,4.0,11500
Koduvally,Villa,2,,17500
Mavoor Road,Apartment,1,6.0,13000
Mavoor Road,Apartment,3,3.0,35000
Puthiyara,House,3,,36000
Malaparamba,Apartment,3,13.0,25500
Thondayad,Apartment,1,5.0,10500
Calicut University,Apartment,1,11.0,11500
Vellimadukunnu,Flat,2,6.0,14500
Thondayad,Flat,2,4.0,17500
Thondayad,Flat,2,8.0,16500
Panniyankara,Apartment,2,14.0,15500
Medical College,Apartment,2,12.0,23000
Puthiyara,Apartment,1,0.0,10000
Beach Road,Flat,3,0.0,31500
Chevayur,Apartment,3,12.0,33500
Koyilandy Road,Apartment,1,6.0,9000
Malaparamba,Apartment,2,14.0,17500
Vellimadukunnu,Villa,2,,21000
Puthiyara,Apartment,3,9.0,29000
Bilathikulam,Villa,2,,29000
Mankave,Apartment,3,5.0,26000
Medical College,Apartment,3,4.0,39500
Eranhipalam,Apartment,3,13.0,29000
Panniyankara,Apartment,2,3.0,15500
Panniyankara,Flat,2,1.0,13500
Calicut University,Apartment,3,12.0,37000
Thondayad,Villa,1,,14000
Ulliyeri,Apartment,2,6.0,12000
Malaparamba,Apartment,3,13.0,27000
Thiruvannur,Flat,3,0.0,18500
Puthiyara,House,3,,37000
Kuthiravattom,Villa,2,,23000
Beach Road,Flat,3,8.0,37000
Mavoor Road,Apartment,1,2.0,12500
Nadakkavu,Apartment,3,13.0,31000
Feroke,Flat,1,8.0,6500
Kottuli,Apartment,1,7.0,8000
Bilathikulam,House,2,,23000
Calicut University,House,2,,25000
Malaparamba,Flat,2,7.0,15000
Mankave,Flat,1,1.0,8000
Palayam,Apartment,2,4.0,20000
Nadakkavu,Flat,3,3.0,30500
Mathara,Flat,1,0.0,7000
Mankave,Flat,2,1.0,15000
Malaparamba,Villa,3,,43000
Koyilandy Road,Apartment,2,3.0,17500
Eranhipalam,Apartment,3,6.0,29000
Mankave,Flat,3,8.0,24000
Kuthiravattom,Flat,3,6.0,22500
Koyilandy Road,Apartment,2,2.0,16000
Medical College,Flat,4,1.0,47000
Mukkam,Apartment,1,4.0,8000
Kottuli,Flat,4,8.0,29000
Mankave,Apartment,2,11.0,15500
Mankave,Apartment,4,2.0,38500
Malaparamba,Apartment,1,0.0,8500
Eranhipalam,House,4,,47500
Vellimadukunnu,Apartment,1,10.0,7500
Mankave,Flat,1,7.0,8000
Mankave,Apartment,1,10.0,8500
Mathara,Apartment,3,7.0,27000
Nadakkavu,Flat,3,1.0,32000
Panniyankara,Flat,2,1.0,13500
Mavoor Road,Villa,2,,33500
Balussery,Villa,3,,29500
Kunnamangalam,Flat,2,3.0,10500
Calicut University,Flat,2,7.0,20000
Malaparamba,House,3,,33500
Calicut University,Flat,3,4.0,34500
Balussery,Flat,2,8.0,11000
Palayam,Flat,2,0.0,16500
Mankave,Apartment,1,10.0,9000
Koduvally,Flat,2,1.0,11500
Chevayur,Flat,1,0.0,9000
Mankave,Flat,3,7.0,24500
Panniyankara,House,4,,43000
Eranhipalam,Villa,2,,27500
Ulliyeri,House,3,,23500
Koduvally,Flat,1,5.0,6000
Calicut University,Flat,1,0.0,10000
Kunnamangalam,Flat,1,0.0,5500
Mathara,Apartment,3,14.0,27000
Koduvally,Apartment,1,4.0,7000
Palayam,Apartment,2,11.0,18500
Bilathikulam,Apartment,1,4.0,11000
Mathara,Flat,1,1.0,7500
Chevayur,Apartment,2,15.0,20000
Vellimadukunnu,Flat,2,0.0,13000
Feroke,Apartment,2,11.0,13500
Calicut University,Apartment,2,12.0,20000
Medical College,Apartment,1,11.0,13000
Kottuli,House,3,,25500
Nadakkavu,House,1,,11500
Kunnamangalam,Apartment,2,11.0,11500
Beach Road,Apartment,3,7.0,40000
Nadakkavu,Flat,2,0.0,17000
Mukkam,Apartment,3,8.0,20000
Malaparamba,Apartment,1,1.0,9500
Kuthiravattom,Flat,1,5.0,8000
Vellimadukunnu,Flat,3,5.0,23000
Chevayur,Apartment,3,6.0,34000
Chevayur,Flat,2,3.0,19500
Mathara,Flat,1,2.0,8000
Kottuli,Apartment,2,11.0,14000
Mavoor Road,Apartment,2,2.0,23000
Koyilandy Road,Flat,1,2.0,9000
Feroke,Apartment,4,5.0,32000
Balussery,Flat,3,1.0,19000
Kuthiravattom,Flat,2,6.0,14500
Chevayur,Flat,2,4.0,18500
Bilathikulam,Apartment,2,4.0,19000
Mathara,Apartment,1,9.0,9000
Calicut University,Apartment,2,0.0,19500
Puthiyara,Villa,2,,27500
Koduvally,House,3,,24000
Mukkam,Flat,1,3.0,6500
Thondayad,Apartment,4,2.0,39500
Koyilandy Road,Flat,2,1.0,15500
Nadakkavu,Apartment,1,10.0,10000
Beach Road,Villa,1,,19000
Mukkam,Apartment,3,2.0,22500
Beach Road,Flat,3,5.0,36000
Panniyankara,Villa,1,,11500
Nadakkavu,Apartment,1,1.0,11000
Chevayur,Villa,1,,16000
Eranhipalam,Flat,3,5.0,27000
Medical College,House,1,,14500
Koyilandy Road,Flat,2,0.0,13500
Eranhipalam,Flat,2,4.0,16000
Panniyankara,Flat,2,6.0,15000
Eranhipalam,Flat,3,3.0,27500
Mathara,Flat,2,7.0,14000
Bilathikulam,Apartment,3,6.0,33500
Kunnamangalam,Apartment,2,14.0,10500
Koyilandy Road,Flat,4,1.0,33500
Kottuli,Apartment,2,5.0,14000
Koyilandy Road,Flat,2,0.0,14000
Feroke,House,2,,15000
Bilathikulam,Flat,1,5.0,10000
Mankave,Apartment,1,13.0,9000
Beach Road,Apartment,1,14.0,13000
Medical College,Flat,2,6.0,20500
Beach Road,Apartment,2,13.0,24500
Palayam,Apartment,4,9.0,47000
Thondayad,Apartment,1,1.0,9500
Kottuli,Flat,3,5.0,22000
Vellimadukunnu,House,2,,17500
Chevayur,Apartment,1,6.0,10500
Kuthiravattom,Apartment,2,2.0,16500
Bilathikulam,Flat,4,2.0,44500
Malaparamba,House,2,,18500
Eranhipalam,Flat,2,1.0,18000
Puthiyara,Apartment,2,5.0,20500
Eranhipalam,Flat,2,4.0,17000
Bilathikulam,Villa,3,,48000
Ulliyeri,Apartment,2,3.0,11500
Panniyankara,Apartment,3,6.0,24000
Mavoor Road,Apartment,4,11.0,55500
Nadakkavu,Apartment,3,8.0,31000
Thondayad,Flat,2,7.0,16000
Beach Road,Apartment,1,6.0,14000
Palayam,Flat,2,3.0,18500
Kottuli,Flat,2,8.0,12500
Palayam,Apartment,2,7.0,21000
Chevayur,Apartment,1,4.0,11000
Palayam,Apartment,3,2.0,34500
Panniyankara,Apartment,3,14.0,24000
Thondayad,Villa,1,,14500
Thondayad,House,2,,20500
Kunnamangalam,Flat,2,7.0,9500
Malaparamba,Flat,2,6.0,15500
Puthiyara,Apartment,1,9.0,10000
Thiruvannur,Flat,1,3.0,6000
Palayam,Apartment,1,15.0,11500
Kottuli,House,3,,28000
Eranhipalam,Flat,3,0.0,26500
Kunnamangalam,Villa,1,,9000
Puthiyara,Apartment,2,5.0,19000
Calicut University,Apartment,3,15.0,33000
Mathara,Apartment,2,1.0,16500
Malaparamba,Apartment,2,13.0,15500
Koyilandy Road,House,4,,47500
Koyilandy Road,Apartment,2,5.0,16500
Puthiyara,Flat,2,1.0,18000
Thondayad,Apartment,1,15.0,9000
Panniyankara,Apartment,3,3.0,24500
Mavoor Road,Apartment,2,8.0,22500
Puthiyara,Apartment,2,7.0,17500
Koduvally,Villa,2,,18000
Panniyankara,Flat,2,1.0,13500
Kunnamangalam,Apartment,2,13.0,11500
Eranhipalam,Apartment,2,14.0,19000
Bilathikulam,Villa,1,,15500
Thiruvannur,Flat,3,4.0,18000
Koduvally,Apartment,1,14.0,6500
Bilathikulam,Apartment,2,15.0,18000
Bilathikulam,Flat,2,3.0,16000
Beach Road,Flat,2,5.0,21000
Beach Road,Flat,2,3.0,22000
Bilathikulam,Flat,2,5.0,18000
Koyilandy Road,Apartment,3,4.0,29000
Mankave,Apartment,3,0.0,25500
Beach Road,Flat,2,7.0,19500
Kottuli,Apartment,2,7.0,13500
Beach Road,Apartment,1,15.0,13000
Bilathikulam,Flat,1,7.0,9500
Chevayur,Apartment,2,9.0,19500
Panniyankara,Apartment,2,6.0,16000
Koyilandy Road,Flat,2,3.0,14500
Chevayur,Villa,2,,30000
Balussery,Apartment,1,5.0,7000
Thiruvannur,Villa,2,,17500
Koduvally,Villa,3,,31500
Nadakkavu,Apartment,1,5.0,12000
Kuthiravattom,Apartment,2,15.0,14000
Mathara,Flat,1,7.0,7500
Malaparamba,Apartment,2,13.0,16000
Nadakkavu,Flat,1,7.0,10000
Medical College,Flat,2,1.0,19500
Mankave,Flat,2,6.0,16000
Kuthiravattom,Villa,2,,23500
Palayam,Flat,1,5.0,10500
Mukkam,Apartment,3,13.0,22500
Eranhipalam,Flat,3,6.0,30500
Palayam,Flat,3,5.0,33000
Puthiyara,Flat,2,5.0,18500
Mankave,Apartment,2,3.0,16000
Chevayur,Apartment,2,7.0,17500
Chevayur,Apartment,3,7.0,29500
Kuthiravattom,Flat,2,5.0,13500
Beach Road,Apartment,2,11.0,23000
Calicut University,Apartment,1,14.0,12500
Malaparamba,Apartment,1,7.0,8500
Nadakkavu,House,4,,55500
Mathara,Flat,3,7.0,21500
Thondayad,Villa,1,,13000
Mavoor Road,Apartment,2,14.0,20500
Calicut University,Flat,3,3.0,35000
Nadakkavu,Flat,2,0.0,16500
Mathara,Flat,2,7.0,15500
Palayam,Villa,1,,16500
Kuthiravattom,Flat,2,1.0,13500
Panniyankara,Apartment,1,5.0,9000
Calicut University,Apartment,1,0.0,10500
Balussery,Flat,2,0.0,10500
Panniyankara,House,2,,18000
Panniyankara,Apartment,2,0.0,13000
Mathara,Apartment,3,10.0,24500
Eranhipalam,Flat,2,1.0,16000
Bilathikulam,Apartment,1,4.0,11500
Eranhipalam,Apartment,2,6.0,18000
Puthiyara,Apartment,3,9.0,29500
Mankave,Apartment,1,12.0,8000
Mankave,Villa,2,,23000
Puthiyara,Apartment,2,2.0,19000
Calicut University,House,2,,23500
Thondayad,Flat,3,0.0,25000
Eranhipalam,Flat,3,0.0,25000
Bilathikulam,Apartment,2,7.0,19500
Bilathikulam,Flat,1,6.0,9500
Beach Road,Apartment,2,11.0,23000
Mankave,Flat,2,1.0,14500
Kottuli,House,3,,25000
Palayam,House,2,,24500
Malaparamba,House,1,,10500
Mavoor Road,Apartment,3,3.0,34000
Kunnamangalam,Apartment,3,8.0,19500
Vellimadukunnu,Flat,3,7.0,23000
Kottuli,Apartment,4,13.0,32000
Koyilandy Road,House,2,,19500
Mathara,House,2,,18000
Chevayur,Apartment,1,3.0,11000
Panniyankara,Apartment,2,15.0,14000
Bilathikulam,Apartment,1,12.0,11000
Kottuli,Apartment,2,11.0,13500
Vellimadukunnu,Apartment,1,5.0,8000
Palayam,Flat,2,7.0,19000
Kuthiravattom,Apartment,4,7.0,33500
Puthiyara,Apartment,1,13.0,10500
Kunnamangalam,Flat,1,5.0,6000
Beach Road,Flat,4,0.0,50000
Beach Road,Apartment,3,3.0,35500
Eranhipalam,Villa,2,,28500
Medical College,Flat,2,5.0,19500
Calicut University,Apartment,3,9.0,37000
Palayam,Apartment,4,3.0,51000
Eranhipalam,House,2,,22500
Palayam,Flat,2,3.0,18500
Beach Road,Villa,2,,34000
Bilathikulam,Villa,2,,29000
Malaparamba,Apartment,1,1.0,9000
Palayam,Apartment,2,15.0,19500
Medical College,Flat,2,4.0,21000
Thondayad,Flat,2,8.0,16500
Mathara,Apartment,3,8.0,25500
Ulliyeri,House,1,,7500
Eranhipalam,Flat,1,6.0,9000
Kuthiravattom,Apartment,3,3.0,26500
Thiruvannur,Flat,2,7.0,11000
Palayam,House,3,,36000
Nadakkavu,Flat,2,7.0,19000
Chevayur,Villa,3,,45000
Koyilandy Road,Flat,1,5.0,8500
Eranhipalam,Villa,4,,67000
Mavoor Road,Apartment,1,7.0,11500
Nadakkavu,Apartment,2,14.0,19000
Thondayad,Villa,2,,27000
Palayam,Apartment,1,13.0,11000
Mankave,Flat,2,7.0,15000
Kunnamangalam,Apartment,1,8.0,6000
Puthiyara,Flat,1,6.0,10500
Vellimadukunnu,Apartment,2,14.0,15000
Panniyankara,Villa,1,,11000
Feroke,House,2,,16500
Malaparamba,Flat,3,6.0,27000
Balussery,Apartment,1,14.0,6500
Medical College,Apartment,1,3.0,12500
Kuthiravattom,Flat,2,0.0,13000
Mavoor Road,Apartment,3,9.0,37500
Koyilandy Road,Flat,3,7.0,24000
Panniyankara,Flat,2,5.0,14000
Vellimadukunnu,Flat,1,5.0,7500
Ulliyeri,Apartment,4,10.0,27000
Calicut University,Apartment,3,15.0,38000
Koyilandy Road,Apartment,3,12.0,26500
Thondayad,Apartment,2,2.0,17500
Panniyankara,Apartment,3,10.0,23000
Puthiyara,Flat,1,3.0,9000
Kunnamangalam,Apartment,2,7.0,10500
Feroke,Apartment,2,3.0,14000
Nadakkavu,Apartment,2,1.0,18500
Malaparamba,Apartment,3,12.0,26500
Thondayad,Apartment,1,13.0,9000
Bilathikulam,Apartment,2,15.0,17500
Puthiyara,House,2,,22000
Ulliyeri,Apartment,2,5.0,13000
Beach Road,Apartment,3,7.0,35500
Eranhipalam,Apartment,4,12.0,43500
Ulliyeri,Apartment,1,8.0,6000
Chevayur,Flat,2,3.0,17000
Ulliyeri,Apartment,3,9.0,19000
Vellimadukunnu,Apartment,3,2.0,25000
Chevayur,Flat,1,8.0,9000
Kunnamangalam,Apartment,3,9.0,18000
Eranhipalam,Apartment,3,5.0,32000
Malaparamba,Apartment,2,4.0,17000
Mathara,Flat,2,7.0,14000
Beach Road,Flat,3,8.0,33500
Mankave,Flat,2,8.0,15000
Vellimadukunnu,Apartment,1,7.0,7500
Bilathikulam,Villa,3,,43500
Bilathikulam,Apartment,1,7.0,10000
Vellimadukunnu,Flat,2,0.0,12500
Malaparamba,Villa,2,,25000
Beach Road,Apartment,2,1.0,24500
Chevayur,Apartment,2,1.0,19000
Bilathikulam,Flat,2,7.0,17500
Mankave,Flat,3,0.0,23000
Thondayad,Villa,1,,14500
Nadakkavu,Flat,1,5.0,10500
Bilathikulam,Apartment,2,10.0,19000
Panniyankara,Flat,2,2.0,14000
Vellimadukunnu,Apartment,1,14.0,7500
Mankave,Apartment,2,8.0,16500
Kuthiravattom,Villa,1,,11500
Bilathikulam,Apartment,2,4.0,19000
Medical College,Flat,3,4.0,37000
Nadakkavu,Flat,2,1.0,19000
Nadakkavu,Flat,1,5.0,10000
Thiruvannur,Apartment,2,12.0,11500
Kottuli,Flat,2,4.0,14500
Vellimadukunnu,Apartment,3,13.0,23500
Panniyankara,Villa,2,,20500
Eranhipalam,Apartment,1,3.0,9500
Koyilandy Road,Apartment,1,13.0,8500
Nadakkavu,Villa,2,,27500
Eranhipalam,House,2,,20500
Palayam,Apartment,1,3.0,11500
Eranhipalam,Apartment,2,1.0,19500
Thondayad,Flat,4,2.0,36500
Eranhipalam,Apartment,1,4.0,11000
Beach Road,Apartment,3,4.0,42000
Vellimadukunnu,Apartment,2,3.0,15000
Malaparamba,Flat,2,5.0,15500
Puthiyara,Flat,3,4.0,28500
Malaparamba,House,3,,34500
Calicut University,Apartment,1,9.0,12000
Koyilandy Road,Apartment,3,11.0,26000
Feroke,Apartment,2,9.0,14500
Palayam,Flat,2,5.0,18500
Mavoor Road,Apartment,3,0.0,36000
Koduvally,Flat,2,2.0,12000
Bilathikulam,Villa,2,,26000
Panniyankara,Flat,1,2.0,7000
Mankave,Flat,2,4.0,15500
Palayam,Flat,1,3.0,11000
Chevayur,Apartment,2,15.0,19000
Vellimadukunnu,House,2,,17500
Eranhipalam,Flat,1,1.0,9000
Palayam,Apartment,1,6.0,12000
Panniyankara,Apartment,1,5.0,8500
Chevayur,Flat,1,0.0,9000
Thondayad,Flat,1,4.0,9500
Palayam,Apartment,3,2.0,32500
Calicut University,Villa,2,,34000
Puthiyara,Flat,1,3.0,10000
Vellimadukunnu,Flat,2,7.0,14000
Ulliyeri,Apartment,2,14.0,12000
Mankave,Flat,2,4.0,16000
Mavoor Road,Flat,2,1.0,19500
Puthiyara,Flat,2,7.0,17000
Nadakkavu,Flat,2,7.0,19000
Bilathikulam,Apartment,2,14.0,19000
Bilathikulam,Apartment,1,9.0,10500
Palayam,Villa,3,,46000
Medical College,Flat,3,5.0,35000
Bilathikulam,Villa,1,,15000
Malaparamba,Flat,3,4.0,25500
Bilathikulam,Flat,2,8.0,17000
Eranhipalam,Flat,2,5.0,18000
Bilathikulam,House,1,,12500
Kuthiravattom,Apartment,2,14.0,16000
Kunnamangalam,Apartment,3,13.0,19500
Palayam,Apartment,1,7.0,10500
Balussery,Flat,1,4.0,6500
Puthiyara,Apartment,2,4.0,20500
Eranhipalam,House,1,,11500
Palayam,Apartment,3,3.0,31500
Nadakkavu,Flat,2,4.0,19500
Kunnamangalam,House,2,,13500
Malaparamba,Flat,2,5.0,15000
Nadakkavu,Villa,2,,27500
Thondayad,Apartment,2,0.0,16000
Bilathikulam,Apartment,2,11.0,17500
Mankave,Apartment,3,0.0,27000
Feroke,Flat,1,0.0,7000
Mukkam,Apartment,2,13.0,12500
Palayam,Flat,1,0.0,9500
Puthiyara,Apartment,4,14.0,47500
Koduvally,House,3,,23500
Ulliyeri,Flat,1,8.0,5500
Bilathikulam,Flat,2,7.0,18000
Koyilandy Road,Flat,1,5.0,9000
Medical College,Apartment,2,13.0,21500
Mathara,Apartment,2,11.0,14500
Puthiyara,Apartment,2,0.0,18500
Thondayad,Apartment,2,10.0,18000
Kottuli,House,1,,9500
Chevayur,Villa,3,,44000
Medical College,Apartment,1,6.0,12000
Chevayur,Apartment,1,7.0,11000
Koyilandy Road,Apartment,2,7.0,17000
Bilathikulam,Apartment,2,10.0,18500
Kuthiravattom,Flat,2,5.0,15500
Bilathikulam,Villa,1,,14500
Chevayur,Flat,2,6.0,19500
Thondayad,Apartment,1,13.0,9000
Eranhipalam,House,2,,21000
Panniyankara,Apartment,2,1.0,14000
Chevayur,Flat,2,7.0,17500
Koyilandy Road,Apartment,3,13.0,27000
Puthiyara,Flat,1,5.0,10500
Mathara,Apartment,3,5.0,25000
Nadakkavu,Apartment,2,4.0,19000
Calicut University,Apartment,3,6.0,39500
Mavoor Road,Villa,2,,32000
Mankave,Villa,2,,22000
Chevayur,Flat,2,1.0,19000
Calicut University,Apartment,2,15.0,23000
Thondayad,House,3,,34000
Beach Road,Apartment,2,7.0,22000
Kottuli,Flat,4,0.0,28500
Kuthiravattom,Flat,3,2.0,23500
Mankave,Flat,3,5.0,26000
Mavoor Road,Apartment,1,7.0,11500
Malaparamba,Flat,2,6.0,15500
Beach Road,Apartment,2,5.0,23000
Chevayur,Villa,2,,28500
Puthiyara,Flat,3,2.0,30000
Thondayad,Apartment,3,14.0,29000
Malaparamba,Villa,3,,38500
Kottuli,Flat,2,7.0,12500
Kuthiravattom,Apartment,2,2.0,15500
Panniyankara,Flat,1,0.0,7000
Koyilandy Road,Apartment,3,15.0,26500
Mathara,Flat,2,4.0,15000
Nadakkavu,Apartment,2,13.0,18000
Ulliyeri,Villa,1,,8500
Mathara,Flat,2,6.0,14500
Mathara,Apartment,3,1.0,27500
Calicut University,Flat,2,7.0,21000
Chevayur,Flat,2,5.0,18500
Nadakkavu,Apartment,2,0.0,19000
Koyilandy Road,Flat,2,7.0,15000
Medical College,Apartment,1,11.0,12500
Thondayad,Apartment,1,15.0,9000
Puthiyara,Flat,2,7.0,18000
Ulliyeri,Villa,2,,16000
Puthiyara,Flat,2,2.0,18000
Bilathikulam,Flat,3,3.0,26500
Ulliyeri,Apartment,2,12.0,11500
Palayam,Apartment,2,4.0,21000
Calicut University,Flat,3,0.0,30000
Kuthiravattom,Apartment,1,13.0,8000
Kuthiravattom,Apartment,2,5.0,15000
Koduvally,Flat,3,8.0,18500
Koyilandy Road,House,1,,10500
Balussery,Apartment,3,8.0,21500
Palayam,Flat,3,2.0,31500
Mathara,Apartment,3,0.0,24000
Feroke,Apartment,3,4.0,22000
Panniyankara,House,3,,27000
Beach Road,Apartment,2,8.0,24500
Vellimadukunnu,Apartment,3,13.0,24500
Vellimadukunnu,Apartment,4,0.0,31000
Mavoor Road,Villa,2,,30500
Beach Road,Apartment,2,12.0,23000
Thondayad,House,2,,19000
Nadakkavu,Villa,2,,30500
Medical College,Apartment,4,8.0,55500
Chevayur,Flat,1,3.0,9500
Thondayad,Villa,2,,27000
Panniyankara,Flat,2,0.0,12000
Medical College,Flat,2,4.0,22500
Balussery,Apartment,2,10.0,12500
Puthiyara,Villa,3,,45500
Panniyankara,Flat,2,6.0,14000
Chevayur,Flat,3,7.0,31000
Puthiyara,House,2,,21000
Medical College,Villa,1,,18000
Koyilandy Road,House,1,,9500
Mukkam,Apartment,2,12.0,13500
Mankave,Apartment,1,15.0,9000
Palayam,Flat,3,0.0,27500
Malaparamba,Apartment,2,0.0,17000
Koyilandy Road,Apartment,1,6.0,8500
Koyilandy Road,Flat,1,2.0,8500
Koyilandy Road,Apartment,2,15.0,16000
Vellimadukunnu,Flat,3,6.0,22000
Bilathikulam,Flat,2,7.0,15500
Koyilandy Road,Villa,1,,12500
Mavoor Road,Apartment,4,6.0,60000
Thiruvannur,Apartment,2,14.0,12000
Panniyankara,Villa,2,,23000
Kuthiravattom,Apartment,4,9.0,38500
Chevayur,House,3,,34500
Nadakkavu,Villa,2,,29500
Kuthiravattom,Apartment,1,7.0,8000
Koduvally,Apartment,2,2.0,13000
Mankave,Apartment,3,2.0,29000
Mathara,Villa,3,,39000
Panniyankara,Apartment,3,12.0,25500
Mankave,Apartment,2,2.0,16500
Nadakkavu,Villa,3,,50000
Kottuli,Flat,3,3.0,23000
Medical College,Apartment,3,11.0,38500
Calicut University,Flat,1,0.0,10500
Mavoor Road,Apartment,1,10.0,11000
Kottuli,Apartment,2,15.0,13000
Mathara,Apartment,4,8.0,35000
Nadakkavu,Apartment,1,12.0,10000
Eranhipalam,Apartment,2,15.0,17500
Panniyankara,Villa,3,,35000
Malaparamba,Villa,2,,26000
Eranhipalam,Apartment,2,2.0,19500
Panniyankara,Apartment,1,0.0,7500
Panniyankara,Flat,3,3.0,21500
Mavoor Road,House,1,,14000
Mavoor Road,House,1,,14000
Bilathikulam,Apartment,2,8.0,19000
Calicut University,Apartment,3,1.0,33500
Mathara,Apartment,2,15.0,15500
Puthiyara,House,2,,23500
Kottuli,Apartment,1,13.0,7500
Nadakkavu,Flat,1,4.0,10500
Koduvally,Flat,2,6.0,11500
Beach Road,Apartment,2,7.0,24500
Balussery,Apartment,4,0.0,30500
Mavoor Road,Villa,2,,31000
Bilathikulam,Apartment,3,5.0,34000
Ulliyeri,Apartment,2,3.0,11500
Eranhipalam,Flat,3,4.0,31000
Medical College,Flat,3,0.0,32500
Bilathikulam,Villa,2,,28000
Eranhipalam,Apartment,2,15.0,18000
Kuthiravattom,Flat,1,0.0,8000
Malaparamba,Flat,2,6.0,16500
Beach Road,Flat,3,8.0,33500
Nadakkavu,Villa,4,,72000
Eranhipalam,Villa,3,,45000
Eranhipalam,Apartment,1,0.0,9000
Bilathikulam,Apartment,1,6.0,10500
Thondayad,Apartment,1,8.0,9500
Calicut University,House,2,,26500
Vellimadukunnu,Apartment,1,0.0,7500
Balussery,Villa,2,,17000
Eranhipalam,Flat,4,7.0,36500
Mankave,Apartment,2,9.0,15500
Koyilandy Road,Apartment,2,11.0,16000
Eranhipalam,Apartment,3,4.0,29000
Koduvally,Flat,2,4.0,12000
Nadakkavu,Apartment,2,0.0,19000
Malaparamba,Villa,2,,26000
Panniyankara,Villa,2,,22000
Palayam,Flat,2,7.0,19000
Medical College,Apartment,2,7.0,21500
Chevayur,Flat,2,5.0,18000
Palayam,Flat,2,1.0,18500
Koduvally,Apartment,2,1.0,11500
Nadakkavu,Apartment,3,6.0,34000
Beach Road,Flat,2,6.0,21500
Calicut University,Apartment,4,2.0,49500
Puthiyara,Apartment,2,7.0,18000
Nadakkavu,Apartment,3,11.0,29500
Kuthiravattom,Flat,2,8.0,14000
Koyilandy Road,Flat,4,7.0,34500
Thondayad,Apartment,3,6.0,29000
Mukkam,Flat,2,7.0,12500
Panniyankara,House,3,,30500
Beach Road,Apartment,2,6.0,22000
Medical College,Apartment,1,1.0,13000
Mathara,Apartment,3,10.0,25000
Panniyankara,Villa,4,,53000
Palayam,Apartment,3,3.0,35000
Kottuli,Apartment,2,0.0,14500
Calicut University,House,2,,25000
Malaparamba,Villa,1,,14000
Panniyankara,House,2,,18000
Thondayad,Villa,2,,26500
Feroke,Apartment,2,1.0,14500
Thondayad,House,1,,11000
Puthiyara,Apartment,2,3.0,18500
Kunnamangalam,Apartment,3,4.0,20000
Koduvally,Flat,1,6.0,6500
Vellimadukunnu,Flat,2,2.0,12500
Thiruvannur,Apartment,2,15.0,12000
Puthiyara,Apartment,2,15.0,19500
Mankave,Flat,2,5.0,15500
Thondayad,Flat,2,6.0,16000
Koyilandy Road,Apartment,1,7.0,9000
Panniyankara,Flat,2,5.0,15000
Chevayur,Apartment,2,10.0,20000
Mathara,Flat,1,5.0,8500
Palayam,Apartment,3,7.0,33000
Beach Road,Apartment,2,15.0,23500
Chevayur,Apartment,3,0.0,30000
Chevayur,Apartment,3,12.0,29000
Ulliyeri,Flat,3,8.0,16500
Kottuli,Flat,3,6.0,21000
Kunnamangalam,Flat,2,7.0,9500
Koyilandy Road,Apartment,1,1.0,8500
Mavoor Road,Apartment,2,5.0,21500
Nadakkavu,Flat,2,5.0,17500
Calicut University,Apartment,3,1.0,36500
Palayam,Apartment,3,12.0,33000
Kuthiravattom,House,3,,29500
Mathara,Apartment,1,13.0,8000
Eranhipalam,Villa,2,,26000
Balussery,Flat,3,4.0,20500
Puthiyara,Apartment,2,0.0,19500
Mankave,Apartment,4,13.0,39000
Puthiyara,Apartment,2,6.0,20500
Eranhipalam,Villa,3,,46000
Malaparamba,Flat,2,2.0,14500
Bilathikulam,Villa,2,,28000
Mankave,Flat,4,7.0,33000
Mavoor Road,Villa,2,,32000
Mavoor Road,Apartment,2,14.0,22000
Kottuli,Flat,3,6.0,22500
Koyilandy Road,Apartment,2,13.0,16500
Ulliyeri,Apartment,1,5.0,6500
Eranhipalam,Flat,3,3.0,27500
Koyilandy Road,Flat,2,0.0,13500
Medical College,Apartment,4,14.0,55500
Thondayad,Apartment,3,8.0,29000
Palayam,Apartment,3,3.0,35500
Eranhipalam,Apartment,2,4.0,19500
Balussery,Flat,3,0.0,19500
Palayam,House,3,,37000
Koyilandy Road,Flat,3,6.0,25500
Panniyankara,Flat,2,4.0,13000
Vellimadukunnu,Apartment,3,2.0,25500
Nadakkavu,Apartment,1,7.0,11000
Nadakkavu,Flat,3,8.0,28000
Koduvally,Apartment,2,11.0,11000
Ulliyeri,Apartment,2,1.0,11000
Palayam,Apartment,2,15.0,21000
Puthiyara,Apartment,3,1.0,32000
Panniyankara,Flat,2,4.0,14500
Mathara,Apartment,2,10.0,16500
Chevayur,Villa,2,,30000
Calicut University,Flat,2,5.0,19000
Malaparamba,Villa,1,,14000
Thiruvannur,Apartment,2,9.0,11000
Thondayad,House,2,,19000
Panniyankara,Villa,2,,23500
Bilathikulam,Apartment,2,10.0,17500
Malaparamba,Apartment,1,13.0,9000
Vellimadukunnu,Apartment,1,14.0,8500
Mavoor Road,Flat,2,2.0,20500
Thondayad,Apartment,2,4.0,17500
Eranhipalam,Flat,2,1.0,17000
Koyilandy Road,Flat,1,5.0,8500
Koduvally,Apartment,3,6.0,22500
Medical College,Flat,2,3.0,20500
Puthiyara,Flat,3,8.0,27000
Medical College,Apartment,2,14.0,20000
Puthiyara,Apartment,2,12.0,19500
Thiruvannur,Flat,1,5.0,6500
Bilathikulam,Apartment,2,8.0,20000
Palayam,Villa,1,,16000
Thiruvannur,Villa,2,,16500
Puthiyara,Villa,2,,28500
Palayam,Apartment,4,11.0,45500
Thiruvannur,Apartment,2,10.0,12000
Balussery,House,4,,38000
Ulliyeri,Apartment,2,12.0,11500
Thondayad,Apartment,4,14.0,38000
Thondayad,Apartment,2,2.0,17500
Palayam,House,2,,24000
Nadakkavu,Flat,3,4.0,32500
Kottuli,Apartment,2,5.0,15000
Kuthiravattom,Flat,1,5.0,7500
Thondayad,Flat,2,6.0,15500
Nadakkavu,House,3,,37500
Thondayad,Flat,2,8.0,17000
Eranhipalam,Villa,2,,28000
Puthiyara,Apartment,3,12.0,30500
Mankave,Apartment,1,8.0,8500
Malaparamba,Apartment,2,15.0,18000
Thondayad,Flat,2,8.0,15000
Kottuli,Flat,2,0.0,12000
Feroke,Flat,2,8.0,12000
Nadakkavu,Apartment,2,6.0,21000
Kuthiravattom,Apartment,3,7.0,25000
Calicut University,Apartment,2,3.0,20000
Vellimadukunnu,Apartment,1,9.0,7500
Thondayad,Flat,1,7.0,8500
Thondayad,Flat,1,8.0,8500
Koduvally,Apartment,1,7.0,7000
Eranhipalam,Flat,1,7.0,8500
Mathara,Flat,1,2.0,8500
Mankave,Flat,2,8.0,15000
Kuthiravattom,Apartment,2,11.0,14000
Bilathikulam,Villa,1,,14500
Mankave,Apartment,2,15.0,16500
Panniyankara,Flat,1,6.0,8500
Nadakkavu,Flat,1,5.0,10500
Mathara,Apartment,2,7.0,16000
Puthiyara,Apartment,2,15.0,18500
Malaparamba,Apartment,2,11.0,16500
Vellimadukunnu,Villa,2,,21000
Mavoor Road,Flat,2,8.0,20000
Chevayur,Flat,1,8.0,9500
Kuthiravattom,Flat,2,8.0,13500
Balussery,Apartment,2,15.0,13500
Kuthiravattom,Villa,1,,12000
Nadakkavu,Flat,3,7.0,31000
Palayam,Flat,3,6.0,31000
Panniyankara,Flat,3,5.0,24000
Thondayad,Flat,1,8.0,8500
Mavoor Road,Flat,2,1.0,19000
Puthiyara,Apartment,1,2.0,10500
Kottuli,Flat,3,7.0,20000
Bilathikulam,Villa,1,,16000
Koyilandy Road,Villa,2,,23500
Thondayad,Flat,2,5.0,16000
Kottuli,Apartment,2,0.0,12500
Beach Road,Apartment,3,10.0,34500
Balussery,Villa,1,,10500
Nadakkavu,Flat,3,5.0,32500
Feroke,Apartment,2,15.0,14500
Eranhipalam,Apartment,4,7.0,41500
Calicut University,Apartment,2,8.0,22000
Nadakkavu,Apartment,1,6.0,11000
Beach Road,Flat,2,0.0,21500
Koduvally,Apartment,1,1.0,7000
Eranhipalam,Apartment,2,2.0,18000
Bilathikulam,Apartment,3,7.0,32000
Nadakkavu,Apartment,4,2.0,48500
Malaparamba,Apartment,3,4.0,29000
Kunnamangalam,Apartment,2,7.0,10500
Calicut University,Flat,2,8.0,18000
Koyilandy Road,Apartment,2,0.0,16000
Koyilandy Road,Flat,4,1.0,34500
Kottuli,House,2,,17000
Kuthiravattom,Villa,2,,21500
Mathara,Apartment,2,8.0,15500
Malaparamba,Villa,2,,24500
Koyilandy Road,Apartment,3,11.0,28500
Medical College,Apartment,2,11.0,21000
Koyilandy Road,Flat,3,3.0,26500
Bilathikulam,Flat,2,8.0,18000
Puthiyara,Apartment,2,0.0,19000
Nadakkavu,Apartment,1,6.0,12000
Eranhipalam,Apartment,2,5.0,19000
Puthiyara,Flat,3,1.0,29500
Koyilandy Road,Apartment,2,13.0,17000
Kunnamangalam,Flat,2,1.0,11000
Calicut University,Apartment,1,5.0,13500
Koyilandy Road,Apartment,1,2.0,9000
Malaparamba,Apartment,2,10.0,16500
Malaparamba,Flat,3,8.0,25000
Vellimadukunnu,Apartment,2,5.0,16000
Mavoor Road,Flat,1,7.0,10500
Thiruvannur,Flat,3,7.0,19000
Mavoor Road,House,1,,14500
Koyilandy Road,Apartment,3,14.0,28000
Puthiyara,Apartment,3,7.0,30500
Eranhipalam,Apartment,3,8.0,30000
Malaparamba,House,3,,31000
Eranhipalam,Flat,3,4.0,30000
Palayam,Villa,2,,28500
Eranhipalam,House,1,,12000
Panniyankara,Apartment,1,7.0,8500
Kuthiravattom,Flat,1,4.0,8000
Nadakkavu,Apartment,1,14.0,11500
Chevayur,Flat,3,5.0,32500
Malaparamba,Apartment,2,14.0,17000
Chevayur,Apartment,2,0.0,19500
Kottuli,Villa,1,,10500
Chevayur,Flat,3,0.0,26500
Kottuli,Flat,2,1.0,12000
Kottuli,Flat,2,4.0,12500
Mankave,Flat,3,1.0,24000
Mukkam,Apartment,1,1.0,7500
Kunnamangalam,Apartment,1,5.0,6500
Kuthiravattom,Flat,1,3.0,8000
Beach Road,Flat,3,0.0,33500
Balussery,Apartment,1,12.0,6500
Palayam,Flat,2,0.0,16500
Eranhipalam,Apartment,2,8.0,19000
Chevayur,Apartment,1,12.0,9500
Koyilandy Road,Flat,4,0.0,35000
Calicut University,Apartment,2,15.0,21000
Eranhipalam,Apartment,2,5.0,18500
Koduvally,Apartment,1,12.0,7000
Panniyankara,Apartment,2,12.0,14500
Malaparamba,Flat,2,4.0,14500
Mathara,Flat,3,1.0,24500
Feroke,House,1,,8500
Mankave,Apartment,1,0.0,8500
Puthiyara,House,1,,12500
Kottuli,Apartment,2,5.0,14000
Mankave,Villa,3,,41500
Eranhipalam,Apartment,2,12.0,17000
Kunnamangalam,Apartment,4,10.0,25500
Balussery,Apartment,1,1.0,7000
Palayam,Flat,3,2.0,29500
Kuthiravattom,Flat,2,1.0,13000
Thiruvannur,House,3,,21500
Palayam,House,1,,12000
Puthiyara,Apartment,2,9.0,19500
Nadakkavu,Flat,2,4.0,19500
Nadakkavu,Flat,2,1.0,18500
Eranhipalam,Flat,2,4.0,17000
Eranhipalam,Apartment,1,5.0,10000
Bilathikulam,Flat,2,5.0,19000
Eranhipalam,Flat,2,8.0,16000
Ulliyeri,Apartment,3,6.0,20000
Mathara,House,3,,32000
Nadakkavu,House,1,,12000
Kuthiravattom,Villa,2,,23000
Panniyankara,Apartment,4,15.0,34000
Kuthiravattom,Flat,2,7.0,14000
Malaparamba,Flat,2,2.0,15000
Nadakkavu,Villa,1,,15500
Thondayad,House,3,,32000
Nadakkavu,Flat,1,3.0,10500
Chevayur,Apartment,2,6.0,21000
Kuthiravattom,Villa,2,,21000
Mathara,House,2,,18000
Beach Road,Villa,2,,36000
Palayam,Apartment,2,5.0,20000
Koyilandy Road,Flat,2,1.0,15500
Thiruvannur,Apartment,1,5.0,6500
Koduvally,Apartment,2,13.0,13000
Kunnamangalam,Flat,3,5.0,18000
Mukkam,Villa,3,,32000
Chevayur,Flat,4,3.0,43000
Vellimadukunnu,Apartment,2,4.0,14500
Koyilandy Road,Apartment,1,6.0,8500
Mankave,Villa,3,,41500
Palayam,Villa,1,,16500
Puthiyara,Flat,2,3.0,18000
Malaparamba,Flat,1,0.0,8500
Mavoor Road,Flat,1,6.0,11000
Chevayur,Apartment,2,15.0,19000
Calicut University,Flat,1,8.0,10000
Malaparamba,Flat,4,1.0,39500
Koyilandy Road,Apartment,1,9.0,8500
Mankave,Apartment,2,9.0,15500
Malaparamba,Apartment,1,9.0,9500
Beach Road,Apartment,2,12.0,24500
Puthiyara,Apartment,4,11.0,47500
Koduvally,Villa,3,,30500
Nadakkavu,Flat,3,8.0,28500
Koduvally,Flat,3,0.0,16500
Panniyankara,Apartment,2,3.0,16000
Beach Road,Apartment,2,13.0,22000
Feroke,Villa,1,,10500
Medical College,Flat,1,8.0,11500
Ulliyeri,Apartment,2,7.0,10500
Mukkam,Flat,1,2.0,7000
Puthiyara,Apartment,3,5.0,31500
Eranhipalam,Flat,3,4.0,30500
Feroke,Apartment,2,7.0,14500
Palayam,Apartment,3,9.0,32000
Nadakkavu,Apartment,3,3.0,35500
Vellimadukunnu,Flat,2,2.0,13500
Mankave,Flat,2,5.0,15000
Koyilandy Road,Apartment,2,5.0,16500
Koyilandy Road,Flat,2,1.0,14000
Vellimadukunnu,Flat,2,2.0,14000
Malaparamba,Villa,2,,26000
Kottuli,Villa,1,,12000
Thondayad,Apartment,1,15.0,9500
Koyilandy Road,Apartment,3,6.0,27500
Koyilandy Road,Apartment,1,6.0,9000
Puthiyara,Apartment,3,15.0,29500
Mathara,Flat,1,2.0,8500
Mankave,House,2,,18500
Mankave,Flat,3,8.0,23000
Thondayad,Apartment,3,14.0,30000
Bilathikulam,Apartment,2,10.0,19000
Mankave,House,2,,18500
Mankave,Apartment,2,1.0,16500
Koyilandy Road,Flat,4,3.0,36000
Eranhipalam,Villa,3,,40500
Nadakkavu,Apartment,1,0.0,11000
Chevayur,Flat,1,7.0,9500
Thiruvannur,Apartment,1,0.0,6500
Mukkam,Apartment,3,8.0,21000
Calicut University,Apartment,3,11.0,33500
Nadakkavu,Apartment,1,14.0,11500
Mathara,House,1,,9500
Kunnamangalam,Flat,4,3.0,23000
Chevayur,Flat,3,1.0,28500
Kottuli,Flat,2,1.0,13500
Mathara,House,2,,19000
Eranhipalam,Apartment,2,5.0,19000
Koyilandy Road,Flat,1,0.0,8000
Nadakkavu,Apartment,3,7.0,32000
Ulliyeri,Flat,3,4.0,18000
Nadakkavu,Apartment,3,11.0,34500
Kuthiravattom,Apartment,1,10.0,9000
Puthiyara,Apartment,3,0.0,31000
Mankave,Apartment,1,4.0,9500
Eranhipalam,Villa,2,,28000
Koyilandy Road,Flat,3,6.0,26000
Eranhipalam,Apartment,3,2.0,30500
Kunnamangalam,Apartment,2,2.0,11500
Puthiyara,Flat,2,1.0,16500
Mankave,Apartment,2,6.0,18000
Palayam,Apartment,1,2.0,11500
Nadakkavu,Apartment,3,10.0,33500
Mathara,Apartment,1,3.0,9500
Malaparamba,Villa,1,,13500
Koyilandy Road,Apartment,2,5.0,18000
Panniyankara,Apartment,1,3.0,8500
Kuthiravattom,Flat,2,2.0,15000
Koduvally,Apartment,2,5.0,13500
Panniyankara,Flat,2,6.0,14000
Nadakkavu,Flat,3,3.0,30000
Feroke,Apartment,2,13.0,13000
Palayam,Villa,2,,30500
Calicut University,Villa,2,,32000
Medical College,Apartment,1,14.0,12500
Balussery,House,2,,14000
Eranhipalam,Apartment,4,8.0,40500
Ulliyeri,Apartment,3,13.0,19000
Panniyankara,Villa,2,,21500
Mankave,Villa,2,,24000
Mankave,Apartment,2,15.0,16000
Bilathikulam,Flat,2,0.0,16000
Kuthiravattom,Apartment,4,10.0,37000
Puthiyara,Flat,1,5.0,10000
Puthiyara,Flat,1,8.0,10000
Kottuli,Villa,2,,20500
Ulliyeri,Flat,2,0.0,11000
Puthiyara,Flat,1,2.0,10500
Eranhipalam,Apartment,3,6.0,33000
Panniyankara,Flat,1,8.0,7500
Koduvally,Apartment,1,12.0,6500
Medical College,Flat,2,4.0,22500
Kottuli,Apartment,1,2.0,7000
Malaparamba,Flat,3,7.0,23500
Malaparamba,Flat,3,0.0,25000
Panniyankara,Apartment,2,1.0,14000
Mankave,Apartment,2,1.0,15000
Bilathikulam,Flat,2,0.0,17000
Nadakkavu,Apartment,1,10.0,11000
Malaparamba,Apartment,3,12.0,28500
Beach Road,Apartment,2,2.0,21500
Koduvally,Flat,2,1.0,12000
Mukkam,Apartment,2,2.0,13000
Eranhipalam,Apartment,2,9.0,18500
Mathara,Flat,3,1.0,24000
Puthiyara,Apartment,1,10.0,10500
Puthiyara,Flat,2,1.0,17500
Thiruvannur,Villa,3,,27500
Kottuli,Villa,3,,32500
Chevayur,Flat,2,6.0,17500
Kunnamangalam,Flat,2,5.0,11500
Palayam,Flat,2,1.0,18500
Palayam,Apartment,2,10.0,21000
Malaparamba,Apartment,4,2.0,43000
Puthiyara,Apartment,2,0.0,17000
Kuthiravattom,Flat,2,2.0,15000
Mankave,House,1,,10500
Bilathikulam,Apartment,2,6.0,18000
Mukkam,Apartment,2,3.0,14000
Thiruvannur,Apartment,3,2.0,20500
Medical College,Villa,2,,33500
Kottuli,Apartment,1,15.0,7500
Thondayad,Flat,1,7.0,8000
Mathara,Apartment,1,9.0,8000
Mankave,Flat,3,5.0,26000
Medical College,Apartment,1,8.0,12500
Koduvally,Apartment,3,14.0,20500
Vellimadukunnu,Flat,3,0.0,22500
Calicut University,Villa,2,,31000
Balussery,Villa,1,,10000
Eranhipalam,House,3,,34000
Balussery,Apartment,3,4.0,22000
Malaparamba,Flat,2,8.0,15000
Puthiyara,Flat,4,0.0,40500
Nadakkavu,Villa,2,,31000
Puthiyara,Flat,3,0.0,28500
Malaparamba,House,2,,20500
Chevayur,Apartment,2,8.0,18500
Koyilandy Road,Villa,1,,12000
Balussery,Flat,1,1.0,7000
Kuthiravattom,Flat,2,6.0,15000
Malaparamba,Apartment,3,2.0,26500
Eranhipalam,Apartment,2,3.0,19000
Vellimadukunnu,Apartment,2,10.0,14500
Mathara,Apartment,3,1.0,28000
Beach Road,Villa,1,,20000
Beach Road,Flat,2,3.0,22000
Kunnamangalam,Villa,2,,16500
Panniyankara,Flat,3,6.0,23500
Nadakkavu,Flat,2,5.0,19000
Koyilandy Road,Villa,2,,24500
Balussery,Villa,1,,10000
Chevayur,Flat,2,1.0,19000
Puthiyara,Apartment,2,12.0,20000
Kunnamangalam,Apartment,3,6.0,18000
Puthiyara,House,2,,21500
Chevayur,Villa,2,,28000
Koduvally,Flat,2,1.0,12000
Kottuli,Apartment,2,6.0,14000
Nadakkavu,Apartment,2,3.0,20500
Kuthiravattom,Flat,2,3.0,14000
Mavoor Road,Villa,3,,55000
Nadakkavu,Apartment,3,11.0,34000
Kuthiravattom,Flat,1,5.0,8500
Mathara,Apartment,2,4.0,15500
Thondayad,Apartment,1,7.0,9000
Kottuli,Apartment,2,12.0,14000
Kunnamangalam,Apartment,1,0.0,6000
Mavoor Road,Flat,3,8.0,36000
Mankave,Apartment,1,6.0,9500
Bilathikulam,Apartment,3,11.0,29500
Thondayad,Flat,2,3.0,16500
Thondayad,House,2,,18500
Koyilandy Road,Villa,2,,25500
Koyilandy Road,Apartment,2,0.0,14500
Calicut University,Apartment,2,11.0,21000
Calicut University,Villa,3,,54000
Malaparamba,Flat,3,3.0,24500
Nadakkavu,Apartment,2,7.0,20000
Puthiyara,Flat,3,1.0,30000
Chevayur,Villa,2,,29500
Eranhipalam,Apartment,2,4.0,20000
Kottuli,Apartment,2,5.0,15000
Koduvally,Villa,2,,18500
Thondayad,Apartment,1,13.0,9500
Koyilandy Road,Flat,2,7.0,14000
Calicut University,Apartment,2,9.0,21000
Mavoor Road,Villa,3,,58000
Koyilandy Road,Apartment,3,10.0,26500
Kunnamangalam,Apartment,1,12.0,6500
Koyilandy Road,Villa,3,,42500
Mankave,Apartment,1,11.0,8500
Eranhipalam,Apartment,2,15.0,17000
Mankave,Apartment,2,12.0,15500
Puthiyara,Flat,1,1.0,9500
Bilathikulam,Apartment,2,6.0,19000
Thondayad,Villa,3,,43000
Calicut University,Flat,1,6.0,11000
Calicut University,Apartment,2,6.0,20500
Malaparamba,Flat,1,6.0,9500
Malaparamba,Flat,1,0.0,8500
Koyilandy Road,Apartment,1,3.0,9500
Feroke,Apartment,2,13.0,13000
Malaparamba,Flat,2,2.0,16500
Nadakkavu,Apartment,2,6.0,20500
Mathara,House,1,,10500
Thondayad,Flat,3,1.0,28000
Palayam,House,2,,22000
Mankave,Apartment,2,6.0,15500
Puthiyara,Apartment,3,9.0,32500
Palayam,Flat,2,3.0,18500
Panniyankara,Flat,3,1.0,23000
Nadakkavu,Flat,3,4.0,33000
Thondayad,Apartment,1,12.0,9500
Calicut University,Apartment,2,10.0,20000
Kuthiravattom,Flat,2,6.0,15500
Malaparamba,Flat,2,8.0,15500
Mavoor Road,Apartment,2,10.0,22500
Mavoor Road,Villa,2,,33000
Chevayur,Flat,2,3.0,17500
Vellimadukunnu,House,1,,8500
Nadakkavu,Flat,1,4.0,10500
Thondayad,Flat,2,8.0,15500
Thondayad,Flat,2,6.0,17000
Koyilandy Road,Apartment,2,9.0,17000
Thondayad,Flat,1,0.0,9000
Chevayur,Apartment,1,12.0,11500
Thondayad,Apartment,1,9.0,8500
Malaparamba,Apartment,3,15.0,25500
Puthiyara,Flat,3,5.0,30500
Beach Road,Flat,3,1.0,33500
Kottuli,Apartment,2,3.0,15000
Eranhipalam,Apartment,1,7.0,9500
Feroke,Apartment,4,1.0,34500
Kottuli,Flat,2,7.0,12500
Chevayur,Apartment,2,2.0,19500
Bilathikulam,Flat,2,1.0,16500
Chevayur,Apartment,3,5.0,31500
Calicut University,Flat,1,6.0,12000
Mankave,Flat,3,2.0,26500
Vellimadukunnu,Flat,3,6.0,22000
Calicut University,Flat,2,6.0,20500
Thiruvannur,Apartment,2,9.0,11500
Mathara,House,1,,9500
Koyilandy Road,Flat,1,3.0,8000
Panniyankara,Apartment,2,2.0,16000
Nadakkavu,Villa,2,,29000
Calicut University,Villa,2,,32500
Medical College,Villa,2,,32000
Palayam,Flat,2,5.0,20000
Mavoor Road,Apartment,3,6.0,35000
Medical College,Flat,2,1.0,21000
Thondayad,House,2,,18500
Vellimadukunnu,Flat,2,8.0,12500
Thiruvannur,Flat,1,4.0,6500
Koyilandy Road,Flat,3,1.0,24500
Thondayad,House,3,,35000
Kottuli,Flat,2,0.0,12500
Palayam,Apartment,4,4.0,50000
Kuthiravattom,Flat,4,3.0,35500
Thondayad,Apartment,2,15.0,16000
Bilathikulam,Apartment,3,9.0,28000
Kuthiravattom,Flat,4,8.0,35500
Balussery,Flat,3,8.0,20000
Mankave,House,3,,31000
Medical College,Apartment,1,9.0,11000
Mavoor Road,Apartment,2,1.0,21000
Mathara,Flat,2,6.0,14500
Thondayad,Apartment,3,8.0,28500
Mankave,Villa,1,,13500
Palayam,Apartment,3,1.0,31000
Palayam,House,2,,23500
Kottuli,Flat,2,0.0,12500
Kuthiravattom,House,2,,16500
Mavoor Road,House,3,,40500
Palayam,Flat,2,3.0,18500
Bilathikulam,Flat,2,4.0,18000
Medical College,Apartment,1,11.0,12500
Bilathikulam,Apartment,2,12.0,18000
Beach Road,Flat,1,6.0,12500
Palayam,Villa,2,,28000
Kuthiravattom,Apartment,3,1.0,24500
Ulliyeri,House,4,,33000
Calicut University,Apartment,3,8.0,35500
Beach Road,Flat,3,3.0,35500
Koyilandy Road,Flat,1,2.0,8500
Mathara,Villa,2,,24500
Koduvally,Flat,3,8.0,17000
Ulliyeri,Flat,1,6.0,6500
Vellimadukunnu,Flat,3,8.0,20500
Bilathikulam,House,2,,22500
Beach Road,Apartment,1,6.0,13500
Ulliyeri,Apartment,2,3.0,11500
Chevayur,Apartment,2,15.0,18500
Bilathikulam,House,3,,33500
Beach Road,Apartment,1,4.0,13500
Palayam,Apartment,2,5.0,21500
Mankave,Apartment,2,11.0,16500
Chevayur,Apartment,2,6.0,21000
Mathara,Apartment,2,6.0,16000
Eranhipalam,Apartment,2,3.0,18500
Mankave,Apartment,2,2.0,16000
Kunnamangalam,Villa,2,,17000
Koyilandy Road,Apartment,2,0.0,16000
Kottuli,Apartment,2,8.0,13000
Koyilandy Road,Apartment,1,5.0,9500
Balussery,Apartment,1,13.0,7500
Puthiyara,Villa,3,,42500
Bilathikulam,Apartment,3,9.0,32500
Ulliyeri,Flat,1,0.0,5500
Nadakkavu,Flat,1,5.0,11000
Eranhipalam,Flat,2,0.0,16000
Kottuli,Villa,1,,11000
Malaparamba,Flat,2,2.0,15000
Nadakkavu,Apartment,2,6.0,19500
Mavoor Road,Apartment,3,15.0,34000
Bilathikulam,Apartment,2,13.0,19500
Bilathikulam,Apartment,1,15.0,10000
Palayam,Flat,1,6.0,10500
Calicut University,Apartment,2,8.0,21000
Panniyankara,Apartment,1,12.0,7500
Malaparamba,Apartment,1,2.0,9000
Panniyankara,House,4,,40000
Koyilandy Road,Flat,1,3.0,8500
Eranhipalam,Flat,3,0.0,25000
Puthiyara,Flat,2,6.0,19000
Chevayur,Flat,2,1.0,17000
Kuthiravattom,Flat,2,2.0,13000
Eranhipalam,Apartment,3,4.0,33000
Eranhipalam,Apartment,4,4.0,43000
Beach Road,Apartment,1,3.0,12000
Puthiyara,Villa,2,,26000
Medical College,Flat,2,2.0,20000
Nadakkavu,Apartment,1,12.0,10000
Malaparamba,Villa,1,,14000
Mankave,Villa,4,,57500
Bilathikulam,Flat,1,2.0,9000
Palayam,Apartment,4,1.0,50500
Malaparamba,Flat,2,8.0,16000
Puthiyara,Apartment,1,9.0,10000
Calicut University,Flat,1,3.0,11500
Mathara,Apartment,2,14.0,14500
Mathara,Apartment,2,8.0,14500
Nadakkavu,Apartment,1,2.0,11500
Chevayur,Flat,2,4.0,19000
Medical College,Apartment,2,10.0,22000
Panniyankara,Apartment,3,12.0,25000
Vellimadukunnu,Apartment,2,2.0,15000
Mukkam,House,2,,15500
Eranhipalam,Flat,2,4.0,16000
Bilathikulam,Villa,2,,26500
Medical College,Apartment,1,9.0,13000
Koyilandy Road,Villa,3,,40000
Mankave,Flat,2,8.0,15000
Calicut University,Flat,2,7.0,20000
Koduvally,House,4,,36000
Calicut University,Apartment,1,5.0,13000
Vellimadukunnu,Villa,1,,12000
Medical College,Apartment,2,9.0,20500
Nadakkavu,House,3,,38000
Mathara,Flat,2,0.0,15000
Mankave,Villa,3,,36000
Thondayad,House,3,,32500
Bilathikulam,Flat,2,5.0,17000
Chevayur,Flat,2,4.0,17500
Koduvally,Flat,2,0.0,10000
Feroke,Flat,2,7.0,12500
Medical College,Villa,3,,51500
Thondayad,Apartment,2,12.0,18000
Mavoor Road,Apartment,2,11.0,23000
Chevayur,Villa,3,,49500
Feroke,House,1,,8500
Panniyankara,Flat,4,1.0,33500
Koyilandy Road,Flat,2,4.0,15000
Calicut University,Apartment,3,5.0,34500
Eranhipalam,Apartment,3,8.0,30000
Vellimadukunnu,Flat,2,2.0,12500
Bilathikulam,Apartment,2,14.0,19500
Beach Road,Apartment,1,11.0,12500
Panniyankara,Flat,3,0.0,23000
Thiruvannur,Apartment,1,7.0,6000
Eranhipalam,Villa,1,,15500
Eranhipalam,Flat,1,5.0,9000
Chevayur,Apartment,1,2.0,11000
Bilathikulam,Flat,2,0.0,17000
Balussery,Flat,2,2.0,12000
Puthiyara,Flat,1,5.0,10500
Medical College,Apartment,3,2.0,37000
Kottuli,Flat,2,1.0,13500
Kottuli,Apartment,1,4.0,8500
Puthiyara,Apartment,2,4.0,18500
Malaparamba,Apartment,2,11.0,15500
Eranhipalam,Apartment,4,0.0,39000
Mankave,Apartment,1,11.0,9500
Bilathikulam,Apartment,1,6.0,11000
Puthiyara,Apartment,1,8.0,11000
Malaparamba,Apartment,3,12.0,27000
Chevayur,Apartment,2,0.0,18500
Bilathikulam,Flat,2,7.0,17000
Calicut University,Apartment,1,5.0,12500
Koyilandy Road,Apartment,1,13.0,9000
Koduvally,Apartment,2,10.0,11500
Calicut University,House,1,,14500
Beach Road,Apartment,2,7.0,22500
Panniyankara,Apartment,2,7.0,15500
Kuthiravattom,Apartment,2,9.0,15000
Mathara,Apartment,2,6.0,16000
Nadakkavu,House,1,,13000
Beach Road,Apartment,3,12.0,36000
Thondayad,Villa,3,,39500
Calicut University,Flat,2,2.0,19500
Chevayur,Apartment,4,6.0,46000
Eranhipalam,Flat,3,0.0,27500
Kottuli,Apartment,1,10.0,8000
Chevayur,Apartment,2,6.0,21500
Mavoor Road,House,2,,24000
Palayam,Flat,1,3.0,11000
Kottuli,House,1,,9000
Palayam,Flat,1,3.0,10000
Puthiyara,Flat,3,4.0,27500
Kuthiravattom,Flat,4,4.0,32500
Puthiyara,Flat,1,5.0,9500
Koduvally,Apartment,2,5.0,13000
Puthiyara,Flat,2,7.0,18000
Thondayad,Apartment,2,3.0,17500
Chevayur,Flat,2,3.0,18000
Beach Road,Villa,4,,86000
Eranhipalam,Apartment,1,8.0,10000
Calicut University,Apartment,3,15.0,34500
Mankave,Apartment,2,1.0,17000
Puthiyara,Flat,3,6.0,29500
Beach Road,Flat,2,5.0,23000
Nadakkavu,Flat,1,2.0,10000
Puthiyara,Apartment,2,11.0,19000
Vellimadukunnu,Apartment,3,6.0,26000
Mukkam,Apartment,2,11.0,12500
Balussery,Villa,2,,18500
Beach Road,Flat,1,5.0,12500
Panniyankara,Flat,2,3.0,14000
Chevayur,Flat,4,2.0,40000
Mathara,Flat,2,4.0,16000
Mankave,Flat,2,6.0,14500
Puthiyara,Apartment,1,14.0,10000
Panniyankara,Apartment,3,0.0,23500
Kottuli,Flat,2,0.0,13000
Mankave,Apartment,3,5.0,27000
Beach Road,Apartment,2,14.0,22500
Thondayad,Villa,2,,24000
Chevayur,Apartment,2,5.0,19000
Bilathikulam,Flat,3,2.0,30500
Eranhipalam,Villa,2,,25500
Thondayad,Flat,2,6.0,17000
Beach Road,Villa,1,,19500
Kuthiravattom,House,2,,16500
Vellimadukunnu,Flat,3,2.0,21000
Palayam,Villa,3,,47500
Nadakkavu,Apartment,2,12.0,20000
Kuthiravattom,Flat,2,2.0,14000
Beach Road,Villa,2,,32500
Mankave,Apartment,3,3.0,26000
Chevayur,Apartment,1,11.0,10000
Koyilandy Road,Apartment,2,12.0,15000
Panniyankara,Flat,2,3.0,13500
Vellimadukunnu,Apartment,3,14.0,24000
Malaparamba,Apartment,2,12.0,17000
Mankave,Apartment,3,15.0,25500
Panniyankara,Apartment,2,0.0,13500
Eranhipalam,Apartment,2,10.0,17500
Koyilandy Road,Flat,2,7.0,14000
Medical College,Villa,2,,32000
Chevayur,Villa,1,,16500
Bilathikulam,Flat,4,4.0,43500
Koyilandy Road,Apartment,4,13.0,39000
Beach Road,Flat,1,0.0,10500
Mathara,Apartment,3,10.0,27000
Eranhipalam,Flat,1,6.0,10000
Eranhipalam,Apartment,3,13.0,28000
Calicut University,Apartment,1,6.0,12000
Koyilandy Road,Flat,2,6.0,15500
Koduvally,Apartment,2,0.0,11500
Kuthiravattom,Flat,3,2.0,23000
Palayam,Apartment,3,2.0,35000
Mathara,Apartment,3,2.0,24500
Mavoor Road,House,2,,27500
Panniyankara,Flat,3,1.0,22000
Medical College,Apartment,3,8.0,38000
Mukkam,Flat,2,3.0,13000
Kuthiravattom,Apartment,3,1.0,26500
Feroke,Apartment,4,2.0,35500
Nadakkavu,Flat,1,7.0,9000
Ulliyeri,Flat,1,5.0,6000
Koyilandy Road,Flat,3,0.0,23000
Eranhipalam,Flat,3,4.0,26500
Palayam,Flat,2,4.0,20500
Thiruvannur,Apartment,3,7.0,20500
Mavoor Road,Apartment,2,8.0,20500
Mavoor Road,Apartment,2,0.0,20500
Puthiyara,Flat,2,0.0,17000
Calicut University,Flat,2,1.0,19000
Nadakkavu,Villa,2,,28500
Nadakkavu,Flat,2,5.0,17500
Malaparamba,Flat,2,3.0,16500
Puthiyara,Apartment,2,11.0,20000
Beach Road,Apartment,2,2.0,22000
Kottuli,Apartment,2,9.0,14500
Thiruvannur,Flat,3,4.0,19000
Feroke,Apartment,3,9.0,21500
Ulliyeri,Flat,3,8.0,16000
Mathara,Apartment,1,7.0,8000
Medical College,Flat,2,4.0,22000
Puthiyara,Apartment,2,13.0,17500
Calicut University,Flat,2,3.0,21000
Medical College,Apartment,2,14.0,22500
Calicut University,Apartment,2,1.0,23500
Nadakkavu,Flat,1,6.0,10500
Nadakkavu,Apartment,3,4.0,35000
Mukkam,Apartment,2,5.0,13500
Thondayad,Flat,2,1.0,16000
Medical College,Flat,2,1.0,22000
Kottuli,House,1,,8500
Kuthiravattom,Flat,1,5.0,7500
Kuthiravattom,Flat,2,6.0,14500
Kunnamangalam,Flat,3,8.0,15500
Chevayur,Flat,3,6.0,32000
Panniyankara,Flat,3,1.0,21500
Kuthiravattom,Villa,3,,39500
Ulliyeri,Apartment,1,11.0,6500
Feroke,Flat,1,5.0,7000
Eranhipalam,Villa,1,,15000
Puthiyara,Flat,1,1.0,10500
Chevayur,Flat,3,5.0,29000
Eranhipalam,Flat,1,3.0,10000
Panniyankara,Apartment,3,14.0,23500
Koduvally,Apartment,2,11.0,12000
Nadakkavu,Flat,2,8.0,18500
Bilathikulam,Flat,1,7.0,8500
Mukkam,Flat,3,5.0,19500
Puthiyara,Apartment,3,0.0,28500
Beach Road,Apartment,3,7.0,39000
Panniyankara,Villa,1,,11500
Mankave,Apartment,1,13.0,8000
Malaparamba,Flat,1,3.0,8500
Mukkam,Apartment,4,3.0,32500
Calicut University,House,2,,25000
Vellimadukunnu,Apartment,2,4.0,15500
Thiruvannur,Flat,3,2.0,17500
Panniyankara,House,2,,18500
Thiruvannur,Apartment,2,14.0,11500
Malaparamba,Flat,1,0.0,8000
Puthiyara,Villa,2,,29500
Eranhipalam,Flat,4,0.0,36500
Chevayur,Flat,2,7.0,17000
Thondayad,Apartment,2,9.0,16000
Medical College,Apartment,2,2.0,21000
Mathara,Flat,2,3.0,14000
Chevayur,Apartment,3,9.0,30500
Puthiyara,Flat,2,3.0,18500
Palayam,Flat,2,3.0,20000
Eranhipalam,Flat,4,6.0,41000
Koyilandy Road,Apartment,2,9.0,15500
Eranhipalam,Apartment,1,15.0,9000
Palayam,Flat,3,8.0,32000
Chevayur,Apartment,2,2.0,20000
Bilathikulam,Flat,3,4.0,27000
Ulliyeri,House,2,,14000
Puthiyara,Apartment,1,9.0,11000
Mankave,Flat,3,0.0,24000
Malaparamba,Apartment,2,10.0,16500
Medical College,Apartment,1,3.0,12000
Mavoor Road,Flat,1,6.0,11000
Mathara,Apartment,2,15.0,15000
Thondayad,House,3,,35000
Malaparamba,Flat,1,0.0,8500
Koyilandy Road,Villa,3,,40500
Koyilandy Road,Flat,4,2.0,33500
Puthiyara,Flat,3,4.0,30000
Calicut University,Apartment,4,15.0,53000
Nadakkavu,Apartment,2,8.0,19000
Feroke,Apartment,1,9.0,7500
Kottuli,Apartment,2,2.0,13500
Koduvally,Apartment,3,9.0,21000
Thiruvannur,Flat,3,3.0,17000
Balussery,Apartment,3,7.0,20500
Kottuli,Flat,4,4.0,35000
Kottuli,Apartment,3,11.0,23000
Medical College,Apartment,3,0.0,33000
Calicut University,Flat,2,7.0,18500
Koduvally,Apartment,2,2.0,12500
Kottuli,Apartment,4,4.0,37000
Eranhipalam,Flat,3,1.0,27500
Eranhipalam,Apartment,1,7.0,10000
Mankave,Villa,3,,40500
Palayam,Villa,4,,74000
Thiruvannur,Flat,1,8.0,6500
Vellimadukunnu,Apartment,2,6.0,15500
Panniyankara,House,4,,39000
Mavoor Road,Apartment,2,10.0,23000
Mathara,House,1,,10500
Ulliyeri,Apartment,4,6.0,27000
Mathara,Apartment,2,12.0,14500
Puthiyara,Flat,3,6.0,31500
Nadakkavu,Flat,2,2.0,18500
Panniyankara,Apartment,2,7.0,15000
Mathara,Apartment,1,12.0,8000
Malaparamba,Flat,3,4.0,25500
Medical College,Flat,2,8.0,20500
Puthiyara,Apartment,2,11.0,19500
Puthiyara,Apartment,1,0.0,10500
Malaparamba,Flat,3,0.0,23000
Kuthiravattom,Villa,1,,12500
Koduvally,Flat,4,1.0,26500
Kunnamangalam,Apartment,3,9.0,19000
Kottuli,Apartment,2,6.0,14000
Mathara,Flat,3,0.0,24000
Malaparamba,Flat,2,3.0,15500
Bilathikulam,House,3,,35500
Koyilandy Road,Apartment,3,13.0,28000
Thondayad,Apartment,2,9.0,17000
Feroke,Apartment,2,10.0,13000
Palayam,Flat,1,6.0,10500
Kuthiravattom,Apartment,2,3.0,15500
Balussery,Apartment,1,8.0,7000
Koyilandy Road,Flat,2,6.0,14500
Calicut University,Flat,1,7.0,11500
Panniyankara,Villa,2,,22500
Balussery,Apartment,2,6.0,14000
Puthiyara,Apartment,2,4.0,20500
Thondayad,Villa,2,,24500
Mavoor Road,Apartment,4,15.0,51000
Thiruvannur,Flat,1,1.0,6500
Vellimadukunnu,Apartment,2,4.0,16000
Thiruvannur,House,2,,14000
Puthiyara,Apartment,2,0.0,18000
Nadakkavu,Flat,3,0.0,31000
Panniyankara,Flat,1,4.0,7000
Bilathikulam,Apartment,2,14.0,18000
Bilathikulam,Flat,1,0.0,9500
Koduvally,Apartment,1,12.0,7000
Kottuli,Apartment,3,2.0,22000
Eranhipalam,Apartment,1,7.0,9500
Medical College,Villa,2,,33500
Panniyankara,Apartment,3,7.0,22500
Eranhipalam,Flat,1,1.0,9000
Mavoor Road,Flat,3,2.0,36500
Chevayur,House,3,,39000
Puthiyara,Flat,3,3.0,30000
Nadakkavu,Apartment,1,9.0,11000
Kuthiravattom,Villa,1,,12000
Puthiyara,Apartment,2,4.0,20500
Eranhipalam,Flat,2,8.0,16500
Ulliyeri,Apartment,1,10.0,6000
Beach Road,Flat,2,4.0,21500
Thiruvannur,Apartment,2,2.0,11000
Mavoor Road,Apartment,3,7.0,34500
Mathara,Flat,3,7.0,23500
Kuthiravattom,Apartment,3,14.0,25000
Nadakkavu,Flat,2,6.0,19000
Balussery,Apartment,2,10.0,12000
Nadakkavu,Apartment,2,1.0,19000
Mavoor Road,Flat,2,0.0,21000
Puthiyara,Apartment,2,13.0,18500
Nadakkavu,Flat,1,5.0,10000
Mavoor Road,Flat,3,6.0,37000
Kuthiravattom,Flat,2,5.0,13500
Eranhipalam,Flat,2,5.0,17000
Bilathikulam,Flat,2,3.0,18500
Thondayad,Flat,3,5.0,27000
Koyilandy Road,Apartment,3,12.0,28500
Bilathikulam,Flat,2,8.0,17500
Panniyankara,Flat,2,2.0,13500
Kuthiravattom,Apartment,4,13.0,37000
Mathara,Apartment,2,1.0,15500
Koduvally,Apartment,1,6.0,7000
Malaparamba,Apartment,2,15.0,16500
Puthiyara,Apartment,4,15.0,47000
Thondayad,Apartment,1,6.0,9500
Panniyankara,Flat,2,8.0,13500
Puthiyara,Villa,2,,28500
Thiruvannur,Apartment,3,12.0,21000
Eranhipalam,House,2,,21000
Puthiyara,Apartment,2,4.0,20500
Thiruvannur,Apartment,2,6.0,12000
Nadakkavu,Apartment,3,7.0,31000
Eranhipalam,Flat,4,1.0,38500
Koyilandy Road,Flat,1,2.0,8500
Thondayad,Villa,2,,25000
Thondayad,Flat,2,1.0,16000
Koyilandy Road,Flat,2,4.0,15000
Feroke,Flat,3,8.0,20500
Palayam,Flat,1,3.0,11000
Beach Road,Apartment,3,9.0,38500
Medical College,Apartment,3,7.0,36500
Calicut University,Flat,3,5.0,35000
Bilathikulam,Flat,1,6.0,10500
Puthiyara,House,3,,35000
Medical College,Apartment,2,7.0,23000
Bilathikulam,Villa,3,,46500
Mavoor Road,House,2,,25500
Panniyankara,Apartment,1,13.0,8500
Mavoor Road,Flat,2,3.0,21000
Eranhipalam,Flat,4,7.0,38500
Mankave,Apartment,3,6.0,25500
Eranhipalam,Apartment,1,7.0,9500
Nadakkavu,Flat,3,2.0,28500
Kuthiravattom,Flat,2,0.0,13000
Nadakkavu,Apartment,3,13.0,29500
Kottuli,Apartment,3,7.0,23500
Koduvally,Flat,2,1.0,11500
Vellimadukunnu,Apartment,2,12.0,13500
Eranhipalam,Apartment,2,2.0,17500
Calicut University,Apartment,3,12.0,35000
Puthiyara,Apartment,2,9.0,17500
Thiruvannur,House,2,,13500
Ulliyeri,Apartment,3,6.0,19000
Kuthiravattom,Flat,1,0.0,7000
Malaparamba,House,2,,19000
Puthiyara,Flat,2,3.0,17500
Panniyankara,Flat,4,4.0,34500
Thondayad,Villa,3,,40500
Kuthiravattom,Flat,1,5.0,8000
Balussery,Apartment,3,4.0,23000
Puthiyara,Flat,3,4.0,31500
Mukkam,Apartment,1,11.0,6500
Mankave,Flat,3,3.0,26500
Bilathikulam,Flat,3,3.0,27000
Thondayad,Villa,3,,38500
Puthiyara,House,1,,12500
Panniyankara,Flat,2,6.0,15500
Calicut University,Apartment,3,1.0,33000
Medical College,Flat,1,6.0,12000
Mukkam,House,1,,8500
Feroke,Flat,2,5.0,12500
Beach Road,Flat,1,5.0,11500
Kottuli,Flat,1,2.0,7500
Mankave,Flat,1,1.0,7500
Malaparamba,Apartment,2,8.0,16500
Thiruvannur,Flat,3,0.0,18000
Kunnamangalam,House,3,,22500
Chevayur,Apartment,1,11.0,11000
Bilathikulam,Flat,3,1.0,30000
Calicut University,Flat,3,6.0,32500
Bilathikulam,Flat,2,0.0,17500
Kuthiravattom,Flat,1,6.0,8000
Malaparamba,Apartment,3,5.0,26500
Thondayad,Villa,3,,38000
Panniyankara,Apartment,2,5.0,16000
Feroke,Flat,3,1.0,22500
Chevayur,House,3,,34500
Chevayur,House,3,,37000
Nadakkavu,Flat,4,3.0,41500
Thondayad,Flat,2,2.0,14500
Kuthiravattom,Apartment,1,7.0,9000
Kunnamangalam,Villa,2,,15500
Koyilandy Road,Flat,2,6.0,15000
Malaparamba,Apartment,2,2.0,16000
Kuthiravattom,Apartment,2,9.0,16000
Kunnamangalam,Flat,2,0.0,10000
Malaparamba,Apartment,2,9.0,18000
Beach Road,Apartment,4,10.0,51500
Ulliyeri,Villa,1,,9500
Bilathikulam,House,3,,35500
Palayam,Apartment,2,4.0,19500
Beach Road,Flat,1,4.0,12000
Vellimadukunnu,Flat,1,2.0,7500
Koyilandy Road,Flat,2,8.0,15500
Koyilandy Road,Apartment,1,3.0,9000
Nadakkavu,Apartment,3,15.0,30500
Mankave,Apartment,4,4.0,42500
Medical College,Apartment,2,11.0,20500
Kottuli,Flat,4,0.0,31500
Koyilandy Road,Flat,2,3.0,16000
Kottuli,Apartment,1,6.0,8500
Panniyankara,Apartment,2,5.0,14000
Koduvally,Villa,2,,17500
Palayam,Villa,2,,29500
Eranhipalam,Villa,3,,44000
Ulliyeri,Flat,3,8.0,17500
Medical College,Villa,2,,32500
Mukkam,Villa,1,,10000
Koyilandy Road,Apartment,1,4.0,9000
Thondayad,Villa,1,,14500
Eranhipalam,Villa,3,,45000
Malaparamba,Apartment,3,4.0,30500
Puthiyara,Apartment,2,14.0,18000
Vellimadukunnu,Flat,3,7.0,23500
Palayam,Apartment,3,12.0,33000
Chevayur,Apartment,2,5.0,21000
Palayam,Flat,4,3.0,44500
Koyilandy Road,Flat,1,3.0,8500
Mathara,Villa,2,,23500
Malaparamba,Flat,2,6.0,16000
Nadakkavu,Apartment,3,14.0,34000
Kottuli,Apartment,1,2.0,8000
Puthiyara,Flat,1,7.0,9000
Kunnamangalam,Apartment,3,12.0,17500
Mathara,House,2,,17000
Kuthiravattom,Apartment,2,6.0,15000
Nadakkavu,Apartment,2,15.0,19500
Kuthiravattom,Villa,2,,22500
Puthiyara,Apartment,1,14.0,10000
Koduvally,Apartment,3,2.0,20000
Calicut University,Apartment,1,11.0,11500
Calicut University,Flat,1,4.0,11000
Ulliyeri,Villa,2,,17000
Koyilandy Road,Flat,2,3.0,15000
Vellimadukunnu,House,3,,29500
Puthiyara,House,2,,21000
Kuthiravattom,Flat,2,5.0,13500
Beach Road,Flat,1,7.0,12000
Mankave,Villa,2,,22000
Beach Road,Apartment,2,9.0,23500
Palayam,Apartment,2,3.0,20500
Mukkam,Flat,4,7.0,30500
Thiruvannur,Flat,1,5.0,6500
Beach Road,Villa,3,,57000
Thondayad,Flat,3,0.0,23000
Thondayad,Apartment,1,1.0,9500
Koyilandy Road,Flat,2,7.0,15500
Calicut University,Apartment,1,5.0,12000
Puthiyara,Villa,3,,49000
Mukkam,Flat,1,8.0,7000
Bilathikulam,Villa,2,,28000
Feroke,Flat,1,1.0,7000
Eranhipalam,Apartment,2,8.0,18500
Mukkam,Flat,3,8.0,19000
Feroke,Flat,4,8.0,31000
Vellimadukunnu,Flat,3,3.0,22500
Bilathikulam,Flat,2,1.0,16000
Puthiyara,Flat,2,4.0,18500
Mavoor Road,Apartment,2,15.0,23000
Koyilandy Road,Flat,1,0.0,8000
Mavoor Road,Apartment,1,3.0,12000
Kottuli,Apartment,3,14.0,23000
Koyilandy Road,Apartment,3,11.0,26000
Puthiyara,Apartment,2,12.0,17500
Panniyankara,Apartment,2,1.0,15500
Mankave,Apartment,4,2.0,38000
Chevayur,Apartment,3,0.0,28500
Kottuli,Villa,2,,20500
Mathara,Flat,2,8.0,14000
Koduvally,Apartment,3,4.0,22500
Koyilandy Road,Apartment,1,5.0,10000
Mathara,House,2,,19000
Koduvally,Apartment,1,4.0,6500
Malaparamba,Apartment,1,11.0,9500
Bilathikulam,Apartment,1,2.0,11000
Thiruvannur,Apartment,1,8.0,6500
Beach Road,Apartment,2,11.0,24000
Medical College,Villa,1,,16500
Chevayur,Apartment,3,14.0,30500
Kottuli,Flat,1,5.0,7000
Nadakkavu,Apartment,1,8.0,10000
Mavoor Road,House,2,,27500
Feroke,Flat,2,0.0,11500
Mankave,Apartment,1,10.0,8500
Beach Road,Flat,2,4.0,22000
Kuthiravattom,Flat,3,7.0,24000
Mankave,Flat,4,8.0,32500
Kottuli,Villa,2,,20000
Eranhipalam,House,3,,36500
Chevayur,Apartment,1,12.0,10000
Bilathikulam,Apartment,4,5.0,43500
Puthiyara,Villa,2,,27000
Kunnamangalam,Flat,1,5.0,6000
Chevayur,Flat,1,6.0,10000
Kuthiravattom,Flat,2,8.0,14000
Nadakkavu,Villa,1,,16000
Koyilandy Road,House,2,,18500
Nadakkavu,Villa,3,,43500
Thondayad,Flat,3,3.0,25500
Puthiyara,Apartment,2,7.0,17500
Vellimadukunnu,Apartment,2,4.0,16000
Koyilandy Road,Apartment,1,13.0,9000
Thiruvannur,Apartment,4,6.0,28000
Mankave,Apartment,3,13.0,25000
Kottuli,Flat,2,1.0,12500
Kunnamangalam,Flat,3,8.0,17500
Feroke,Flat,3,4.0,21500
Balussery,Villa,3,,28500
Mankave,Flat,2,5.0,14500
Eranhipalam,Apartment,1,5.0,11000
Mankave,Flat,2,3.0,16000
Mankave,Flat,3,8.0,25500
Mavoor Road,House,2,,26500
Chevayur,Apartment,3,4.0,34500
Malaparamba,Villa,1,,13500
Mankave,Apartment,3,1.0,27000
Puthiyara,Apartment,2,12.0,18000
Koduvally,Flat,2,0.0,11500
Puthiyara,Apartment,2,8.0,19500
Beach Road,Villa,3,,59000
Mathara,Apartment,2,4.0,15000
Thiruvannur,Apartment,3,15.0,20000
Eranhipalam,Flat,3,3.0,27000
Koduvally,Villa,1,,9500
Mankave,Apartment,1,14.0,9000
Medical College,Flat,3,6.0,33000
Panniyankara,House,3,,30000
Panniyankara,Apartment,2,2.0,16000
Panniyankara,Flat,3,0.0,22500
Malaparamba,Apartment,2,13.0,16000
Chevayur,Apartment,2,0.0,17000
Calicut University,Villa,3,,53500
Kottuli,Apartment,1,10.0,7500
Medical College,Villa,2,,33500
Koyilandy Road,Apartment,2,1.0,18000
Bilathikulam,Villa,2,,28500
Mavoor Road,Flat,2,1.0,21500
Feroke,Apartment,1,4.0,7500
Kunnamangalam,House,3,,22500
Vellimadukunnu,Flat,2,7.0,14000
Beach Road,Apartment,3,11.0,35500
Kuthiravattom,House,2,,18500
Medical College,Apartment,1,13.0,12500
Malaparamba,Flat,1,1.0,8000
Mankave,Apartment,2,9.0,16500
Bilathikulam,Apartment,3,9.0,30000
Mathara,Flat,1,4.0,8000
Bilathikulam,Flat,1,7.0,9500
Thondayad,Flat,2,5.0,17000
Thiruvannur,Flat,2,0.0,9500
Feroke,Apartment,3,4.0,24500
Beach Road,Villa,2,,32000
Beach Road,Flat,2,8.0,20000
Vellimadukunnu,Apartment,3,14.0,25500
Mukkam,Villa,1,,11000
Mavoor Road,Apartment,2,15.0,22500
Vellimadukunnu,Flat,4,6.0,32000
Beach Road,Apartment,2,15.0,23500
Bilathikulam,Flat,2,4.0,16500
Bilathikulam,Apartment,1,9.0,10500
Beach Road,Apartment,1,10.0,13000
Feroke,Villa,2,,19000
Calicut University,Flat,2,1.0,19000
Puthiyara,Flat,1,6.0,10500
Calicut University,Apartment,3,4.0,34500
Nadakkavu,House,2,,22500
Kottuli,Flat,1,8.0,6500
Medical College,Apartment,1,3.0,12000
Kuthiravattom,Apartment,2,14.0,15500
Eranhipalam,Villa,3,,42500
Mankave,Apartment,1,14.0,8000
Chevayur,Flat,2,1.0,18500
Eranhipalam,Apartment,3,1.0,28500
Malaparamba,Apartment,2,7.0,17000
Kunnamangalam,Flat,2,6.0,10000
Chevayur,Flat,2,7.0,16500
Palayam,Apartment,1,14.0,10500
Mathara,Flat,2,1.0,14000
Feroke,Flat,3,4.0,21000
Puthiyara,Apartment,3,7.0,31000
Koduvally,Villa,1,,9000
Nadakkavu,Flat,3,2.0,32500
Kunnamangalam,House,2,,13500
Koyilandy Road,Villa,1,,13500
Koyilandy Road,Apartment,2,0.0,16500
Koyilandy Road,Flat,1,6.0,9000
Kunnamangalam,Apartment,2,12.0,11500
Kottuli,House,1,,9000
Vellimadukunnu,Villa,2,,19500
Thondayad,Apartment,2,4.0,18000
Chevayur,Flat,1,1.0,9500
Malaparamba,Apartment,2,4.0,18000
Kottuli,Flat,2,6.0,13000
Palayam,Apartment,1,13.0,10500
Kottuli,Apartment,2,6.0,16000
Palayam,House,2,,22000
Nadakkavu,Flat,2,8.0,18500
Medical College,Apartment,2,11.0,22000
Eranhipalam,Apartment,1,11.0,9000
Malaparamba,Apartment,1,13.0,9500
Nadakkavu,Apartment,3,2.0,30000
Chevayur,Apartment,2,11.0,19500
Vellimadukunnu,Apartment,2,15.0,14000
Eranhipalam,Flat,1,3.0,8500
Koduvally,Flat,1,6.0,7000
Koyilandy Road,Flat,3,1.0,26000
Puthiyara,House,2,,22500
Panniyankara,Apartment,3,15.0,24500
Kunnamangalam,Apartment,2,9.0,11500
Thondayad,Apartment,2,1.0,16000
Vellimadukunnu,Apartment,3,3.0,24500
Puthiyara,Apartment,2,15.0,20000
Mankave,House,2,,18000
Bilathikulam,Apartment,2,14.0,20000
Mavoor Road,Apartment,2,9.0,23500
Mankave,Flat,3,8.0,24000
Kottuli,Villa,2,,20500
Vellimadukunnu,House,2,,16000
Panniyankara,Villa,2,,22500
Bilathikulam,Flat,1,5.0,9000
Eranhipalam,Villa,3,,46000
Chevayur,Apartment,2,6.0,21000
Vellimadukunnu,House,1,,9500
Feroke,Flat,3,4.0,23000
Palayam,Flat,3,5.0,31000
Calicut University,Flat,1,6.0,11000
Bilathikulam,Apartment,2,5.0,20500
Bilathikulam,Apartment,2,14.0,18500
Malaparamba,Apartment,2,15.0,16500
Mankave,Apartment,2,15.0,15000
Mathara,Flat,2,1.0,14000
Kottuli,Flat,2,7.0,12000
Mankave,Apartment,1,0.0,8500
Beach Road,Flat,3,1.0,35500
Mukkam,Apartment,3,10.0,20500
Mankave,Apartment,1,2.0,9500
Chevayur,Apartment,2,13.0,17500
Mankave,Apartment,2,4.0,17000
Kuthiravattom,Flat,3,4.0,24500
Ulliyeri,Flat,2,1.0,11500
Mankave,Villa,2,,21500
Palayam,Apartment,2,12.0,20500
Calicut University,Villa,2,,32500
Kuthiravattom,Apartment,3,2.0,24000
Palayam,Apartment,3,7.0,31000
Beach Road,House,1,,14000
Malaparamba,Apartment,2,9.0,15500
Thondayad,Apartment,3,15.0,28000
Vellimadukunnu,Villa,1,,12000
Calicut University,Flat,4,1.0,48000
Kunnamangalam,Villa,3,,28000
Panniyankara,Flat,2,4.0,15000
Mukkam,Apartment,2,6.0,12500
Thondayad,Apartment,3,8.0,27000
Kuthiravattom,Flat,2,6.0,15000
Eranhipalam,Apartment,1,13.0,10000
Kunnamangalam,Flat,2,7.0,9500
Ulliyeri,Flat,1,5.0,6500
Eranhipalam,Flat,1,8.0,8500
Mukkam,Villa,2,,20000
Feroke,Flat,2,6.0,14000
Kottuli,Flat,2,5.0,13500
Kottuli,Flat,2,6.0,12500
Thondayad,Apartment,3,6.0,31000
Ulliyeri,Apartment,2,8.0,12000
Mathara,Villa,1,,13000
Mavoor Road,Villa,3,,56000
Vellimadukunnu,Flat,2,8.0,12000
Puthiyara,Apartment,1,15.0,10500
Bilathikulam,Apartment,2,4.0,18000
Balussery,Flat,2,3.0,12000
Eranhipalam,Flat,3,7.0,25000
Kunnamangalam,Apartment,1,4.0,6500
Nadakkavu,House,3,,38500
Palayam,Flat,2,3.0,18000
Bilathikulam,Flat,2,7.0,18000
Eranhipalam,Apartment,2,8.0,18000
Palayam,Flat,4,8.0,41500
Koduvally,Apartment,2,14.0,11500
Vellimadukunnu,Apartment,3,12.0,22500
Chevayur,Apartment,2,3.0,20500
Koduvally,Villa,2,,18500
Eranhipalam,Flat,2,7.0,16000
Kottuli,Flat,1,4.0,7000
Panniyankara,Apartment,4,7.0,37500
Kuthiravattom,Flat,4,2.0,34000
Balussery,Flat,2,6.0,12500
Palayam,Apartment,2,4.0,20500
Kuthiravattom,Apartment,2,1.0,15500
Calicut University,House,2,,25500
Eranhipalam,Apartment,2,0.0,18500
Bilathikulam,House,2,,21000
Mathara,Flat,2,1.0,15500
Mankave,Apartment,2,13.0,16000
Eranhipalam,Flat,1,4.0,10000
Thondayad,Apartment,1,4.0,9500
Palayam,Flat,3,0.0,29500
Mukkam,Flat,2,3.0,11500
Koyilandy Road,Apartment,1,1.0,9500
Thondayad,Apartment,2,12.0,17000
Feroke,Apartment,1,3.0,7000
Mankave,Flat,2,4.0,15500
Malaparamba,House,2,,20500
Mavoor Road,Flat,3,6.0,35000
Palayam,Apartment,2,3.0,19500
Nadakkavu,Flat,2,6.0,20000
Mankave,Villa,2,,22500
Puthiyara,Apartment,2,7.0,19500
Calicut University,Apartment,2,15.0,21500
Medical College,Apartment,2,0.0,22500
Chevayur,Flat,3,4.0,31000
Kottuli,Flat,3,1.0,21500
Beach Road,Apartment,2,7.0,23500
Mathara,Flat,2,4.0,15500
Panniyankara,Flat,1,0.0,7000
Koyilandy Road,Apartment,3,2.0,25000
Panniyankara,Flat,3,4.0,22000
Koduvally,Apartment,1,8.0,6500
Panniyankara,House,2,,16500
Chevayur,House,2,,22500
Chevayur,Flat,1,0.0,9500
Koduvally,Villa,2,,19000
Kunnamangalam,Flat,1,2.0,5500
Balussery,Apartment,4,0.0,31000
Medical College,House,2,,25000
Bilathikulam,Apartment,2,5.0,20500
Mankave,Apartment,1,5.0,9500
Vellimadukunnu,Apartment,1,0.0,8000
Thondayad,Flat,2,7.0,14500
Malaparamba,Apartment,2,6.0,18000
Mavoor Road,Flat,2,8.0,19000
Medical College,House,2,,27500
Kottuli,House,1,,8500
Eranhipalam,Apartment,2,11.0,18500
Vellimadukunnu,House,2,,18000
Panniyankara,Apartment,2,5.0,14500
Mathara,Apartment,3,13.0,27000
Beach Road,Flat,3,2.0,35000
Mankave,Flat,2,6.0,16000
Kottuli,Apartment,2,15.0,14000
Feroke,Apartment,4,8.0,32500
Panniyankara,Apartment,2,2.0,15000
Kottuli,Flat,3,4.0,22000
Thondayad,Flat,3,0.0,24500
Beach Road,Flat,2,1.0,20000
Vellimadukunnu,Flat,2,0.0,12000
Kottuli,Apartment,2,6.0,15000
Palayam,Flat,2,4.0,19500
Thondayad,Apartment,2,4.0,18500
Bilathikulam,Flat,1,2.0,9000
Kunnamangalam,Flat,3,2.0,16000
Mukkam,Villa,2,,19500
Kottuli,Apartment,1,12.0,8000
Mathara,House,3,,28500
Ulliyeri,Flat,3,8.0,18000
Mukkam,Apartment,2,12.0,12500
Panniyankara,Villa,2,,23000
Mathara,Apartment,1,11.0,9000
Nadakkavu,Villa,3,,47500
Beach Road,Villa,3,,51500
Thiruvannur,Flat,1,8.0,5500
Koduvally,Apartment,2,9.0,11500
Chevayur,Apartment,2,2.0,18500
Nadakkavu,Flat,3,1.0,28500
Palayam,Apartment,2,5.0,21000
Puthiyara,Flat,2,4.0,18000
Vellimadukunnu,Flat,2,2.0,13000
Medical College,Apartment,2,11.0,20500
Nadakkavu,Apartment,3,4.0,36000
Koyilandy Road,Flat,2,0.0,13500
Malaparamba,Apartment,2,0.0,15500
Kuthiravattom,Flat,2,4.0,15500
Bilathikulam,Flat,3,7.0,26500
Nadakkavu,Apartment,1,6.0,11000
Kottuli,Apartment,2,7.0,14500
Koyilandy Road,House,2,,19000
Mankave,Apartment,3,6.0,29000
Feroke,Apartment,1,10.0,8000
Palayam,Apartment,2,8.0,19500
Kuthiravattom,Apartment,2,14.0,15000
Eranhipalam,Flat,3,4.0,29000
Feroke,Apartment,3,12.0,23500
Palayam,Apartment,2,4.0,19500
Thondayad,Apartment,3,4.0,31500
Mathara,Flat,1,6.0,7500
Kuthiravattom,Flat,1,0.0,7500
Thondayad,Apartment,2,12.0,18000
Mukkam,House,3,,25500
Palayam,House,2,,24500
Kuthiravattom,Flat,3,4.0,25500
Malaparamba,Villa,3,,39500
Medical College,Apartment,2,9.0,22500
Chevayur,Apartment,3,4.0,35500
Eranhipalam,Flat,2,3.0,17000
Chevayur,House,1,,12500
Bilathikulam,House,1,,12000
Calicut University,Apartment,3,12.0,34000
Eranhipalam,Apartment,4,9.0,44000
Beach Road,Flat,2,5.0,23000
Bilathikulam,Flat,3,4.0,31500
Feroke,Apartment,2,7.0,13500
Eranhipalam,Apartment,2,14.0,16500
Mavoor Road,Apartment,1,4.0,12000
Kunnamangalam,Apartment,3,9.0,17000
Nadakkavu,Flat,2,0.0,17000
Feroke,Flat,3,7.0,21000
Medical College,House,2,,24500
Nadakkavu,Villa,3,,50000
Mavoor Road,Apartment,3,2.0,37000
Palayam,Villa,4,,75000
Nadakkavu,House,1,,11500
Medical College,Flat,1,2.0,11000
Bilathikulam,Apartment,1,12.0,10500
Palayam,Apartment,2,4.0,19500
Bilathikulam,Apartment,2,8.0,17000
Malaparamba,Flat,3,1.0,25500
Koyilandy Road,Flat,2,2.0,16000
Mathara,Flat,2,1.0,15000
Kunnamangalam,Flat,2,8.0,10000
Palayam,House,1,,12500
Thondayad,Apartment,2,0.0,17000
Mavoor Road,Flat,1,1.0,12000
Puthiyara,Villa,2,,29000
Vellimadukunnu,Apartment,1,7.0,8000
Koyilandy Road,House,2,,17500
Koyilandy Road,Flat,2,4.0,16500
Feroke,Villa,4,,48000
Koyilandy Road,Apartment,2,4.0,17000
Calicut University,Flat,1,8.0,11000
Kuthiravattom,Villa,2,,23500
Malaparamba,Villa,2,,23500
Mankave,Flat,1,6.0,8000
Bilathikulam,Apartment,3,8.0,31000
Malaparamba,Apartment,2,9.0,16000
Chevayur,Apartment,3,7.0,30000
Panniyankara,Apartment,2,12.0,15500
Beach Road,Flat,1,3.0,11000
Malaparamba,Flat,2,7.0,16500
Ulliyeri,Villa,1,,9000
Kottuli,Villa,2,,21000
Puthiyara,Apartment,2,2.0,20500
Palayam,Villa,2,,30500
Beach Road,Apartment,2,15.0,24000
Koyilandy Road,House,1,,11000
Mankave,Apartment,2,7.0,16500
Bilathikulam,Apartment,2,1.0,20000
Koyilandy Road,Flat,2,1.0,14000
Panniyankara,Apartment,2,2.0,15000
Eranhipalam,Flat,2,5.0,17500
Palayam,Villa,3,,50000
Mathara,House,2,,17000
Bilathikulam,House,3,,36000
Nadakkavu,Flat,2,4.0,19000
Palayam,Apartment,3,14.0,33500
Vellimadukunnu,Apartment,3,15.0,25000
Calicut University,Apartment,2,8.0,20500
Mavoor Road,House,3,,45500
Nadakkavu,Apartment,3,12.0,34500
Chevayur,Apartment,2,8.0,19000
Bilathikulam,Apartment,4,9.0,47500
Feroke,Flat,2,7.0,12000
Chevayur,Apartment,1,4.0,10500
Puthiyara,Flat,2,1.0,18000
Kuthiravattom,Villa,3,,35000
Nadakkavu,Flat,3,6.0,31500
Chevayur,Apartment,3,13.0,32500
Mankave,Apartment,2,4.0,16000
Nadakkavu,Apartment,2,13.0,20000
Thondayad,Apartment,3,14.0,29000
Kunnamangalam,Apartment,1,14.0,6500
Calicut University,Apartment,2,13.0,22000
Eranhipalam,Apartment,2,3.0,17500
Chevayur,Villa,3,,43500
Medical College,Apartment,3,0.0,34000
Kuthiravattom,Apartment,4,6.0,39500
Kuthiravattom,Flat,2,6.0,14000
Panniyankara,Flat,3,3.0,23500
Beach Road,Apartment,2,6.0,25500
Thondayad,Apartment,3,9.0,28000
Bilathikulam,Apartment,1,5.0,10500
Mankave,Flat,3,6.0,26000
Mathara,Apartment,4,14.0,38500
Mukkam,Flat,2,4.0,12500
Calicut University,Flat,2,3.0,21000
Medical College,Villa,2,,34500
Mankave,Flat,3,8.0,23500
Mavoor Road,Apartment,2,9.0,21000
Kuthiravattom,House,2,,18500
Kuthiravattom,Villa,3,,36500
Calicut University,Apartment,1,3.0,12500
Kottuli,Flat,3,7.0,20000
Mathara,Apartment,1,10.0,8500
Mathara,Flat,2,0.0,13500
Mathara,Apartment,3,8.0,24000
Feroke,Flat,1,8.0,7000
Kuthiravattom,Apartment,3,8.0,23500
Mathara,Flat,1,0.0,7500
Kuthiravattom,Apartment,2,5.0,15000
Eranhipalam,Apartment,2,5.0,18000
Mathara,Apartment,1,12.0,8000
Medical College,Apartment,2,4.0,22000
Nadakkavu,House,2,,23500
Chevayur,Apartment,1,12.0,10500
Malaparamba,Apartment,2,0.0,15500
Kottuli,Apartment,3,3.0,25000
Ulliyeri,Apartment,2,12.0,12000
Vellimadukunnu,Apartment,3,7.0,23000
Vellimadukunnu,Apartment,4,14.0,32000
Koyilandy Road,Flat,4,0.0,37000
Palayam,Flat,2,4.0,19000
Puthiyara,Villa,2,,27000
Bilathikulam,Apartment,3,5.0,32500
Chevayur,Apartment,1,14.0,10500
Mathara,Apartment,3,9.0,26000
Beach Road,Apartment,2,10.0,24000
Calicut University,Villa,1,,16500
Koduvally,Apartment,2,7.0,12500
Bilathikulam,Apartment,2,12.0,18500
Thondayad,Villa,3,,39500
Ulliyeri,Villa,1,,9500
Chevayur,Apartment,3,7.0,34000
Bilathikulam,Apartment,1,3.0,9500
Panniyankara,Flat,2,3.0,14500
Puthiyara,Apartment,3,12.0,29000
Mavoor Road,Apartment,1,9.0,12000
Malaparamba,Apartment,3,15.0,25500
Bilathikulam,Villa,1,,15500
Calicut University,Apartment,2,15.0,21500
Ulliyeri,Apartment,1,5.0,6000
Koyilandy Road,Flat,4,8.0,36000
Malaparamba,Apartment,3,8.0,26000
Kuthiravattom,Apartment,2,3.0,15000
Kottuli,House,3,,28000
Malaparamba,Apartment,2,5.0,16000
Bilathikulam,Flat,3,6.0,30500
Mathara,Flat,1,8.0,7500
Beach Road,Flat,2,2.0,22500
Ulliyeri,Flat,1,7.0,5500
Vellimadukunnu,Flat,3,3.0,21500
Nadakkavu,Apartment,2,12.0,20500
Calicut University,Apartment,3,9.0,34500
Calicut University,Flat,3,5.0,35000
Ulliyeri,Flat,3,4.0,17500
Koyilandy Road,Apartment,2,5.0,17500
Koduvally,Flat,2,8.0,12000
Puthiyara,Flat,1,4.0,10000
Chevayur,Flat,2,6.0,17500
Calicut University,Flat,3,6.0,33000
Beach Road,Flat,1,4.0,11500
Kuthiravattom,Flat,2,4.0,15500
Bilathikulam,Apartment,1,7.0,10000
Calicut University,Apartment,3,6.0,39000
Eranhipalam,House,3,,34000
Puthiyara,Apartment,3,10.0,29500
Panniyankara,Villa,2,,23000
Kottuli,Apartment,1,14.0,8000
Mathara,Flat,2,8.0,14500
Koduvally,Flat,1,3.0,6000
Koduvally,Apartment,3,1.0,21000
Kunnamangalam,House,1,,7500
Medical College,Flat,2,4.0,22500
Panniyankara,Flat,2,3.0,14000
Bilathikulam,Flat,1,0.0,9500
Malaparamba,Apartment,2,10.0,16000
Palayam,Apartment,3,1.0,34500
Malaparamba,Apartment,1,4.0,10000
Chevayur,Apartment,1,0.0,11000
Koyilandy Road,Flat,1,7.0,8500
Calicut University,Flat,2,4.0,21500
Beach Road,Apartment,2,1.0,22000
Palayam,Villa,1,,16000
Thondayad,Apartment,2,0.0,17000
Puthiyara,Flat,2,2.0,18000
Puthiyara,Apartment,2,11.0,17500
Chevayur,Apartment,3,4.0,35500
Kottuli,Apartment,4,6.0,36000
Mathara,Apartment,2,12.0,14500
Beach Road,Flat,1,2.0,12000
Calicut University,Flat,2,2.0,20000
Calicut University,Flat,1,0.0,9500
Palayam,Flat,1,0.0,9500
Eranhipalam,Flat,3,1.0,28000
Kottuli,Villa,2,,20000
Vellimadukunnu,Flat,1,2.0,7500
Calicut University,Apartment,1,3.0,11500
Chevayur,Flat,3,1.0,32000
Eranhipalam,Apartment,2,2.0,19000
Beach Road,Flat,3,5.0,37500
Malaparamba,Villa,1,,13500
Mathara,Flat,1,6.0,8500
Palayam,Apartment,3,4.0,34500
Balussery,Apartment,2,12.0,12500
Koyilandy Road,Flat,2,8.0,15500
Puthiyara,Apartment,1,6.0,11500
Malaparamba,Apartment,2,15.0,17500
Calicut University,Apartment,1,11.0,12000
Beach Road,Villa,1,,19000
Bilathikulam,Apartment,1,5.0,10000
Panniyankara,Flat,1,0.0,7000
Mukkam,Flat,3,3.0,19500
Kuthiravattom,House,3,,27500
Mavoor Road,Apartment,3,11.0,38000
Nadakkavu,Flat,3,3.0,29500
Eranhipalam,Villa,3,,41500
Thondayad,Apartment,2,11.0,17000
Thiruvannur,Apartment,2,0.0,12000
Calicut University,Flat,2,3.0,20500
Thondayad,Apartment,2,0.0,15000
Panniyankara,Villa,3,,34500
Bilathikulam,Villa,1,,15000
Panniyankara,Flat,2,7.0,13000
Medical College,House,1,,14500
Chevayur,Flat,3,6.0,32000
Vellimadukunnu,Apartment,1,7.0,7500
Nadakkavu,Apartment,3,13.0,34000
Bilathikulam,Villa,3,,43000
Beach Road,Apartment,2,14.0,23500
Puthiyara,Villa,1,,15000
Mankave,Apartment,2,13.0,17000
Palayam,Flat,2,6.0,18500
Koyilandy Road,Apartment,3,11.0,27500
Koduvally,Flat,3,3.0,17500
Kuthiravattom,Apartment,4,1.0,40000
Bilathikulam,Flat,2,6.0,18000
Kuthiravattom,Apartment,1,15.0,8000
Thondayad,Apartment,2,8.0,18000
Puthiyara,Apartment,3,15.0,30000
Thondayad,Flat,2,2.0,17000
Beach Road,Flat,2,3.0,23000
Malaparamba,Apartment,4,5.0,38500
Chevayur,House,1,,11500
Kuthiravattom,Apartment,4,14.0,39000
Thiruvannur,Flat,2,1.0,12000
Eranhipalam,Apartment,2,7.0,18500
Panniyankara,Apartment,2,13.0,14500
Thiruvannur,Villa,2,,18000
Malaparamba,Apartment,2,10.0,16000
Chevayur,Flat,4,8.0,44500
Eranhipalam,Apartment,3,7.0,27500
Feroke,Apartment,1,1.0,7000
Thondayad,Flat,4,5.0,39500
Koyilandy Road,Flat,1,5.0,8500
Eranhipalam,Apartment,1,8.0,9500
Puthiyara,Flat,3,4.0,30500
Panniyankara,Apartment,1,14.0,7500
Mathara,Flat,1,0.0,7000
Ulliyeri,Apartment,2,10.0,11000
Kottuli,Flat,4,4.0,30500
Kuthiravattom,House,2,,18000
Bilathikulam,Villa,2,,28500
Panniyankara,Flat,4,3.0,35500
Bilathikulam,Villa,2,,28000
Balussery,Villa,2,,17500
Palayam,Apartment,2,6.0,19500
Thondayad,Apartment,3,10.0,28000
Chevayur,House,2,,21500
Nadakkavu,Flat,1,4.0,10500
Puthiyara,House,1,,13000
Mathara,Flat,3,4.0,24500
Mavoor Road,Flat,3,3.0,34500
Mukkam,House,1,,8000
Thondayad,Villa,1,,13500
Thiruvannur,Flat,3,8.0,17500
Chevayur,Apartment,1,14.0,11500
Panniyankara,Apartment,2,10.0,14000
Mavoor Road,Apartment,1,4.0,13500
Puthiyara,Apartment,1,3.0,10500
Puthiyara,Flat,2,6.0,19000
Thiruvannur,House,3,,23500
Bilathikulam,Apartment,2,7.0,18000
Koduvally,House,3,,23500
Panniyankara,Apartment,1,7.0,7500
Puthiyara,Flat,2,6.0,19500
Eranhipalam,House,3,,33500
Calicut University,Apartment,2,13.0,20000
Beach Road,Apartment,2,10.0,23000
Koyilandy Road,Flat,2,0.0,15000
Mankave,Flat,3,2.0,24500
Eranhipalam,Apartment,2,6.0,18500
Malaparamba,House,2,,20500
Thondayad,Apartment,3,11.0,28500
Palayam,Apartment,3,9.0,32000
Puthiyara,Apartment,3,11.0,29500
Thiruvannur,Apartment,2,3.0,12500
Bilathikulam,Apartment,1,12.0,9500
Mankave,Apartment,1,14.0,8500
Mavoor Road,Flat,2,5.0,21500
Chevayur,Apartment,2,10.0,20500
Medical College,Apartment,1,6.0,12000
Palayam,Flat,2,1.0,19000
Medical College,Apartment,1,1.0,13000
Panniyankara,Apartment,1,6.0,9000
Thondayad,Flat,1,6.0,8500
Chevayur,Flat,2,2.0,17500
Puthiyara,Apartment,2,13.0,18000
Thondayad,Flat,2,2.0,17000
Bilathikulam,Apartment,2,8.0,19000
Panniyankara,Flat,2,1.0,15000
Feroke,Flat,2,5.0,14000
Koyilandy Road,Apartment,1,14.0,8500
Ulliyeri,Apartment,3,13.0,20500
Kunnamangalam,Apartment,4,4.0,26500
Kuthiravattom,Flat,1,5.0,7500
Nadakkavu,Flat,2,1.0,17500
Medical College,Apartment,1,4.0,11500
Panniyankara,Flat,2,6.0,13500
Palayam,Apartment,2,5.0,19500
Mavoor Road,Flat,2,6.0,22000
Feroke,House,3,,26000
Eranhipalam,Flat,2,6.0,18000
Kuthiravattom,Apartment,2,4.0,16500
Palayam,Apartment,3,3.0,34500
Nadakkavu,Flat,2,0.0,17500
Chevayur,Apartment,1,7.0,10500
Mankave,Flat,2,0.0,14000
Palayam,Villa,2,,28000
Puthiyara,Apartment,2,4.0,21000
Palayam,Apartment,3,15.0,33500
Malaparamba,Flat,4,6.0,40500
Bilathikulam,Apartment,2,10.0,18500
Malaparamba,Villa,2,,23500
Puthiyara,Apartment,1,13.0,10000
Nadakkavu,Flat,3,2.0,30000
Thiruvannur,Apartment,2,7.0,12500
Bilathikulam,Apartment,3,7.0,31000
Calicut University,Apartment,3,9.0,35000
Eranhipalam,Apartment,4,5.0,44500
Nadakkavu,Villa,4,,68000
Koyilandy Road,Apartment,2,4.0,16000
Chevayur,Flat,1,7.0,10000
Panniyankara,Apartment,3,14.0,25000
Medical College,Apartment,2,4.0,24500
Calicut University,Flat,3,2.0,31000
Palayam,Flat,1,8.0,9500
Beach Road,Villa,2,,31500
Panniyankara,Apartment,3,15.0,25500
Thondayad,Flat,3,8.0,24500
Vellimadukunnu,Apartment,2,6.0,15000
Kuthiravattom,Apartment,2,2.0,16000
Kottuli,Flat,2,2.0,12500
Eranhipalam,House,2,,21500
Eranhipalam,Flat,3,4.0,27000
Kuthiravattom,House,2,,17500
Kunnamangalam,Apartment,1,6.0,6000
Malaparamba,Flat,3,8.0,26500
Koyilandy Road,Apartment,1,4.0,9500
Calicut University,Flat,2,8.0,20000
Vellimadukunnu,Apartment,1,1.0,7500
Mukkam,Villa,2,,18500
Thiruvannur,Apartment,2,10.0,11000
Koyilandy Road,Flat,2,8.0,15500
Mankave,Flat,2,2.0,15000
Palayam,Apartment,1,10.0,10000
Mankave,Villa,3,,36500
Nadakkavu,Apartment,4,0.0,46000
Vellimadukunnu,Apartment,3,1.0,25500
Balussery,Apartment,2,2.0,13000
Vellimadukunnu,Villa,2,,22000
Palayam,Apartment,2,9.0,19000
Ulliyeri,Apartment,2,15.0,11000
Balussery,Flat,3,8.0,19500
Nadakkavu,Apartment,1,13.0,10000
Mathara,Apartment,1,2.0,9500
Kottuli,Flat,2,3.0,12500
Eranhipalam,Flat,2,7.0,15500
Balussery,Apartment,4,3.0,29500
Nadakkavu,Apartment,2,11.0,20000
Panniyankara,Apartment,3,12.0,24000
Kunnamangalam,Apartment,2,10.0,11500
Medical College,Apartment,1,5.0,13000
Thondayad,Villa,2,,25000
Calicut University,Apartment,2,15.0,21000
Beach Road,Apartment,2,12.0,22500
Malaparamba,Flat,2,7.0,14000
Mathara,Apartment,2,5.0,17000
Mavoor Road,Apartment,4,0.0,51500
Kottuli,Apartment,2,9.0,14500
Nadakkavu,Apartment,2,13.0,21000
Malaparamba,Apartment,2,9.0,15500
Medical College,Apartment,3,13.0,33500
Puthiyara,Flat,1,2.0,10000
Mathara,Apartment,4,4.0,40000
Mathara,Apartment,1,3.0,9000
Kuthiravattom,Flat,3,5.0,25500
Palayam,Apartment,1,11.0,11000
Mukkam,Flat,2,6.0,13000
Kottuli,Apartment,2,12.0,13500
Chevayur,Villa,2,,27500
Beach Road,Apartment,3,9.0,38000
Puthiyara,Apartment,2,5.0,21000
Kottuli,Apartment,1,3.0,8500
Thiruvannur,Flat,1,5.0,6000
Bilathikulam,Flat,2,5.0,17000
Koduvally,Apartment,1,7.0,7000
Panniyankara,House,4,,41000
Eranhipalam,Flat,2,8.0,16500
Malaparamba,Flat,2,2.0,14500
Mavoor Road,Flat,3,1.0,34500
Puthiyara,Flat,3,0.0,28000
Chevayur,House,3,,38000
Thiruvannur,Apartment,1,13.0,6500
Thondayad,Apartment,1,4.0,9500
Kuthiravattom,Apartment,1,1.0,8500
Chevayur,Flat,3,3.0,30000
Nadakkavu,Villa,1,,16500
Mukkam,Flat,2,1.0,12500
Bilathikulam,Apartment,2,3.0,19500
Bilathikulam,Apartment,2,12.0,19500
Kottuli,Flat,2,2.0,14000
Kunnamangalam,Apartment,3,9.0,18000
Kuthiravattom,Apartment,2,7.0,14500
Kuthiravattom,House,1,,10000
Koyilandy Road,Apartment,2,6.0,18000
Koduvally,Villa,1,,10500
Koyilandy Road,Apartment,2,7.0,17500
Balussery,House,2,,15500
Koduvally,Flat,1,4.0,7000
Mukkam,Flat,2,5.0,12000
Balussery,Apartment,3,9.0,21000
Medical College,Flat,3,0.0,30500
Kottuli,Flat,3,7.0,22000
Eranhipalam,Flat,2,8.0,16500
Koyilandy Road,Flat,3,7.0,24500
Beach Road,House,3,,45000
Malaparamba,Flat,3,7.0,24500
Kunnamangalam,Apartment,3,10.0,17500
Puthiyara,Flat,3,6.0,29000
Mathara,House,2,,17500
Calicut University,Apartment,3,6.0,37500
Kunnamangalam,Villa,2,,16000
Vellimadukunnu,Apartment,2,11.0,15000
Kottuli,Apartment,2,4.0,13500
Palayam,Apartment,2,9.0,19500
Kuthiravattom,Flat,4,2.0,34000
Chevayur,Flat,2,2.0,17000
Thondayad,Villa,2,,23500
Mavoor Road,Villa,3,,58000
Mathara,Apartment,2,5.0,15000
Kottuli,Apartment,1,14.0,8000
Ulliyeri,Flat,3,6.0,17500
Mukkam,Apartment,1,5.0,7500
Kottuli,Apartment,4,6.0,36500
Mankave,Apartment,3,5.0,27500
Puthiyara,Apartment,3,5.0,34500
Calicut University,Apartment,1,14.0,11500
Bilathikulam,Flat,4,6.0,44500
Chevayur,Apartment,4,8.0,44500
Vellimadukunnu,Villa,3,,34000
Kottuli,Flat,1,8.0,7500
Nadakkavu,House,3,,39500
Thondayad,Flat,2,7.0,16000
Kuthiravattom,Flat,3,5.0,24500
Palayam,Villa,3,,44500
Thiruvannur,Flat,1,4.0,6000
Bilathikulam,Flat,2,3.0,16500
Palayam,Apartment,2,5.0,19500
Kuthiravattom,Flat,1,2.0,8500
Thondayad,Apartment,1,6.0,10000
Mankave,Flat,1,3.0,8000
Ulliyeri,Apartment,2,1.0,12500
Beach Road,Apartment,1,8.0,12000
Palayam,Apartment,2,12.0,19500
Panniyankara,Flat,1,4.0,8000
Vellimadukunnu,Flat,1,6.0,8000
Vellimadukunnu,Apartment,3,14.0,24500
Thondayad,Apartment,1,14.0,9000
Koyilandy Road,Villa,1,,12500
Mathara,Apartment,3,2.0,24500
Mavoor Road,Flat,3,5.0,37000
Kunnamangalam,Apartment,2,13.0,10500
Palayam,Apartment,2,2.0,20000
Palayam,Flat,3,5.0,32000
Kottuli,House,3,,25000
Mankave,Apartment,2,4.0,17000
Chevayur,Villa,2,,29500
Malaparamba,Apartment,1,7.0,9000
Kunnamangalam,Apartment,1,3.0,6500
Calicut University,Apartment,2,3.0,20000
Eranhipalam,Flat,3,7.0,26000
Vellimadukunnu,Flat,2,8.0,12000
Panniyankara,Apartment,3,13.0,22500
Nadakkavu,House,1,,13000
Mankave,Apartment,2,9.0,15500
Feroke,Apartment,1,7.0,7500
Nadakkavu,Flat,2,6.0,18000
Mavoor Road,Apartment,2,2.0,23000
Calicut University,Flat,3,5.0,34500
Mavoor Road,Apartment,2,9.0,20500
Mavoor Road,Flat,2,8.0,19500
Panniyankara,House,2,,17500
Panniyankara,Flat,2,7.0,14000
Puthiyara,Apartment,2,9.0,20500
Mavoor Road,Apartment,1,0.0,12000
Nadakkavu,Flat,1,8.0,9500
Eranhipalam,Flat,3,5.0,27000
Beach Road,Flat,2,8.0,22500
Nadakkavu,House,1,,12000
Kunnamangalam,Apartment,3,12.0,18000
Calicut University,House,2,,25500
Kottuli,Flat,2,8.0,12500
Panniyankara,Apartment,1,8.0,8000
Medical College,Apartment,2,13.0,20500
Mavoor Road,Villa,2,,34000
Thondayad,Flat,2,0.0,16000
Mathara,Apartment,3,9.0,25500
Eranhipalam,Apartment,1,14.0,9500
Calicut University,House,2,,23500
Medical College,Flat,3,6.0,32000
Palayam,Apartment,2,8.0,19500
Bilathikulam,Apartment,2,1.0,20000
Mathara,Apartment,3,1.0,24500
Vellimadukunnu,Flat,3,3.0,23500
Eranhipalam,Flat,2,2.0,17500
Malaparamba,House,1,,10500
Palayam,Flat,2,5.0,20000
Puthiyara,Apartment,1,7.0,11000
Beach Road,Flat,2,6.0,20500
Balussery,Apartment,3,6.0,21500
Palayam,Flat,2,4.0,18500
Chevayur,Apartment,2,9.0,18500
Bilathikulam,Villa,1,,14500
Kunnamangalam,Flat,1,2.0,6000
Kunnamangalam,House,1,,6500
Koyilandy Road,Flat,2,0.0,15000
Nadakkavu,Flat,1,2.0,10000
Panniyankara,Villa,2,,20500
Mukkam,Flat,3,7.0,21000
Mavoor Road,Apartment,2,10.0,22500
Thondayad,Villa,4,,59000
Calicut University,Flat,2,6.0,22000
Bilathikulam,Villa,3,,45000
Kunnamangalam,Villa,1,,8500
Panniyankara,Apartment,2,15.0,14000
Beach Road,Apartment,3,9.0,40000
Calicut University,Apartment,2,6.0,20500
Chevayur,Apartment,4,7.0,42500
Vellimadukunnu,House,3,,28000
Koduvally,Apartment,3,8.0,20500
Nadakkavu,House,1,,13500
Balussery,Apartment,3,6.0,20000
Thiruvannur,Apartment,2,5.0,12500
Mavoor Road,Villa,4,,78000
Malaparamba,Flat,1,3.0,8500
Puthiyara,Apartment,4,8.0,44000
Kottuli,Apartment,2,6.0,14000
Mankave,Apartment,1,2.0,9000
Thondayad,Apartment,3,4.0,29500
Medical College,Villa,4,,73500
Panniyankara,Flat,2,3.0,14000
Puthiyara,Apartment,3,9.0,30000
Panniyankara,Villa,2,,22000
Thiruvannur,Flat,1,8.0,6000
Mathara,Villa,3,,39500
Panniyankara,Apartment,2,12.0,15500
Kuthiravattom,Flat,4,0.0,32000
Mankave,Flat,2,1.0,14500
Panniyankara,Apartment,1,8.0,8500
Medical College,Apartment,2,4.0,22000
Kuthiravattom,Apartment,3,14.0,23500
Beach Road,Villa,4,,77000
Nadakkavu,House,2,,22000
Koyilandy Road,Apartment,3,5.0,27500
Thondayad,Apartment,2,8.0,17500
Mankave,Apartment,1,11.0,9000
Mankave,Flat,3,7.0,23000
Nadakkavu,Flat,1,7.0,9500
Panniyankara,Apartment,2,2.0,15000
Kottuli,Flat,3,2.0,23000
Panniyankara,Apartment,3,12.0,22500
Kottuli,Apartment,1,11.0,7000
Calicut University,Apartment,1,9.0,11000
Balussery,Flat,2,3.0,11500
Palayam,Apartment,3,11.0,35000
Chevayur,Flat,2,7.0,17000
Eranhipalam,Apartment,3,13.0,28500
Kottuli,Apartment,1,12.0,7000
Kuthiravattom,Apartment,3,4.0,26000
Vellimadukunnu,House,3,,27000
Kuthiravattom,Villa,1,,12000
Thondayad,Villa,4,,63500
Mathara,Villa,2,,21500
Bilathikulam,Flat,2,2.0,18500
Chevayur,Apartment,2,9.0,18000
Mankave,Flat,2,3.0,15000
Thondayad,Flat,1,8.0,8500
Medical College,Apartment,2,15.0,21000
Kottuli,Apartment,2,0.0,13000
Thiruvannur,House,2,,14000
Eranhipalam,Apartment,3,0.0,29500
Chevayur,Apartment,2,9.0,17500
Mathara,Apartment,3,10.0,27000
Puthiyara,Flat,2,7.0,16000
Balussery,Apartment,4,2.0,33000
Mankave,Flat,3,5.0,24000
Mavoor Road,Apartment,3,10.0,39500
Ulliyeri,Apartment,2,8.0,11000
Koyilandy Road,Flat,2,0.0,13500
Mathara,Flat,1,1.0,8500
Medical College,Flat,2,7.0,19000
Calicut University,Apartment,2,8.0,23000
Mankave,Apartment,3,10.0,26000
Calicut University,Apartment,2,14.0,21500
Koyilandy Road,Apartment,1,11.0,9000
Koduvally,Flat,1,5.0,6500
Calicut University,Apartment,2,13.0,21000
Kuthiravattom,Apartment,1,0.0,8000
Malaparamba,Flat,3,5.0,25000
Eranhipalam,Apartment,1,0.0,10000
Bilathikulam,Flat,1,4.0,9000
Koyilandy Road,Apartment,2,2.0,16500
Malaparamba,Apartment,1,14.0,8500
Nadakkavu,Villa,1,,15500
Nadakkavu,Villa,3,,44500
Kuthiravattom,Flat,2,2.0,14500
Panniyankara,Apartment,2,6.0,16500
Thondayad,Flat,2,0.0,14500
Mathara,Apartment,1,3.0,9000
Mukkam,Apartment,4,14.0,30000
Kuthiravattom,Apartment,1,0.0,8000
Medical College,Flat,2,8.0,20500
Panniyankara,Flat,1,0.0,6500
Mavoor Road,Apartment,2,15.0,21500
Mukkam,Flat,2,6.0,12000
Eranhipalam,House,1,,11500
Mathara,Apartment,3,5.0,28000
Kuthiravattom,Villa,2,,22000
Calicut University,Flat,2,5.0,20500
Puthiyara,Flat,3,2.0,28500
Chevayur,Apartment,1,7.0,10500
Bilathikulam,Villa,2,,29000
Eranhipalam,Flat,2,2.0,17500
Medical College,Apartment,2,9.0,23500
Vellimadukunnu,Apartment,2,13.0,14500
Kuthiravattom,Flat,1,3.0,8000
Mathara,Flat,2,7.0,13500
Chevayur,House,3,,36500
Eranhipalam,Apartment,3,9.0,29000
Malaparamba,Villa,2,,24500
Thiruvannur,Apartment,2,10.0,12000
Koyilandy Road,Flat,1,4.0,9000
Kuthiravattom,Apartment,1,11.0,8000
Bilathikulam,Apartment,2,14.0,17500
Puthiyara,Villa,1,,16000
Panniyankara,Villa,2,,20000
Bilathikulam,Apartment,2,12.0,17000
Bilathikulam,Flat,3,7.0,27500
Koyilandy Road,Apartment,2,3.0,15000
Eranhipalam,Apartment,3,7.0,27500
Malaparamba,Flat,2,4.0,16500
Palayam,Villa,1,,16500
Ulliyeri,Villa,2,,16000
Koyilandy Road,Apartment,2,2.0,16000
Bilathikulam,Villa,2,,27000
Thondayad,Apartment,2,4.0,18000
Panniyankara,Villa,1,,12000
Kottuli,Flat,2,0.0,11500
Feroke,Apartment,3,9.0,24000
Medical College,Flat,3,2.0,35500
Eranhipalam,Apartment,3,4.0,32000
Bilathikulam,Flat,2,5.0,17500
Mankave,Flat,1,3.0,8500
Panniyankara,Apartment,2,9.0,15000
Thiruvannur,Flat,1,2.0,6500
Medical College,Apartment,2,5.0,22000
Koyilandy Road,Apartment,3,0.0,24500
Chevayur,Apartment,3,0.0,30000
Feroke,Flat,2,1.0,13000
Thiruvannur,Apartment,3,6.0,22000
Vellimadukunnu,House,1,,9000
Palayam,Apartment,1,9.0,10500
Puthiyara,Villa,2,,29500
Mathara,Apartment,3,2.0,27500
Bilathikulam,Flat,3,5.0,29500
Kuthiravattom,Villa,4,,50000
Eranhipalam,Flat,2,2.0,18000
Vellimadukunnu,Flat,1,5.0,7500
Kottuli,Apartment,1,14.0,8000
Puthiyara,Apartment,2,8.0,18500
Thiruvannur,House,2,,14000
Chevayur,Flat,1,4.0,10500
Vellimadukunnu,Villa,1,,11500
Vellimadukunnu,Villa,4,,52000
Mankave,Apartment,2,13.0,16000
Calicut University,Apartment,2,2.0,23000
Palayam,Apartment,4,15.0,47000
Beach Road,Flat,3,1.0,37000
Panniyankara,Villa,4,,51500
Koyilandy Road,Flat,3,2.0,25000
Calicut University,Flat,3,2.0,33500
Palayam,Apartment,2,0.0,19500
Puthiyara,Apartment,2,12.0,18500
Mavoor Road,Villa,2,,30000
Malaparamba,Flat,3,4.0,25500
Thondayad,Apartment,2,0.0,17000
Mankave,Flat,1,1.0,9000
Thiruvannur,Flat,4,0.0,27000
Calicut University,Apartment,3,7.0,37000
Calicut University,Flat,2,7.0,18000
Bilathikulam,Flat,1,8.0,9500
Mavoor Road,Apartment,3,6.0,37500
Thondayad,Apartment,1,0.0,8500
Malaparamba,Villa,3,,43000
Panniyankara,Apartment,1,0.0,7500
Chevayur,Apartment,2,9.0,20000
Chevayur,Apartment,2,8.0,20000
Vellimadukunnu,Apartment,1,10.0,7500
Malaparamba,Flat,2,1.0,16000
Puthiyara,Apartment,2,8.0,20000
Thiruvannur,Apartment,2,4.0,13000
Thondayad,House,2,,18500
Mavoor Road,House,2,,27500
Koyilandy Road,Flat,1,3.0,9000
Kottuli,Apartment,1,12.0,8000
Palayam,Flat,1,1.0,10000
Beach Road,Apartment,2,15.0,21500
Mavoor Road,Apartment,3,14.0,35000
Mankave,Flat,2,8.0,14500
Koyilandy Road,Villa,2,,24000
Nadakkavu,Flat,2,5.0,19000
Malaparamba,Flat,3,4.0,27500
Calicut University,House,3,,39000
Kuthiravattom,Flat,2,0.0,13500
Kunnamangalam,Flat,1,3.0,5500
Palayam,Apartment,1,6.0,11000
Puthiyara,Apartment,3,2.0,32000
Malaparamba,House,3,,30500
Bilathikulam,Flat,2,8.0,17000
Palayam,Apartment,1,3.0,11000
Kunnamangalam,Flat,4,2.0,23000
Bilathikulam,Apartment,3,14.0,32500
Palayam,Apartment,3,3.0,31500
Eranhipalam,Flat,2,3.0,17000
Koyilandy Road,Flat,3,6.0,27000
Balussery,Apartment,2,12.0,13000
Kottuli,Apartment,3,3.0,22000
Ulliyeri,Villa,2,,17500
Medical College,Flat,2,6.0,21500
Mankave,House,1,,10500
Puthiyara,Apartment,3,2.0,30000
Vellimadukunnu,Apartment,3,5.0,23500
Palayam,Flat,2,7.0,18500
Malaparamba,Flat,3,5.0,27000
Kottuli,Apartment,3,2.0,23000
Malaparamba,Apartment,1,2.0,9000
Vellimadukunnu,Apartment,2,2.0,16000
Panniyankara,Flat,2,7.0,13500
Malaparamba,Flat,2,3.0,15500
Chevayur,House,3,,38500
Medical College,Apartment,1,2.0,12000
Medical College,House,3,,44000
Puthiyara,Apartment,2,9.0,18500
Puthiyara,Flat,3,8.0,27500
Thondayad,Flat,2,7.0,15500
Palayam,Apartment,2,15.0,19500
Eranhipalam,Flat,1,8.0,8500
Mavoor Road,Flat,2,0.0,18500
Puthiyara,Apartment,3,12.0,33500
Panniyankara,Flat,2,7.0,13500
Bilathikulam,Villa,3,,47000
Nadakkavu,Flat,1,4.0,10000
Palayam,Villa,3,,46500
Thondayad,Flat,3,7.0,27500
Bilathikulam,Apartment,2,4.0,20500
Koduvally,Flat,3,3.0,18500
Koyilandy Road,Flat,1,4.0,8500
Kunnamangalam,Flat,2,4.0,11000
Bilathikulam,Villa,3,,43000
Eranhipalam,Apartment,2,11.0,18000
Nadakkavu,Apartment,3,10.0,34000
Thiruvannur,Flat,1,2.0,6000
Puthiyara,Flat,1,1.0,9000
Mavoor Road,Villa,4,,77500
Thondayad,Flat,2,0.0,15500
Koyilandy Road,Flat,2,1.0,15500
Thiruvannur,Flat,3,0.0,17500
Calicut University,Villa,3,,55500
Kuthiravattom,Apartment,3,9.0,24000
Bilathikulam,Apartment,2,6.0,19000
Palayam,Apartment,3,13.0,32500
Beach Road,House,1,,14000
Koyilandy Road,Flat,2,7.0,15500
Mankave,Apartment,2,4.0,18000
Kuthiravattom,Apartment,3,12.0,24500
Eranhipalam,Apartment,2,9.0,18500
Beach Road,Flat,3,0.0,33500
Medical College,Flat,2,8.0,19000
Chevayur,Apartment,2,6.0,20500
Puthiyara,Apartment,2,14.0,19000
Balussery,House,1,,7500
Bilathikulam,Flat,1,2.0,9500
Nadakkavu,House,1,,13000
Nadakkavu,Villa,2,,29500
Eranhipalam,Flat,3,6.0,27000
Vellimadukunnu,Apartment,3,3.0,24500
Mankave,Flat,3,3.0,25500
Medical College,Apartment,3,1.0,39000
Palayam,Apartment,2,5.0,19500
Mavoor Road,Flat,2,1.0,19500
Nadakkavu,House,1,,12500
Thondayad,House,2,,19000
Nadakkavu,Villa,3,,46500
Koyilandy Road,Flat,1,4.0,9000
Nadakkavu,Apartment,2,8.0,18500
Malaparamba,Flat,3,4.0,27000
Chevayur,Apartment,2,9.0,19000
Vellimadukunnu,Apartment,2,13.0,13500
Kunnamangalam,House,3,,20000
Thondayad,Flat,2,4.0,16000
Koyilandy Road,Villa,1,,12500
Mankave,Apartment,3,4.0,27500
Kottuli,Apartment,3,14.0,24000
Chevayur,Apartment,2,3.0,19500
Kunnamangalam,Apartment,3,5.0,19000
Calicut University,Flat,2,5.0,20500
Kottuli,House,2,,15500
Mankave,Apartment,3,15.0,24500
Chevayur,Flat,2,8.0,16000
Medical College,Apartment,1,2.0,12500
Koduvally,Flat,2,6.0,11500
Mathara,Flat,3,3.0,25500
Beach Road,Apartment,3,0.0,35000
Kottuli,Flat,3,8.0,21000
Puthiyara,Flat,3,7.0,27000
Thondayad,Flat,2,3.0,14500
Calicut University,Apartment,1,5.0,13500
Bilathikulam,Villa,1,,14000
Thondayad,Apartment,2,9.0,17500
Puthiyara,Flat,2,3.0,19000
Beach Road,Flat,3,6.0,34500
Kuthiravattom,Apartment,1,1.0,9000
Panniyankara,Apartment,2,11.0,14500
Mukkam,Apartment,2,13.0,14000
Koyilandy Road,Flat,3,2.0,25500
Malaparamba,Apartment,2,13.0,17500
Thiruvannur,Apartment,2,14.0,12000
Mankave,Flat,2,1.0,14000
Palayam,Flat,3,3.0,33000
Mavoor Road,Apartment,2,2.0,22500
Kottuli,Flat,3,4.0,23000
Vellimadukunnu,Apartment,2,3.0,15500
Vellimadukunnu,Flat,2,6.0,13500
Malaparamba,Flat,2,4.0,15500
Mavoor Road,Apartment,1,9.0,12500
Bilathikulam,Flat,3,4.0,31000
Koyilandy Road,Apartment,3,0.0,27500
Bilathikulam,Flat,2,4.0,16500
Puthiyara,Apartment,1,9.0,10500
Vellimadukunnu,Flat,2,8.0,12500
Mathara,Flat,1,8.0,8000
Malaparamba,Apartment,2,12.0,17500
Eranhipalam,Flat,2,1.0,16000
Koyilandy Road,Apartment,3,13.0,28000
Puthiyara,Apartment,3,8.0,31500
Bilathikulam,Apartment,3,2.0,33000
Medical College,Villa,1,,19000
Nadakkavu,House,3,,39500
Eranhipalam,Flat,3,5.0,30500
Mankave,Apartment,3,3.0,26000
Beach Road,Flat,2,1.0,22000
Nadakkavu,Flat,3,4.0,29000
Malaparamba,Apartment,1,13.0,8500
Mathara,Flat,1,7.0,7500
Thondayad,Apartment,3,0.0,25500
Mathara,Apartment,2,12.0,15500
Calicut University,Flat,2,3.0,21000
Mankave,Flat,2,1.0,15500
Mukkam,Apartment,1,12.0,7500
Mavoor Road,Flat,1,6.0,11500
Palayam,Flat,2,3.0,19500
Medical College,Villa,3,,53500
Kottuli,Flat,2,0.0,11500
Kuthiravattom,Apartment,2,2.0,15000
Puthiyara,Apartment,1,10.0,10000
Palayam,Apartment,2,1.0,20500
Beach Road,Apartment,4,3.0,58500
Panniyankara,Apartment,3,1.0,23500
Malaparamba,Flat,1,7.0,8000
Mavoor Road,Flat,3,3.0,35500
Kottuli,Flat,2,4.0,13000
Puthiyara,Villa,2,,26500
Koyilandy Road,Apartment,3,4.0,28500
Koduvally,Flat,2,1.0,11500
Bilathikulam,Villa,2,,25000
Eranhipalam,House,2,,21500
Mathara,Apartment,2,7.0,16000
Beach Road,Apartment,2,10.0,22000
Kottuli,Flat,4,6.0,32500
Kuthiravattom,Apartment,2,1.0,16500
Vellimadukunnu,Apartment,3,8.0,23500
Vellimadukunnu,Flat,2,8.0,13000
Panniyankara,Flat,2,4.0,15000
Kunnamangalam,Villa,4,,36500
Balussery,Apartment,3,2.0,20500
Palayam,Apartment,2,9.0,18500
Chevayur,Apartment,2,4.0,20500
Feroke,Apartment,3,7.0,21500
Beach Road,Apartment,2,6.0,25500
Thondayad,Apartment,1,2.0,9000
Kottuli,Flat,1,1.0,7500
Chevayur,Flat,3,2.0,30500
Kuthiravattom,Flat,2,0.0,13000
Nadakkavu,Apartment,1,3.0,11000
Koduvally,Apartment,2,4.0,12000
Puthiyara,Apartment,1,5.0,11500
Panniyankara,Apartment,3,2.0,25000
Panniyankara,Apartment,1,8.0,7500
Mukkam,Apartment,3,7.0,22000
Koyilandy Road,Flat,2,7.0,16000
Koyilandy Road,Flat,1,5.0,9000
Koduvally,Flat,2,0.0,10500
Kuthiravattom,Flat,2,5.0,14000
Calicut University,Flat,3,0.0,30000
Eranhipalam,Flat,2,8.0,16500
Nadakkavu,Flat,2,2.0,18500
Chevayur,Villa,2,,28500
Vellimadukunnu,Apartment,1,2.0,8000
Mathara,Apartment,2,2.0,16000
Panniyankara,Flat,1,5.0,8500
Eranhipalam,Villa,1,,15000
Thondayad,Apartment,2,0.0,15000
Thondayad,Flat,1,0.0,8500
Puthiyara,Flat,3,5.0,31000
Balussery,Flat,1,5.0,7000
Eranhipalam,Apartment,3,6.0,29000
Koyilandy Road,Apartment,2,11.0,17500
Mavoor Road,Flat,1,5.0,11000
Kuthiravattom,Flat,4,1.0,35500
Malaparamba,Apartment,1,3.0,10000
Kunnamangalam,Apartment,1,0.0,5500
Koduvally,House,2,,14000
Vellimadukunnu,Villa,3,,35000
Mavoor Road,Flat,1,5.0,11500
Panniyankara,Flat,3,3.0,24000
Beach Road,Apartment,3,5.0,39000
Kuthiravattom,Apartment,2,15.0,15000
Medical College,Flat,1,2.0,12000
Panniyankara,House,2,,16000
Puthiyara,Flat,2,7.0,18000
Koyilandy Road,Villa,2,,24000
Calicut University,Apartment,1,9.0,12500
Mavoor Road,Apartment,1,4.0,13000
Nadakkavu,Apartment,1,4.0,12000
Beach Road,House,2,,26500
Kottuli,Villa,3,,36500
Koduvally,Villa,2,,17000
Kuthiravattom,Apartment,2,1.0,16000
Puthiyara,House,2,,24000
Kuthiravattom,Apartment,2,11.0,14000
Chevayur,Apartment,4,14.0,46500
Thiruvannur,Apartment,1,6.0,7000
Thiruvannur,Flat,3,8.0,17500
Eranhipalam,Flat,2,0.0,15000
Chevayur,Apartment,2,10.0,19500
Vellimadukunnu,Flat,2,5.0,13000
Thondayad,Villa,2,,24000
Medical College,Flat,3,5.0,35500
Kuthiravattom,Villa,3,,38500
Panniyankara,Apartment,3,2.0,26000
Eranhipalam,House,1,,12000
Feroke,Flat,1,4.0,7500
Calicut University,Villa,2,,33000
Feroke,Flat,3,4.0,22500
Thiruvannur,Flat,2,1.0,10500
Beach Road,Apartment,2,7.0,23500
Balussery,Flat,1,0.0,6500
Calicut University,Flat,2,5.0,22000
Nadakkavu,Apartment,2,2.0,20000
Calicut University,Villa,2,,31000
Medical College,Apartment,2,0.0,20500
Mavoor Road,Flat,3,8.0,35500
Mathara,House,2,,17500
Eranhipalam,Apartment,3,8.0,32000
Kunnamangalam,Flat,2,3.0,10000
Kuthiravattom,House,3,,28000
Medical College,Apartment,1,9.0,12500
Thondayad,Flat,1,4.0,9500
Kunnamangalam,House,2,,12000
Mukkam,Flat,1,3.0,7000
Chevayur,Flat,2,5.0,19000
Chevayur,Flat,2,4.0,19000
Koyilandy Road,Villa,1,,13000
Nadakkavu,Apartment,1,15.0,10000
Kunnamangalam,Apartment,1,4.0,6500
Palayam,Apartment,3,2.0,34500
Panniyankara,Flat,1,1.0,7000
Palayam,Apartment,2,4.0,21500
Mavoor Road,Flat,3,5.0,35000
Nadakkavu,Apartment,1,11.0,10500
Balussery,Flat,2,5.0,12500
Eranhipalam,Apartment,3,6.0,29000
Bilathikulam,Flat,2,5.0,18500
Thondayad,Apartment,3,8.0,26000
Nadakkavu,Apartment,2,5.0,21000
Panniyankara,Villa,2,,21500
Nadakkavu,Apartment,3,1.0,34500
Mathara,Apartment,2,15.0,16000
Palayam,Flat,2,7.0,17000
Eranhipalam,House,1,,11000
Mathara,Villa,3,,40000
Kunnamangalam,Flat,3,8.0,17500
Mankave,Apartment,1,11.0,8500
Chevayur,Flat,1,2.0,9000
Malaparamba,Flat,3,4.0,27500
Mathara,Villa,3,,36500
Bilathikulam,Apartment,1,6.0,11000
Puthiyara,Flat,2,4.0,17000
Thiruvannur,Apartment,1,0.0,6000
Mankave,Flat,2,1.0,15000
Chevayur,Apartment,2,14.0,20000
Bilathikulam,Apartment,2,9.0,17000
Vellimadukunnu,Apartment,1,10.0,8000
Koyilandy Road,Villa,3,,38500
Chevayur,Apartment,2,9.0,18500
Medical College,Apartment,3,11.0,34500
Eranhipalam,Flat,2,7.0,17000
Vellimadukunnu,Apartment,1,7.0,8000
Palayam,Apartment,1,15.0,11500
Palayam,Flat,1,0.0,9000
Medical College,Villa,3,,54000
Puthiyara,Apartment,1,13.0,10500
Beach Road,Flat,2,8.0,22000
Bilathikulam,Apartment,2,14.0,19500
Mavoor Road,Flat,2,1.0,22000
Mankave,Apartment,3,2.0,25500
Balussery,Apartment,2,12.0,13000
Bilathikulam,Apartment,3,2.0,30000
Chevayur,Apartment,2,2.0,20500
Kottuli,Apartment,3,8.0,21500
Kunnamangalam,Apartment,2,0.0,10000
Bilathikulam,Apartment,3,10.0,30500
Medical College,Apartment,2,8.0,20500
Medical College,Flat,1,0.0,10500
Kottuli,House,1,,9000
Vellimadukunnu,Apartment,2,6.0,15000
Panniyankara,Apartment,4,0.0,34000
Bilathikulam,Villa,2,,29000
Kuthiravattom,Flat,2,0.0,13000
Chevayur,Flat,2,8.0,16500
Malaparamba,Flat,1,4.0,9000
Malaparamba,Flat,1,2.0,8500
Chevayur,Flat,2,4.0,17000
Mathara,Villa,1,,12000
Mukkam,Apartment,2,4.0,13000
Bilathikulam,Apartment,2,2.0,20000
Medical College,Apartment,3,15.0,38000
Vellimadukunnu,Flat,2,2.0,13000
Kuthiravattom,Flat,4,7.0,32500
Kuthiravattom,Apartment,4,5.0,36000
Panniyankara,Flat,2,8.0,14000
Kunnamangalam,Flat,2,4.0,11000
Eranhipalam,Villa,3,,44500
Eranhipalam,Villa,1,,14000
Nadakkavu,Flat,1,3.0,11000
Thiruvannur,Apartment,2,7.0,11000
Mathara,Flat,3,4.0,26000
Nadakkavu,Apartment,1,12.0,10000
Vellimadukunnu,Villa,2,,20500
Nadakkavu,Villa,2,,31000
Balussery,Flat,2,2.0,12500
Puthiyara,Villa,1,,14500
Beach Road,Apartment,3,1.0,39000
Malaparamba,Flat,3,5.0,24000
Calicut University,Villa,2,,31000
Ulliyeri,Villa,1,,10000
Vellimadukunnu,Flat,2,3.0,14500
Bilathikulam,Apartment,3,5.0,33000
Chevayur,Flat,2,5.0,19000
Thiruvannur,Apartment,3,7.0,20500
Calicut University,Flat,2,7.0,20500
Feroke,Apartment,2,7.0,13500
Thondayad,Flat,4,0.0,36500
Mankave,Flat,1,2.0,8000
Thiruvannur,House,2,,14000
Nadakkavu,Apartment,2,4.0,20500
Kottuli,Apartment,3,3.0,23000
Vellimadukunnu,Villa,2,,20500
Koyilandy Road,Apartment,1,13.0,9500
Nadakkavu,Apartment,2,4.0,20000
Vellimadukunnu,Apartment,2,9.0,15000
Mavoor Road,Villa,3,,52000
Mankave,Apartment,2,13.0,17000
Ulliyeri,Villa,3,,27000
Chevayur,Apartment,2,7.0,20000
Thondayad,Apartment,3,4.0,30000
Kottuli,Apartment,3,15.0,21500
Ulliyeri,Apartment,2,2.0,12000
Bilathikulam,Villa,2,,25500
Malaparamba,Apartment,3,6.0,27000
Thondayad,Apartment,3,2.0,28500
Calicut University,Apartment,3,5.0,37500
Chevayur,Flat,3,3.0,29500
Vellimadukunnu,Villa,2,,20500
Mankave,Flat,2,2.0,15500
Koduvally,Villa,1,,10500
Vellimadukunnu,Apartment,1,12.0,7500
Nadakkavu,Apartment,2,8.0,19500
Medical College,Apartment,2,7.0,22000
Medical College,Apartment,2,11.0,22500
Palayam,Flat,2,8.0,17000
Feroke,Flat,3,3.0,22000
Malaparamba,Flat,2,5.0,16500
Beach Road,Apartment,2,15.0,24000
Beach Road,Apartment,2,0.0,22500
Puthiyara,Apartment,1,0.0,10000
Malaparamba,Apartment,3,9.0,29500
Mathara,Apartment,2,8.0,14500
Malaparamba,Apartment,1,14.0,9500
Thondayad,Villa,2,,24000
Bilathikulam,Apartment,1,3.0,11000
Thondayad,Apartment,1,1.0,10000
Nadakkavu,Villa,1,,16500
Nadakkavu,Villa,2,,30500
Mavoor Road,Flat,2,0.0,20000
Malaparamba,Apartment,2,5.0,18500
Mavoor Road,Apartment,2,15.0,22500
Mankave,Flat,3,3.0,25500
Palayam,Apartment,2,8.0,20500
Mankave,Apartment,1,9.0,9500
Mukkam,Flat,1,5.0,7000
Malaparamba,Apartment,1,14.0,9500
Panniyankara,Flat,2,5.0,13000
Vellimadukunnu,Flat,2,5.0,14500
Medical College,Apartment,2,9.0,21500
Balussery,Flat,1,5.0,6500
Ulliyeri,Flat,2,8.0,10000
Thiruvannur,Flat,1,4.0,6500
Nadakkavu,Apartment,2,7.0,19500
Nadakkavu,Flat,3,7.0,29500
Bilathikulam,Flat,1,3.0,10000
Puthiyara,Apartment,2,5.0,20500
Puthiyara,Apartment,2,6.0,21000
Mankave,House,1,,10500
Calicut University,House,3,,44000
Mankave,Flat,3,3.0,25000
Kottuli,Flat,2,7.0,13500
Nadakkavu,Apartment,3,6.0,33000
Calicut University,Flat,3,7.0,31000
Kunnamangalam,Apartment,3,7.0,18500
Malaparamba,Flat,2,4.0,16500
Chevayur,Flat,4,7.0,43000
Balussery,Villa,3,,30500
Nadakkavu,Flat,1,3.0,10500
Palayam,Flat,1,2.0,9500
Eranhipalam,Apartment,2,6.0,18000
Palayam,Flat,3,7.0,29500
Palayam,Apartment,1,2.0,11000
Puthiyara,Flat,1,3.0,10000
Panniyankara,Apartment,2,4.0,15000
Koyilandy Road,Apartment,1,7.0,8000
Chevayur,Flat,3,3.0,29500
Kunnamangalam,House,2,,13000
Eranhipalam,Apartment,1,4.0,10000
Eranhipalam,Apartment,3,3.0,32500
Balussery,Apartment,4,7.0,28000
Calicut University,Apartment,2,11.0,22000
Kottuli,Villa,1,,11000
Malaparamba,Flat,4,4.0,37000
Chevayur,Villa,2,,30000
Mathara,Apartment,3,6.0,26000
Vellimadukunnu,Apartment,2,4.0,14500
Nadakkavu,Villa,2,,29500
Puthiyara,Flat,2,6.0,19500
Nadakkavu,House,1,,12000
Palayam,Flat,2,3.0,17500
Kottuli,Flat,2,2.0,13500
Bilathikulam,Apartment,2,1.0,17500
Koduvally,Apartment,1,9.0,7000
Calicut University,Apartment,1,5.0,13000
Kuthiravattom,Flat,2,0.0,14000
Beach Road,Apartment,1,3.0,12000
Puthiyara,Flat,2,8.0,17500
Puthiyara,Apartment,2,7.0,20000
Kuthiravattom,Apartment,2,9.0,15500
Kottuli,Villa,1,,11000
Mavoor Road,Villa,3,,54500
Chevayur,House,2,,22000
Eranhipalam,Flat,1,8.0,9000
Calicut University,Flat,3,6.0,36500
Kunnamangalam,Flat,1,6.0,5500
Eranhipalam,Flat,4,5.0,41500
Koyilandy Road,Apartment,1,9.0,8500
Eranhipalam,Apartment,2,6.0,19500
Puthiyara,Villa,3,,48500
Koyilandy Road,Flat,1,1.0,8500
Mankave,Apartment,1,4.0,9000
Koduvally,House,2,,15000
Chevayur,Apartment,1,0.0,9500
Puthiyara,Villa,1,,15000
Mankave,Apartment,3,5.0,26500
Feroke,Flat,4,5.0,32000
Vellimadukunnu,Villa,3,,35500
Koduvally,Apartment,2,10.0,11000
Malaparamba,Apartment,3,1.0,26000
Mavoor Road,Apartment,1,8.0,11500
Kuthiravattom,Villa,2,,21500
Koduvally,Apartment,1,3.0,6500
Chevayur,Villa,2,,30000
Calicut University,Flat,1,5.0,12000
Chevayur,Apartment,2,4.0,21500
Mathara,Apartment,3,15.0,26000
Thondayad,Villa,3,,40500
Malaparamba,Apartment,2,3.0,15500
Mathara,Flat,1,3.0,8500
Mankave,House,3,,31000
Panniyankara,Flat,3,0.0,20500
Puthiyara,Apartment,4,1.0,47000
Beach Road,Apartment,3,12.0,36500
Vellimadukunnu,Apartment,4,13.0,32000
Palayam,House,3,,37500
Panniyankara,Apartment,2,14.0,14000
Medical College,Flat,1,1.0,11500
Kunnamangalam,Apartment,3,10.0,18500
Panniyankara,Flat,1,6.0,8000
Mankave,Apartment,3,8.0,27000
Calicut University,Flat,1,2.0,11000
Mukkam,Apartment,1,1.0,7500
Thondayad,Villa,2,,25000
Puthiyara,Flat,3,3.0,28000
Nadakkavu,Villa,2,,27500
Panniyankara,Apartment,2,3.0,16000
Nadakkavu,Apartment,2,15.0,19000
Vellimadukunnu,Flat,2,2.0,12500
Bilathikulam,Flat,2,8.0,16000
Balussery,Villa,2,,17000
Kunnamangalam,Apartment,2,2.0,12000
Mavoor Road,Apartment,1,7.0,12500
Vellimadukunnu,Villa,3,,36500
Mathara,Apartment,2,11.0,15000
Kottuli,Villa,2,,20000
Vellimadukunnu,Apartment,2,12.0,13500
Kunnamangalam,Apartment,2,12.0,11000
Chevayur,Apartment,3,2.0,32000
Panniyankara,Flat,4,3.0,30500
Panniyankara,Apartment,3,1.0,24500
Bilathikulam,Villa,2,,26000
Mankave,Apartment,2,1.0,17500
Calicut University,Flat,1,0.0,10000
Balussery,Apartment,1,1.0,6500
Kottuli,Flat,2,5.0,14000
Kuthiravattom,Flat,2,4.0,13500
Balussery,Apartment,2,15.0,13500
Beach Road,Apartment,2,9.0,23500
Thiruvannur,Apartment,1,12.0,6000
Kunnamangalam,House,2,,13500
Kunnamangalam,Flat,2,7.0,10500
Panniyankara,Villa,1,,12000
Kottuli,Villa,3,,36000
Panniyankara,Villa,2,,20500
Eranhipalam,Apartment,2,12.0,18500
Panniyankara,Flat,2,4.0,14500
Calicut University,Flat,4,0.0,43000
Chevayur,Flat,3,6.0,28000
Bilathikulam,Villa,3,,47000
Mavoor Road,Apartment,2,13.0,23000
Puthiyara,Flat,3,7.0,27500
Kunnamangalam,Apartment,1,0.0,6000
Nadakkavu,Flat,3,3.0,29500
Kuthiravattom,Flat,3,5.0,25000
Panniyankara,Flat,2,4.0,14000
Calicut University,Flat,1,1.0,11000
Malaparamba,Apartment,3,11.0,26500
Beach Road,Apartment,1,15.0,13000
Thiruvannur,House,2,,14000
Koyilandy Road,Apartment,4,4.0,41500
Panniyankara,Apartment,1,0.0,7500
Koduvally,Flat,3,5.0,19500
Eranhipalam,Villa,3,,47500
Nadakkavu,Apartment,1,4.0,12000
Medical College,Flat,2,6.0,22000
Eranhipalam,Apartment,3,5.0,32000
Medical College,Flat,2,5.0,22500
Chevayur,Flat,2,7.0,18500
Chevayur,Flat,1,7.0,9000
Bilathikulam,Apartment,3,7.0,32500
Mavoor Road,Villa,2,,33500
Bilathikulam,House,2,,21000
Panniyankara,Flat,2,0.0,12500
Nadakkavu,House,2,,21000
Nadakkavu,Flat,1,4.0,10500
Mavoor Road,Flat,1,1.0,12000
Kuthiravattom,Apartment,2,8.0,15000
Kuthiravattom,Apartment,1,4.0,8500
Medical College,House,2,,26000
Mankave,Villa,1,,13500
Eranhipalam,Apartment,1,11.0,10000
Kuthiravattom,Apartment,1,8.0,8000
Puthiyara,Villa,2,,29500
Mankave,Apartment,2,14.0,15000
Eranhipalam,Flat,2,2.0,17500
Mathara,Flat,2,8.0,15000
Mavoor Road,Apartment,1,4.0,12000
Thondayad,Apartment,2,9.0,16500
Palayam,Flat,3,4.0,30500
Mukkam,Apartment,3,13.0,20500
Eranhipalam,Apartment,1,8.0,10500
Koduvally,Apartment,3,10.0,19000
Chevayur,Villa,2,,28000
Thondayad,Apartment,2,11.0,17000
Mankave,Apartment,2,13.0,15500
Palayam,House,2,,22000
Mankave,Apartment,2,3.0,17500
Thondayad,Apartment,2,6.0,17500
Kottuli,Apartment,1,12.0,7000
Mankave,Apartment,1,10.0,8000
Malaparamba,Apartment,1,12.0,9000
Panniyankara,Flat,1,6.0,8000
Chevayur,Apartment,1,15.0,10000
Kuthiravattom,Apartment,2,8.0,15000
Calicut University,Apartment,1,1.0,11000
Calicut University,Apartment,3,9.0,38000
Puthiyara,Flat,2,2.0,17500
Eranhipalam,Apartment,2,8.0,19000
Koyilandy Road,Flat,2,0.0,13500
Chevayur,Flat,2,4.0,19000
Calicut University,Flat,2,1.0,20000
Mankave,Villa,1,,13000
Palayam,Flat,1,0.0,10500
Medical College,Flat,1,8.0,11500
Thiruvannur,Villa,3,,27000
Eranhipalam,Apartment,3,4.0,32500
Palayam,Apartment,3,15.0,32500
Calicut University,Flat,2,5.0,20000
Kuthiravattom,Apartment,2,6.0,15500
Ulliyeri,Apartment,1,5.0,7000
Puthiyara,Flat,2,4.0,18500
Koyilandy Road,Apartment,3,13.0,26500
Beach Road,Villa,1,,18500
Chevayur,Apartment,2,11.0,20000
Eranhipalam,Apartment,3,5.0,28500
Beach Road,Flat,2,7.0,21500
Medical College,Flat,1,1.0,11000
Kottuli,Apartment,2,8.0,15000
Chevayur,Apartment,3,3.0,31500
Chevayur,Apartment,2,12.0,18500
Thiruvannur,Villa,4,,45000
Puthiyara,Flat,2,7.0,18000
Mathara,Flat,2,4.0,14500
Mavoor Road,House,2,,26000
Palayam,Apartment,4,10.0,50000
Bilathikulam,Flat,1,1.0,9000
Malaparamba,Villa,1,,14000
Feroke,Flat,3,7.0,22000
Ulliyeri,Apartment,2,1.0,12000
Feroke,Flat,2,2.0,12500
Bilathikulam,Villa,3,,45000
Kunnamangalam,House,4,,31000
Thondayad,Apartment,4,5.0,43000
Mathara,Flat,1,1.0,7500
Puthiyara,Apartment,3,2.0,31000
Mathara,Flat,1,0.0,7000
Malaparamba,Apartment,1,7.0,8500
Koyilandy Road,House,1,,10500
Calicut University,Flat,1,6.0,11000
Nadakkavu,Apartment,2,10.0,20500
Thiruvannur,Flat,1,6.0,6500
Palayam,Apartment,2,15.0,19000
Balussery,Apartment,1,8.0,6500
Vellimadukunnu,Apartment,1,3.0,7500
Mankave,Apartment,1,3.0,8500
Koyilandy Road,Villa,2,,25000
Kuthiravattom,Apartment,3,7.0,26500
Thiruvannur,Apartment,1,12.0,7000
Palayam,Villa,2,,30500
Mankave,Apartment,2,14.0,15500
Nadakkavu,Flat,3,4.0,29000
Vellimadukunnu,Apartment,1,2.0,8000
Kottuli,Apartment,2,0.0,12500
Ulliyeri,Apartment,1,14.0,6500
Palayam,Flat,2,5.0,19500
Balussery,Flat,2,8.0,11500
Thiruvannur,Apartment,2,7.0,11500
Kuthiravattom,Flat,4,8.0,32500
Koyilandy Road,Apartment,2,0.0,15500
Kottuli,Villa,3,,34500
Panniyankara,Flat,1,4.0,8000
Chevayur,Flat,3,3.0,27500
Thondayad,Villa,4,,56500
Chevayur,Apartment,3,6.0,32500
Feroke,Flat,4,3.0,31500
Koduvally,Apartment,3,8.0,21500
Puthiyara,Apartment,2,13.0,20000
Puthiyara,Flat,3,0.0,26000
Kottuli,Flat,1,8.0,7000
Beach Road,Flat,2,8.0,20000
Chevayur,Villa,1,,16500
Bilathikulam,Apartment,3,7.0,30500
Kuthiravattom,Apartment,2,2.0,15000
Chevayur,Apartment,2,7.0,19000
Mathara,Flat,2,4.0,16000
Eranhipalam,Villa,3,,45000
Mathara,Apartment,2,1.0,15000
Vellimadukunnu,Apartment,3,10.0,23500
Thondayad,Flat,3,6.0,25500
Kunnamangalam,Villa,1,,9500
Bilathikulam,Flat,1,5.0,10500
Kuthiravattom,Flat,1,7.0,7500
Kottuli,Apartment,1,4.0,8000
Chevayur,Flat,2,8.0,17500
Medical College,Apartment,2,14.0,22000
Mavoor Road,Flat,2,8.0,21000
Mukkam,Flat,2,5.0,13000
Palayam,Flat,1,8.0,10000
Palayam,House,2,,23500
Eranhipalam,Apartment,4,13.0,43000
Feroke,House,2,,17000
Calicut University,Apartment,1,8.0,11000
Medical College,Apartment,2,0.0,22000
Mankave,Apartment,3,6.0,29500
Chevayur,Flat,2,5.0,17500
Vellimadukunnu,Flat,2,7.0,13500
Kuthiravattom,Apartment,3,7.0,23500
Vellimadukunnu,Apartment,2,11.0,15500
Kottuli,Flat,2,7.0,13000
Malaparamba,Apartment,1,14.0,9500
Kunnamangalam,Apartment,2,13.0,11500
Bilathikulam,Apartment,1,10.0,10500
Thondayad,Flat,2,7.0,16000
Malaparamba,Flat,1,1.0,8000
Koyilandy Road,Flat,3,8.0,23000
Vellimadukunnu,Flat,3,2.0,23500
Balussery,Flat,2,0.0,11000
Calicut University,Villa,3,,55500
Kunnamangalam,Apartment,3,13.0,17000
Eranhipalam,Apartment,3,11.0,32000
Nadakkavu,Apartment,2,6.0,20000
Nadakkavu,Apartment,1,14.0,11000
Vellimadukunnu,Apartment,3,0.0,22500
Puthiyara,Apartment,2,2.0,20500
Thiruvannur,Flat,3,5.0,18500
Mankave,Apartment,3,10.0,26000
Mavoor Road,Apartment,2,6.0,23000
Medical College,Flat,1,1.0,12000
Puthiyara,Apartment,2,0.0,18000
Beach Road,Villa,4,,74500
Thondayad,Apartment,3,6.0,27500
Bilathikulam,Apartment,1,14.0,10500
Vellimadukunnu,Flat,1,0.0,7500
Kuthiravattom,Flat,3,6.0,25500
Kottuli,Flat,2,0.0,13000
Puthiyara,Flat,1,3.0,10000
Koyilandy Road,Flat,1,6.0,8000
Kuthiravattom,Apartment,2,3.0,16000
Balussery,Flat,2,7.0,12000
Panniyankara,Apartment,1,2.0,9000
Thondayad,Villa,2,,25000
Thiruvannur,Flat,1,7.0,6000
Chevayur,Villa,3,,44500
Eranhipalam,Flat,1,7.0,9500
Thiruvannur,Apartment,1,4.0,7500
Koyilandy Road,House,2,,18500
Eranhipalam,Apartment,2,10.0,18500
Bilathikulam,Flat,1,0.0,8500
Palayam,Villa,4,,69500
Kuthiravattom,Flat,1,6.0,8500
Eranhipalam,Flat,1,6.0,9500
Ulliyeri,Apartment,2,15.0,11500
Beach Road,Villa,2,,33500
Ulliyeri,Apartment,1,11.0,6000
Mathara,Apartment,2,12.0,14500
Mankave,Apartment,2,0.0,15000
Malaparamba,Flat,2,0.0,15500
Thondayad,Apartment,2,5.0,16500
Kottuli,Flat,1,8.0,7500
Nadakkavu,Apartment,2,0.0,17500
Eranhipalam,Apartment,2,5.0,18000
Mavoor Road,House,2,,24500
Mavoor Road,House,2,,27000
Vellimadukunnu,Apartment,3,9.0,25000
Vellimadukunnu,Flat,2,2.0,14500
Malaparamba,Flat,2,2.0,16000
Mathara,Apartment,1,15.0,8000
Mavoor Road,Apartment,3,6.0,36000
Mavoor Road,Flat,2,1.0,21000
Bilathikulam,Villa,2,,29000
Mathara,Villa,4,,50500
Mathara,Apartment,3,11.0,27500
Thiruvannur,House,2,,14500
Vellimadukunnu,Flat,3,7.0,20500
Medical College,Flat,1,7.0,10000
Chevayur,Apartment,3,9.0,30000
Thondayad,Apartment,2,11.0,16000
Puthiyara,Flat,2,7.0,17000
Vellimadukunnu,Villa,3,,36500
Bilathikulam,Villa,2,,29000
Thiruvannur,Villa,2,,17000
Kunnamangalam,Flat,3,5.0,16500
Bilathikulam,Flat,2,6.0,19000
Kottuli,House,3,,27500
Malaparamba,Apartment,2,1.0,17000
Palayam,Villa,1,,17500
Mavoor Road,Flat,1,5.0,11500
Mathara,Apartment,2,2.0,17000
Mathara,Apartment,2,7.0,14500
Kottuli,Apartment,3,2.0,24500
Chevayur,Apartment,1,6.0,10500
Puthiyara,Apartment,2,11.0,18500
Mathara,Villa,2,,23000
Vellimadukunnu,Apartment,3,9.0,23000
Medical College,Flat,1,8.0,11000
Chevayur,Apartment,3,1.0,31500
Palayam,Apartment,1,7.0,10000
Bilathikulam,Flat,3,8.0,26000
Mathara,Apartment,2,1.0,16500
Beach Road,Apartment,1,6.0,13000
Mathara,Apartment,2,3.0,14500
Mavoor Road,Flat,2,0.0,21000
Balussery,Apartment,3,10.0,20500
Kottuli,Apartment,1,9.0,8000
Panniyankara,Villa,1,,11000
Thiruvannur,Flat,2,7.0,10000
Feroke,Apartment,1,13.0,8000
Chevayur,Apartment,2,2.0,18000
Kottuli,Villa,2,,20000
Beach Road,Apartment,3,0.0,36000
Mathara,Apartment,2,11.0,15500
Kuthiravattom,Apartment,2,10.0,15000
Kunnamangalam,Villa,2,,16000
Kuthiravattom,Apartment,3,8.0,24000
Panniyankara,Apartment,2,9.0,14500
Palayam,Apartment,3,2.0,34000
Mavoor Road,Villa,2,,35000
Calicut University,House,3,,42500
Beach Road,Flat,3,1.0,38000
Bilathikulam,House,3,,35000
Vellimadukunnu,Apartment,3,1.0,25000
Koyilandy Road,Flat,3,4.0,26000
Balussery,Apartment,2,0.0,12000
Vellimadukunnu,Flat,2,6.0,14000
Koduvally,Apartment,2,15.0,11500
Kottuli,Flat,1,5.0,7000
Palayam,Flat,3,6.0,33000
Koyilandy Road,Flat,2,3.0,15500
Palayam,Apartment,2,0.0,18000
Balussery,Apartment,1,1.0,6500
Malaparamba,Flat,4,1.0,39500
Vellimadukunnu,Villa,3,,36000
Medical College,House,2,,27500
Malaparamba,Apartment,1,4.0,9000
Puthiyara,Apartment,1,9.0,10000
Thondayad,Apartment,1,4.0,10000
Feroke,Villa,2,,21000
Medical College,Flat,3,4.0,36500
Thondayad,Flat,2,4.0,15500
Beach Road,Apartment,4,11.0,57000
Beach Road,Flat,2,2.0,21000
Puthiyara,Flat,3,7.0,26500
Kottuli,Flat,2,4.0,13500
Palayam,Flat,3,6.0,33000
Malaparamba,Apartment,2,4.0,18000
Kuthiravattom,Apartment,2,8.0,16000
Panniyankara,Flat,2,8.0,13500
Panniyankara,Apartment,1,15.0,8500
Kuthiravattom,Villa,3,,37000
Vellimadukunnu,Apartment,2,5.0,14500
Ulliyeri,Flat,2,5.0,10500
Puthiyara,Apartment,2,11.0,20000
Mankave,House,1,,10500
Calicut University,Apartment,3,1.0,36500
Chevayur,Apartment,1,0.0,10000
Chevayur,Apartment,2,11.0,17500
Calicut University,Villa,1,,17000
Malaparamba,Flat,1,6.0,8500
Koyilandy Road,Flat,3,7.0,22500
Mankave,House,1,,10500
Panniyankara,Apartment,3,11.0,25000
Koduvally,Apartment,3,9.0,21500
Palayam,Flat,2,1.0,19500
Mavoor Road,Apartment,3,10.0,34000
Calicut University,Villa,2,,30500
Puthiyara,Flat,1,3.0,10000
Vellimadukunnu,Villa,1,,11500
Feroke,Villa,1,,11500
Eranhipalam,Flat,2,6.0,18500
Puthiyara,Flat,3,4.0,28500
Bilathikulam,Flat,3,6.0,28000
Panniyankara,Flat,1,8.0,8000
Bilathikulam,Villa,2,,28000
Eranhipalam,Flat,3,7.0,26000
Koyilandy Road,Apartment,1,6.0,8500
Nadakkavu,Villa,1,,15000
Thondayad,Apartment,2,1.0,18000
Vellimadukunnu,Flat,1,6.0,8000
Kuthiravattom,Apartment,1,0.0,7500
Eranhipalam,Flat,2,1.0,15500
Ulliyeri,Apartment,1,9.0,6500
Nadakkavu,Apartment,2,12.0,18500
Kuthiravattom,Apartment,3,6.0,26500
Kottuli,Apartment,1,2.0,8500
Koyilandy Road,Apartment,3,2.0,27500
Kunnamangalam,Flat,3,0.0,17000
Beach Road,Apartment,2,4.0,24000
Kottuli,Apartment,3,10.0,22500
Thiruvannur,Apartment,3,13.0,18000
Puthiyara,Villa,2,,30000
Kottuli,Villa,4,,47000
Vellimadukunnu,House,2,,15500
Vellimadukunnu,Flat,2,1.0,14500
Malaparamba,Flat,3,3.0,23500
Thondayad,Apartment,3,8.0,26500
Kuthiravattom,Apartment,2,11.0,15500
Kunnamangalam,Flat,3,2.0,18000
Mukkam,Apartment,2,6.0,13500
Calicut University,House,2,,23500
Mavoor Road,Apartment,1,13.0,12000
Mankave,Flat,2,2.0,14000
Chevayur,House,1,,11500
Malaparamba,House,3,,31500
Chevayur,Flat,1,7.0,9500
Eranhipalam,Apartment,2,5.0,19500
Mankave,Apartment,4,0.0,34000
Mankave,House,1,,10000
Mukkam,House,3,,25500
Eranhipalam,Apartment,3,4.0,32500
Feroke,Apartment,3,10.0,22000
Puthiyara,Flat,2,8.0,18500
Mathara,Apartment,2,8.0,15000
Kunnamangalam,Flat,3,8.0,16000
Nadakkavu,Flat,1,2.0,10000
Bilathikulam,Apartment,1,15.0,11000
Kottuli,Apartment,3,3.0,23000
Mankave,Apartment,2,1.0,17000
Calicut University,Apartment,2,10.0,20500
Thondayad,House,2,,18500
Vellimadukunnu,Apartment,3,7.0,23000
Vellimadukunnu,Flat,1,6.0,7500
Eranhipalam,Flat,2,2.0,17500
Mukkam,Flat,1,5.0,7000
Bilathikulam,Villa,2,,28500
Thondayad,Villa,1,,13500
Puthiyara,Flat,3,8.0,28000
Kuthiravattom,Flat,2,2.0,14000
Medical College,Apartment,1,2.0,13000
Vellimadukunnu,Villa,3,,37000
Puthiyara,Villa,1,,16500
Kuthiravattom,Flat,2,6.0,13500
Mankave,Apartment,2,12.0,16000
Vellimadukunnu,Apartment,2,14.0,15000
Thiruvannur,Flat,3,8.0,17500
Balussery,Villa,4,,41500
Medical College,Apartment,2,11.0,20500
Chevayur,House,2,,22000
Palayam,Apartment,2,0.0,18500
Koduvally,Flat,3,5.0,18500
Koyilandy Road,Flat,2,7.0,14500
Palayam,Villa,2,,27500
Vellimadukunnu,Flat,1,3.0,7000
Mukkam,Flat,2,6.0,12000
Koduvally,Flat,2,6.0,11000
Calicut University,Villa,3,,52500
Vellimadukunnu,Apartment,3,7.0,25500
Eranhipalam,Flat,3,8.0,27000
Kuthiravattom,Apartment,2,13.0,16000
Mathara,Apartment,2,4.0,17500
Beach Road,Flat,2,2.0,21000
Thondayad,Apartment,1,7.0,10000
Mavoor Road,Flat,4,2.0,46000
Mankave,Flat,2,0.0,15000
Nadakkavu,Flat,1,7.0,10000
Puthiyara,Flat,2,0.0,16500
Balussery,Apartment,3,0.0,21000
Puthiyara,Apartment,1,6.0,10000
Chevayur,Flat,2,5.0,18500
Puthiyara,Apartment,4,15.0,47000
Mankave,Villa,1,,12500
Vellimadukunnu,Apartment,2,14.0,15000
Calicut University,House,2,,26000
Vellimadukunnu,Apartment,4,14.0,36000
Beach Road,Flat,3,1.0,35000
Malaparamba,Flat,2,0.0,14500
Koyilandy Road,Apartment,3,5.0,28000
Mankave,Flat,3,5.0,25500
Malaparamba,Apartment,2,15.0,17500
Malaparamba,Flat,4,4.0,37500
Malaparamba,Flat,2,3.0,15500
Balussery,House,2,,14000
Feroke,Apartment,2,14.0,14500
Malaparamba,Flat,2,0.0,15000
Mavoor Road,Apartment,2,6.0,21500
Panniyankara,Apartment,2,1.0,14500
Beach Road,Flat,1,5.0,13000
Thondayad,Villa,2,,25500
Beach Road,Villa,2,,35500
Eranhipalam,Flat,2,3.0,16000
Vellimadukunnu,Apartment,2,12.0,13500
Kottuli,Apartment,1,15.0,7500
Vellimadukunnu,Flat,3,3.0,21000
Panniyankara,Flat,3,8.0,23500
Kuthiravattom,Flat,3,8.0,23500
Panniyankara,Apartment,2,1.0,14000
Calicut University,Apartment,2,6.0,22000
Puthiyara,Flat,3,8.0,28000
Feroke,Apartment,1,0.0,7000
Nadakkavu,Apartment,2,8.0,19500
Calicut University,Flat,3,6.0,35000
Calicut University,Apartment,2,4.0,22500
Medical College,Flat,1,1.0,12000
Koyilandy Road,Apartment,1,7.0,9000
Mankave,Apartment,4,15.0,36000
Nadakkavu,Flat,3,1.0,28500
Kuthiravattom,Apartment,2,11.0,14500
Palayam,Apartment,2,12.0,21500
Chevayur,House,3,,36000
Panniyankara,Flat,2,2.0,14000
Malaparamba,Apartment,2,1.0,18000
Koduvally,Apartment,3,10.0,18500
Beach Road,Flat,2,6.0,23500
Panniyankara,Villa,3,,33500
Nadakkavu,Flat,2,5.0,20000
Kottuli,Apartment,1,14.0,8000
Mathara,Apartment,1,2.0,8500
Puthiyara,Apartment,2,13.0,20000
Mukkam,Villa,3,,32000
Mavoor Road,Flat,1,8.0,11000
Koduvally,House,2,,13500
Kunnamangalam,Apartment,1,11.0,6000
Mankave,Flat,3,6.0,26000
Eranhipalam,Apartment,3,6.0,29000
Malaparamba,Apartment,2,13.0,16000
Puthiyara,Flat,4,5.0,42000
Thondayad,Apartment,1,4.0,10000
Chevayur,Apartment,1,10.0,10500
Thiruvannur,Apartment,3,0.0,19500
Nadakkavu,Flat,2,0.0,18000
Nadakkavu,Apartment,1,0.0,11000
Nadakkavu,House,2,,23000
Panniyankara,Villa,2,,22000
Calicut University,House,3,,39500
Koyilandy Road,Apartment,3,8.0,26500
Malaparamba,Apartment,1,11.0,8500
Panniyankara,Apartment,1,5.0,8000
Eranhipalam,Apartment,1,10.0,9500
Koyilandy Road,Apartment,2,13.0,17500
Palayam,Apartment,2,5.0,22000
Feroke,Villa,3,,35500
Thondayad,House,1,,10500
Beach Road,Apartment,3,11.0,39000
Kottuli,Villa,2,,21000
Kunnamangalam,Villa,1,,9000
Vellimadukunnu,Villa,2,,20000
Palayam,House,1,,12500
Calicut University,Flat,3,6.0,34500
Mavoor Road,Apartment,2,8.0,21000
Puthiyara,Apartment,2,12.0,20500
Balussery,Flat,1,8.0,6500
Mukkam,Apartment,2,13.0,13000
Mukkam,Villa,2,,18500
Thondayad,Flat,2,0.0,14500
Chevayur,Flat,2,5.0,19000
Koyilandy Road,Flat,1,3.0,8000
Bilathikulam,Apartment,2,12.0,19000
Panniyankara,Apartment,3,12.0,25500
Koyilandy Road,Apartment,4,10.0,39000
Chevayur,Apartment,3,15.0,30000
Feroke,Apartment,2,8.0,14000
Mathara,Flat,2,5.0,15000
Koduvally,Villa,3,,28000
Puthiyara,Flat,1,5.0,10500
Calicut University,House,1,,13500
Koduvally,Flat,3,6.0,20000
Thondayad,Apartment,2,15.0,15500
Vellimadukunnu,Villa,2,,22500
Kottuli,Villa,4,,52000
Calicut University,Flat,3,5.0,33000
Mathara,Flat,3,2.0,23500
Palayam,Apartment,1,3.0,11000
Palayam,Apartment,2,3.0,20000
Bilathikulam,Flat,3,7.0,30000
Puthiyara,Flat,2,1.0,18000
Medical College,Apartment,1,4.0,13500
Mukkam,Apartment,3,0.0,19500
Mukkam,Flat,1,4.0,6500
Puthiyara,Flat,1,4.0,10500
Thiruvannur,Flat,2,7.0,10000
Panniyankara,Flat,3,3.0,22500
Eranhipalam,Villa,3,,42000
Mankave,Apartment,4,11.0,36000
Bilathikulam,House,4,,51000
Koduvally,Apartment,2,3.0,12500
Puthiyara,Apartment,1,8.0,9500
Malaparamba,Apartment,3,1.0,29500
Puthiyara,Flat,1,6.0,9500
Kuthiravattom,Apartment,2,7.0,14000
Kottuli,Apartment,3,6.0,24000
Puthiyara,Apartment,3,8.0,33000
Panniyankara,Apartment,2,2.0,16000
Koyilandy Road,Apartment,3,12.0,28500
Bilathikulam,Flat,3,4.0,27500
Koyilandy Road,Flat,4,6.0,39000
Chevayur,House,2,,21000
Thondayad,Apartment,1,14.0,10000
Nadakkavu,Flat,2,1.0,17000
Eranhipalam,Apartment,3,0.0,30500
Balussery,Villa,2,,19000
Puthiyara,Flat,2,8.0,18000
Eranhipalam,Villa,2,,26000
Mankave,Flat,1,0.0,8500
Feroke,Apartment,2,13.0,13000
Medical College,House,1,,13500
Kottuli,Apartment,2,12.0,14000
Thiruvannur,Apartment,2,15.0,11500
Puthiyara,Apartment,2,4.0,19000
Kunnamangalam,Apartment,3,8.0,18000
Kuthiravattom,Apartment,3,13.0,26500
Koyilandy Road,Apartment,1,15.0,8500
Mathara,Apartment,2,12.0,15000
Kottuli,Flat,4,5.0,33000
Malaparamba,Flat,1,3.0,9000
Eranhipalam,House,1,,11000
Beach Road,Apartment,1,0.0,12000
Beach Road,House,3,,42000
Panniyankara,Apartment,3,11.0,26000
Nadakkavu,Apartment,2,2.0,19500
Palayam,Flat,2,5.0,19000
Beach Road,Apartment,2,1.0,24500
Eranhipalam,Flat,1,7.0,10000
Bilathikulam,Flat,1,1.0,9500
Calicut University,Apartment,2,8.0,20500
Chevayur,Flat,1,3.0,9500
Nadakkavu,Villa,2,,30000
Vellimadukunnu,Apartment,2,15.0,15000
Puthiyara,Apartment,2,7.0,18500
Puthiyara,Villa,1,,16000
Nadakkavu,Apartment,1,14.0,10500
Thondayad,Apartment,2,0.0,16500
Mathara,House,3,,31000
Mavoor Road,Villa,1,,18000
Ulliyeri,Villa,3,,29500
Panniyankara,Apartment,1,11.0,8000
Kuthiravattom,Apartment,2,10.0,14000
Vellimadukunnu,Apartment,1,3.0,8500
Balussery,Villa,2,,19000
Mavoor Road,Flat,1,5.0,11500
Mankave,Apartment,3,14.0,28000
Mathara,Apartment,4,2.0,38000
Kottuli,Villa,1,,12000
Mukkam,Apartment,3,10.0,21500
Chevayur,House,2,,23500
Kottuli,Apartment,2,3.0,14500
Eranhipalam,Apartment,2,6.0,19500
Beach Road,Apartment,2,15.0,22000
Thondayad,House,1,,10000
Medical College,Apartment,3,5.0,38500
Calicut University,Apartment,3,11.0,33000
Mathara,Apartment,1,1.0,9000
Kuthiravattom,Apartment,1,6.0,9500
Chevayur,Apartment,1,13.0,11000
Puthiyara,Apartment,2,9.0,19500
Mankave,Apartment,2,2.0,17500
Thondayad,Flat,3,1.0,27000
Chevayur,Apartment,1,11.0,10000
Medical College,Flat,2,7.0,20500
Puthiyara,Flat,1,8.0,9000
Puthiyara,Apartment,2,15.0,19000
Ulliyeri,Villa,2,,18000
Chevayur,Flat,2,6.0,18000
Balussery,Flat,2,2.0,12000
Thondayad,House,3,,34000
Kuthiravattom,Flat,1,1.0,8000
Palayam,Apartment,1,4.0,10500
Beach Road,Villa,2,,33000
Mathara,Flat,2,2.0,13500
Mavoor Road,Flat,2,6.0,20500
Kottuli,Flat,2,2.0,13500
Bilathikulam,Apartment,2,7.0,18000
Puthiyara,Apartment,2,7.0,19000
Beach Road,Apartment,3,10.0,37000
Feroke,Apartment,4,3.0,33000
Mankave,Apartment,2,4.0,16500
Koduvally,Villa,2,,18000
Malaparamba,Apartment,2,8.0,15500
Kottuli,Villa,2,,19000
Chevayur,Flat,1,5.0,10500
Thondayad,Flat,2,3.0,15000
Mankave,Apartment,3,12.0,25500
Mathara,Villa,2,,21000
Koyilandy Road,Villa,2,,22000
Nadakkavu,Apartment,3,2.0,34500
Nadakkavu,Apartment,4,14.0,44500
Beach Road,Villa,2,,31500
Nadakkavu,Villa,2,,27000
Panniyankara,Villa,2,,23000
Thondayad,Flat,1,0.0,8000
Puthiyara,Apartment,2,5.0,19500
Mavoor Road,Apartment,1,15.0,11500
Palayam,Apartment,3,4.0,34500
Calicut University,Flat,1,7.0,11500
Mankave,Apartment,2,6.0,18000
Palayam,Villa,1,,17000
Calicut University,Apartment,2,10.0,20000
Beach Road,Apartment,4,4.0,60500
Panniyankara,Apartment,1,8.0,8000
Thiruvannur,Flat,3,6.0,19000
Kottuli,Apartment,2,1.0,13500
Malaparamba,Apartment,1,13.0,9000
Thondayad,Flat,4,3.0,40000
Kottuli,Villa,3,,34500
Nadakkavu,Flat,2,0.0,18000
Koyilandy Road,Flat,2,2.0,15000
Eranhipalam,Villa,3,,46500
Calicut University,Apartment,2,15.0,21500
Eranhipalam,Flat,2,0.0,16500
Kunnamangalam,Apartment,2,8.0,10500
Thondayad,Apartment,1,1.0,10000
Feroke,Apartment,1,13.0,8000
Koyilandy Road,Apartment,1,1.0,9000
Mavoor Road,Apartment,3,14.0,36500
Koyilandy Road,Flat,2,1.0,15500
Koyilandy Road,Flat,3,4.0,27000
Panniyankara,Apartment,2,5.0,16000
Nadakkavu,Flat,3,3.0,29000
Mavoor Road,Apartment,3,2.0,38000
Mankave,Flat,1,4.0,8500
Vellimadukunnu,Apartment,2,1.0,14500
Feroke,Flat,3,6.0,20500
Thiruvannur,Villa,1,,9000
Beach Road,Villa,2,,34500
Vellimadukunnu,Apartment,2,12.0,15000
Koyilandy Road,Flat,4,2.0,36500
Feroke,Flat,1,1.0,7000
Eranhipalam,Apartment,3,8.0,32000
Mathara,Flat,3,6.0,24000
Kuthiravattom,Apartment,2,1.0,15000
Panniyankara,Apartment,2,9.0,14000
Beach Road,Apartment,2,4.0,23000
Puthiyara,Apartment,2,11.0,19500
Vellimadukunnu,Villa,1,,11500
Medical College,Apartment,3,14.0,33000
Vellimadukunnu,Flat,3,3.0,23000
Bilathikulam,Flat,2,6.0,17000
Mankave,Flat,3,4.0,24000
Feroke,Apartment,2,14.0,13000
Thondayad,Flat,3,0.0,23000
Eranhipalam,Apartment,2,4.0,18500
Calicut University,Flat,3,7.0,31000
Beach Road,Flat,1,7.0,12000
Mavoor Road,Flat,1,1.0,12000
Kottuli,Flat,1,3.0,7000
Palayam,Flat,2,7.0,19500
Puthiyara,Flat,3,8.0,27500
Puthiyara,Apartment,2,7.0,18500
Balussery,House,2,,15000
Mankave,Villa,3,,40500
Koyilandy Road,Apartment,2,13.0,16000
Bilathikulam,Apartment,2,13.0,19500
Mavoor Road,Apartment,2,11.0,23500
Koduvally,Apartment,2,13.0,12500
Puthiyara,Flat,4,4.0,41500
Calicut University,Apartment,2,0.0,19500
Malaparamba,Apartment,3,12.0,27000
Thondayad,Flat,2,3.0,14500
Mukkam,Apartment,2,10.0,12500
Beach Road,Flat,1,4.0,13000
Kuthiravattom,House,3,,30000
Mavoor Road,Apartment,1,10.0,11500
Chevayur,House,2,,21000
Mankave,Apartment,4,7.0,35500
Ulliyeri,Apartment,2,3.0,11000
Palayam,Flat,2,0.0,17000
Koduvally,Villa,2,,19000
Nadakkavu,Flat,2,0.0,16000
Beach Road,Flat,1,4.0,11500
Koyilandy Road,Apartment,2,7.0,15000
Mathara,Apartment,1,14.0,8000
Mankave,Flat,2,1.0,16000
Mukkam,Apartment,2,11.0,12000
Calicut University,Apartment,1,15.0,12000
Medical College,Apartment,3,11.0,35000
Kottuli,Apartment,2,6.0,16000
Puthiyara,House,2,,22000
Kuthiravattom,Flat,1,5.0,8500
Panniyankara,Apartment,2,2.0,16000
Nadakkavu,Flat,4,3.0,45000
Chevayur,Apartment,2,13.0,19000
Nadakkavu,Apartment,3,12.0,34000
Thondayad,Apartment,3,9.0,27000
Beach Road,Apartment,2,2.0,23000
Ulliyeri,Apartment,2,4.0,12000
Feroke,Flat,1,4.0,7000
Malaparamba,Apartment,1,1.0,9000
Bilathikulam,Flat,3,5.0,28500
Mankave,Apartment,1,9.0,9500
Eranhipalam,Apartment,3,6.0,33500
Bilathikulam,Apartment,2,10.0,19000
Mathara,Flat,2,6.0,16000
Vellimadukunnu,Villa,2,,22000
Chevayur,Apartment,3,14.0,33500
Mathara,Apartment,2,1.0,14500
Palayam,Flat,3,4.0,29500
Mavoor Road,Apartment,2,6.0,22500
Mavoor Road,Apartment,2,3.0,23500
Puthiyara,Apartment,1,10.0,10000
Calicut University,Flat,2,3.0,19500
Thondayad,Apartment,2,9.0,16000
Palayam,Apartment,1,12.0,11000
Puthiyara,Villa,3,,44500
Medical College,House,1,,13500
Eranhipalam,House,1,,10500
Nadakkavu,Apartment,2,10.0,20500
Vellimadukunnu,Villa,2,,20000
Panniyankara,Flat,3,8.0,23000
Calicut University,Apartment,2,12.0,22500
Koyilandy Road,Apartment,3,14.0,28500
Beach Road,House,2,,28000
Thiruvannur,Apartment,2,12.0,12000
Koduvally,Apartment,1,2.0,6500
Puthiyara,Flat,3,2.0,27500
Bilathikulam,Flat,2,2.0,18500
Puthiyara,Apartment,1,11.0,10000
Koyilandy Road,Apartment,2,7.0,16000
Kuthiravattom,Villa,3,,38000
Feroke,Flat,3,3.0,20500
Calicut University,House,4,,58500
Chevayur,Flat,1,5.0,10500
Bilathikulam,Flat,2,4.0,18500
Mavoor Road,Apartment,2,15.0,22500
Vellimadukunnu,Flat,1,2.0,8000
Vellimadukunnu,Apartment,1,13.0,8000
Nadakkavu,House,2,,23500
Nadakkavu,Flat,3,0.0,28000
Vellimadukunnu,Apartment,2,5.0,15500
Vellimadukunnu,House,2,,17000
Puthiyara,Apartment,3,9.0,33000
Mathara,Flat,1,8.0,8000
Kottuli,Flat,3,8.0,22000
Kuthiravattom,Apartment,3,4.0,26500
Balussery,Flat,3,5.0,19000
Thondayad,Apartment,2,3.0,18500
Malaparamba,Apartment,2,8.0,16000
Kunnamangalam,Flat,2,7.0,10000
Palayam,Apartment,3,0.0,33000
Mukkam,Apartment,2,11.0,12500
Mathara,House,2,,17500
Palayam,Apartment,2,13.0,19000
Kottuli,Flat,2,1.0,13500
Malaparamba,Flat,1,5.0,8500
Mankave,Apartment,1,12.0,8500
Kuthiravattom,Apartment,3,0.0,24500
Ulliyeri,Flat,3,7.0,17500
Beach Road,Villa,1,,17500
Kottuli,Flat,3,6.0,23000
Chevayur,Apartment,2,13.0,19000
Panniyankara,Apartment,1,2.0,8000
Malaparamba,House,3,,32500
Balussery,Apartment,2,2.0,13000
Panniyankara,House,1,,9500
Thiruvannur,Flat,1,8.0,5500
Koyilandy Road,Flat,2,7.0,14500
Koyilandy Road,Flat,1,3.0,8000
Puthiyara,House,3,,34000
Thiruvannur,Apartment,1,1.0,7000
Malaparamba,Apartment,2,11.0,15500
Kuthiravattom,House,1,,10500
Palayam,Apartment,2,3.0,20000
Medical College,House,3,,39500
Kuthiravattom,Villa,1,,12500
Kottuli,Apartment,2,0.0,12500
Puthiyara,Apartment,3,8.0,31500
Mankave,Flat,2,4.0,15500
Calicut University,Apartment,2,15.0,21000
Eranhipalam,Villa,2,,27000
Kuthiravattom,Flat,2,8.0,13000
Vellimadukunnu,Flat,2,7.0,13500
Ulliyeri,House,1,,8000
Beach Road,Apartment,3,5.0,36500
Mathara,Flat,1,5.0,8500
Beach Road,Apartment,2,14.0,22500
Puthiyara,Flat,2,3.0,17000
Nadakkavu,Flat,3,5.0,32000
Thondayad,Apartment,1,10.0,9500
Palayam,House,2,,22000
Malaparamba,Villa,3,,41500
Thiruvannur,Apartment,1,13.0,6500
Mankave,House,1,,10000
Vellimadukunnu,Apartment,3,14.0,22000
Eranhipalam,Flat,2,3.0,17500
Mukkam,Villa,2,,19500
Nadakkavu,Flat,1,7.0,10500
Chevayur,Apartment,1,14.0,10500
Feroke,Apartment,3,8.0,22000
Nadakkavu,Apartment,2,8.0,19500
Bilathikulam,Flat,3,0.0,29000
Puthiyara,Apartment,3,15.0,31000
Feroke,Flat,3,3.0,19500
Vellimadukunnu,Flat,1,4.0,8000
Ulliyeri,Apartment,1,5.0,7000
Kunnamangalam,Flat,4,2.0,24500
Koyilandy Road,Flat,3,1.0,25000
Ulliyeri,Apartment,2,9.0,12500
Chevayur,Flat,2,6.0,19500
Mankave,Apartment,3,13.0,27500
Puthiyara,Apartment,1,7.0,10500
Nadakkavu,Apartment,1,8.0,11000
Balussery,Villa,3,,29000
Medical College,Villa,4,,75500
Koyilandy Road,Apartment,3,15.0,28500
Mavoor Road,Apartment,2,13.0,20500
Chevayur,Flat,1,5.0,10000
Thondayad,Apartment,2,10.0,18000
Vellimadukunnu,Apartment,2,5.0,15500
Chevayur,Flat,2,7.0,19000
Mathara,Apartment,2,7.0,16500
Mankave,Flat,1,6.0,8500
Kunnamangalam,House,2,,13500
Chevayur,House,2,,22000
Mankave,Villa,3,,38000
Palayam,Flat,1,5.0,11500
Koyilandy Road,Apartment,1,6.0,9500
Malaparamba,Apartment,1,6.0,9500
Eranhipalam,Apartment,2,6.0,19000
Puthiyara,Flat,3,5.0,32000
Chevayur,Flat,2,7.0,17500
Thondayad,Villa,2,,26000
Mankave,Flat,4,1.0,37000
Bilathikulam,Apartment,2,3.0,19500
Mukkam,Flat,2,2.0,12500
Mathara,Apartment,1,9.0,9000
Nadakkavu,Apartment,2,9.0,20500
Ulliyeri,Apartment,2,12.0,11000
Beach Road,Flat,3,6.0,35000
Malaparamba,Flat,3,7.0,23500
Nadakkavu,Flat,2,7.0,19000
Thiruvannur,Apartment,2,14.0,11000
Chevayur,Flat,2,0.0,18000
Kuthiravattom,Villa,2,,21500
Palayam,House,1,,12000
Puthiyara,House,2,,20500
Chevayur,Flat,4,3.0,44500
Koyilandy Road,Flat,1,6.0,9000
Panniyankara,House,2,,18000
Thondayad,Flat,1,8.0,9000
Beach Road,Flat,3,3.0,36500
Thiruvannur,Flat,2,4.0,11000
Beach Road,Apartment,4,5.0,57500
Koyilandy Road,Apartment,3,11.0,25500
Ulliyeri,Apartment,2,9.0,11500
Koyilandy Road,Flat,2,5.0,15500
Puthiyara,Apartment,1,7.0,10500
Puthiyara,Apartment,2,9.0,19000
Kunnamangalam,Flat,3,4.0,16500
Panniyankara,Villa,1,,12000
Mathara,House,3,,31500
Chevayur,Apartment,3,12.0,31500
Puthiyara,Apartment,3,3.0,32500
Nadakkavu,Flat,4,5.0,42500
Vellimadukunnu,House,4,,38500
Puthiyara,Villa,4,,64000
Beach Road,Apartment,3,1.0,40000
Puthiyara,Apartment,1,11.0,10500
Chevayur,Villa,2,,30500
Balussery,Flat,1,5.0,6500
Feroke,Flat,1,8.0,7500
Puthiyara,Villa,1,,14500
Beach Road,Apartment,2,12.0,22000
Vellimadukunnu,Flat,1,8.0,7000
Chevayur,Flat,3,5.0,29500
Koyilandy Road,Apartment,3,13.0,27500
Palayam,Flat,2,1.0,19000
Eranhipalam,Flat,2,6.0,17000
Mathara,Apartment,2,5.0,17000
Eranhipalam,Flat,1,2.0,9000
Thondayad,Villa,3,,41500
Mavoor Road,Flat,2,8.0,19000
Thondayad,House,2,,21000
Kuthiravattom,Apartment,2,9.0,16000
Mankave,Apartment,2,2.0,16500
Eranhipalam,Flat,1,4.0,10000
Palayam,Villa,1,,17000
Kunnamangalam,Apartment,3,3.0,19500
Kottuli,Apartment,3,12.0,22500
Thondayad,Flat,2,8.0,16500
Mankave,Flat,2,8.0,15000
Puthiyara,Villa,2,,28000
Mankave,Flat,2,7.0,15500
Medical College,Apartment,4,12.0,56000
Palayam,Flat,4,6.0,44000
Mathara,Apartment,3,3.0,25500
Eranhipalam,Apartment,1,1.0,10500
Puthiyara,Flat,2,4.0,18500
Kottuli,Flat,1,2.0,7500
Thondayad,Flat,1,4.0,8500
Koyilandy Road,Flat,1,1.0,8000
Mankave,House,2,,17500
Malaparamba,Apartment,2,10.0,15000
Puthiyara,Apartment,1,2.0,10500
Nadakkavu,Apartment,4,0.0,43000
Kuthiravattom,Apartment,2,6.0,15500
Koyilandy Road,Flat,2,0.0,15000
Panniyankara,Apartment,3,12.0,24500
Mathara,Flat,2,5.0,15500
Chevayur,Flat,2,6.0,17500
Panniyankara,Flat,2,7.0,12500
Medical College,Villa,2,,33000
Kuthiravattom,Apartment,3,6.0,25500
Mavoor Road,House,2,,26500
Mukkam,Apartment,1,11.0,6500
Kuthiravattom,Flat,2,2.0,14000
Medical College,Apartment,3,6.0,38000
Puthiyara,Apartment,2,13.0,18000
Medical College,Apartment,2,15.0,23000
Puthiyara,Flat,2,3.0,16500
Bilathikulam,Apartment,3,4.0,30000
Puthiyara,Apartment,3,1.0,32000
Panniyankara,Apartment,3,15.0,25000
Kuthiravattom,House,2,,17500
Mathara,Flat,3,3.0,23000
Koyilandy Road,House,2,,18500
Beach Road,Apartment,1,10.0,13500
Palayam,Apartment,3,8.0,30500
Mankave,Flat,2,8.0,15500
Nadakkavu,Flat,2,2.0,18500
Eranhipalam,Apartment,2,14.0,17000
Chevayur,Villa,2,,28500
Nadakkavu,Apartment,1,6.0,11000
Eranhipalam,Apartment,2,11.0,18500
Balussery,Apartment,1,7.0,7000
Mathara,Flat,2,5.0,13500
Beach Road,Apartment,3,9.0,39000
Mankave,Flat,2,4.0,14500
Calicut University,Apartment,1,3.0,11500
Thondayad,Villa,3,,38500
Bilathikulam,House,2,,20000
Mankave,Villa,2,,23500
Medical College,Flat,3,4.0,33000
Kunnamangalam,Flat,2,1.0,9500
Calicut University,Apartment,3,12.0,33000
Eranhipalam,Flat,3,4.0,31000
Chevayur,Apartment,3,6.0,35000
Eranhipalam,Villa,2,,25000
Nadakkavu,Flat,3,4.0,29000
Nadakkavu,Apartment,1,4.0,11500
Chevayur,Apartment,2,13.0,20000
Palayam,House,2,,25000
Koyilandy Road,Apartment,2,0.0,16000
Mukkam,Apartment,3,11.0,23000
Bilathikulam,Flat,3,6.0,28000
Thondayad,Apartment,3,4.0,31500
Mankave,Flat,2,3.0,16000
Malaparamba,Villa,2,,23000
Nadakkavu,Flat,2,5.0,20000
Kottuli,Apartment,3,15.0,24000
Calicut University,Flat,1,5.0,11000
Kunnamangalam,Apartment,2,9.0,12000
Thondayad,Flat,2,1.0,17000
Beach Road,Flat,2,0.0,19500
Koyilandy Road,Apartment,1,13.0,8500
Panniyankara,Apartment,3,12.0,23000
Panniyankara,Apartment,2,6.0,14500
Puthiyara,Apartment,4,0.0,43500
Mukkam,Apartment,2,9.0,13500
Medical College,Apartment,2,8.0,23000
Ulliyeri,Apartment,1,1.0,6500
Vellimadukunnu,Villa,3,,38000
Palayam,Apartment,2,14.0,19000
Puthiyara,Villa,1,,14000
Kottuli,Villa,3,,34500
Kottuli,Apartment,1,1.0,8000
Calicut University,Apartment,1,5.0,13000
Koduvally,Flat,2,2.0,10500
Koyilandy Road,Villa,2,,25000
Bilathikulam,Flat,3,4.0,31500
Koduvally,Villa,2,,16500
Puthiyara,Apartment,2,14.0,20000
Bilathikulam,Apartment,2,13.0,19500
Palayam,Apartment,3,4.0,35500
Eranhipalam,Apartment,3,0.0,30500
Ulliyeri,Apartment,2,3.0,11000
Mankave,Apartment,3,2.0,28500
Balussery,Apartment,3,5.0,21000
Malaparamba,Apartment,2,4.0,18500
Mathara,Apartment,2,1.0,15000
Medical College,Apartment,2,5.0,23000
Beach Road,Apartment,2,4.0,23500
Calicut University,Apartment,3,4.0,39000
Bilathikulam,Apartment,2,12.0,18000
Chevayur,Flat,1,5.0,10000
Koyilandy Road,Flat,3,6.0,24500
Beach Road,Apartment,2,4.0,23500
Beach Road,Flat,3,2.0,36000
Eranhipalam,Apartment,1,9.0,10500
Nadakkavu,Apartment,1,9.0,11000
Mathara,Flat,3,5.0,26000
Eranhipalam,Flat,2,5.0,17000
Calicut University,Flat,2,1.0,20000
Kuthiravattom,Apartment,2,4.0,15000
Thondayad,Flat,2,3.0,15000
Bilathikulam,Apartment,2,8.0,19000
Kottuli,House,2,,17000
Puthiyara,Villa,2,,26000
Chevayur,Apartment,3,0.0,29000
Kunnamangalam,Apartment,3,1.0,18000
Mavoor Road,Apartment,3,7.0,37500
Beach Road,Flat,1,7.0,12000
Mavoor Road,Apartment,3,4.0,40500
Puthiyara,Flat,2,6.0,17000
Ulliyeri,Apartment,2,5.0,12000
Palayam,Flat,2,0.0,17000
Chevayur,Apartment,2,0.0,17000
Beach Road,Apartment,2,6.0,24500
Thiruvannur,Apartment,1,9.0,6500
Puthiyara,Villa,2,,26000
Panniyankara,House,3,,30000
Calicut University,Apartment,3,3.0,33500
Chevayur,Flat,2,6.0,19500
Calicut University,Villa,1,,18000
Malaparamba,Apartment,2,1.0,17500
Koduvally,Apartment,2,7.0,12500
Kuthiravattom,Villa,1,,12500
Palayam,Apartment,1,8.0,10000
Medical College,Villa,2,,30500
Koyilandy Road,Apartment,3,14.0,27000
Chevayur,Flat,1,3.0,9500
Calicut University,Apartment,2,7.0,21500
Mavoor Road,Apartment,2,10.0,22500
Mukkam,Apartment,1,1.0,7000
Vellimadukunnu,Apartment,2,4.0,14500
Bilathikulam,Flat,3,3.0,30500
Bilathikulam,Apartment,2,3.0,19000
Nadakkavu,Villa,1,,16000
Kuthiravattom,Apartment,3,3.0,24000
Mankave,House,4,,45500
Calicut University,Apartment,4,12.0,48500
Puthiyara,Apartment,2,15.0,17500
Kuthiravattom,Flat,2,3.0,14000
Medical College,Villa,2,,34500
Mankave,Apartment,3,6.0,26000
Mathara,Apartment,3,8.0,27000
Chevayur,Villa,2,,27000
Puthiyara,Apartment,1,11.0,9500
Koyilandy Road,Apartment,3,1.0,26500
Feroke,Villa,3,,33000
Thiruvannur,Apartment,2,5.0,13500
Balussery,Apartment,1,14.0,6500
Chevayur,Flat,2,3.0,17500
Bilathikulam,Apartment,2,9.0,17500
Medical College,Apartment,3,2.0,34500
Nadakkavu,Flat,3,7.0,29000
Balussery,Flat,1,8.0,6000
Malaparamba,Apartment,2,10.0,17500
Mankave,Apartment,3,4.0,27500
Koduvally,Apartment,3,13.0,21000
Malaparamba,Flat,1,2.0,8500
Panniyankara,House,3,,30000
Malaparamba,Villa,2,,24000
Mankave,Apartment,3,2.0,26500
Panniyankara,Villa,1,,11500
Malaparamba,Flat,4,4.0,39500
Kunnamangalam,Apartment,4,6.0,26500
Vellimadukunnu,Apartment,1,5.0,9000
Vellimadukunnu,Flat,1,0.0,7500
Chevayur,Apartment,2,7.0,20000
Palayam,Apartment,2,15.0,19000
Vellimadukunnu,Apartment,1,9.0,7500
Eranhipalam,Apartment,1,4.0,10000
Panniyankara,Flat,3,7.0,22500
Mavoor Road,Flat,3,2.0,33500
Palayam,Apartment,1,5.0,12000
Bilathikulam,Apartment,2,0.0,19000
Medical College,Apartment,1,9.0,12500
Koduvally,Apartment,1,11.0,7000
Mankave,Apartment,1,13.0,8500
Vellimadukunnu,Flat,1,4.0,7500
Mankave,Apartment,3,9.0,27000
Mathara,Apartment,2,0.0,15500
Mathara,Apartment,2,15.0,15500
Bilathikulam,Flat,2,4.0,18500
Puthiyara,Apartment,1,4.0,10500
Calicut University,House,2,,27000
Eranhipalam,Flat,2,6.0,18000
Mukkam,Villa,2,,19000
Kuthiravattom,Apartment,2,2.0,15500
Kuthiravattom,Apartment,2,9.0,16000
Eranhipalam,Flat,3,1.0,26500
Malaparamba,Apartment,2,3.0,17500
Eranhipalam,Apartment,2,9.0,17000
Bilathikulam,Apartment,1,14.0,10000
Balussery,Apartment,2,12.0,12500
Mavoor Road,Apartment,4,6.0,55500
Koyilandy Road,Apartment,1,1.0,8500
Eranhipalam,Flat,2,7.0,17000
Bilathikulam,House,4,,50500
Koyilandy Road,Apartment,2,10.0,16000
Chevayur,Apartment,3,7.0,33000
Panniyankara,Apartment,2,13.0,15000
Kottuli,House,1,,9500
Thondayad,Villa,2,,25000
Mankave,Apartment,1,0.0,8000
Nadakkavu,Villa,3,,45000
Medical College,Villa,2,,33000
Mankave,Villa,1,,12000
Beach Road,Apartment,2,10.0,23500
Feroke,Flat,2,2.0,12000
Vellimadukunnu,Flat,2,6.0,13500
Nadakkavu,Apartment,3,2.0,31000
Thiruvannur,Apartment,3,12.0,18000
Calicut University,Apartment,1,6.0,13500
Mankave,Flat,2,2.0,16000
Panniyankara,Apartment,2,3.0,14500
Feroke,Apartment,2,14.0,13000
Palayam,House,2,,24000
Malaparamba,Villa,1,,12500
Koyilandy Road,Apartment,2,9.0,16500
Vellimadukunnu,Villa,2,,21500
Vellimadukunnu,Flat,2,3.0,14000
Nadakkavu,Apartment,3,10.0,29500
Calicut University,Villa,3,,51000
Vellimadukunnu,House,2,,18000
Eranhipalam,Apartment,2,11.0,18500
Koyilandy Road,Apartment,1,3.0,9500
Kuthiravattom,Apartment,2,2.0,16000
Kottuli,Apartment,2,12.0,14500
Chevayur,Flat,3,2.0,31500
Mankave,Apartment,2,10.0,17000
Chevayur,Flat,2,6.0,18000
Puthiyara,Flat,2,1.0,17000
Malaparamba,Flat,1,4.0,8500
Kottuli,Flat,2,6.0,14000
Malaparamba,Flat,3,3.0,25500
Feroke,Apartment,1,2.0,7500
Calicut University,Flat,3,1.0,35500
Nadakkavu,Flat,2,2.0,19500
Bilathikulam,Apartment,3,5.0,30500
Medical College,Flat,2,2.0,20500
Mankave,Apartment,1,14.0,9000
Bilathikulam,Flat,1,6.0,9500
Koduvally,Apartment,2,7.0,12500
Mankave,Villa,3,,40500
Chevayur,Apartment,1,15.0,10500
Eranhipalam,Apartment,2,6.0,20000
Kottuli,Apartment,2,11.0,13000
Malaparamba,Apartment,2,14.0,16000
Vellimadukunnu,House,1,,8500
Vellimadukunnu,Apartment,1,4.0,9000
Mavoor Road,Apartment,2,11.0,21000
Balussery,House,2,,14000
Kunnamangalam,Flat,3,7.0,17500
Thondayad,Flat,3,8.0,26500
Beach Road,Apartment,3,2.0,38000
Malaparamba,House,2,,20000
Kunnamangalam,Flat,2,0.0,10000
Vellimadukunnu,Apartment,1,6.0,8000
Mathara,Villa,2,,23000
Malaparamba,Flat,3,0.0,24500
Medical College,Flat,2,2.0,19500
Kuthiravattom,Villa,2,,23000
Kuthiravattom,Apartment,3,12.0,27000
Mukkam,Flat,3,6.0,20000
Malaparamba,Villa,1,,14000
Thondayad,House,1,,10500
Panniyankara,Flat,1,5.0,8000
Feroke,Villa,2,,19000
Kuthiravattom,Apartment,1,6.0,9500
Balussery,Flat,3,5.0,21000
Mathara,Villa,3,,38000
Palayam,Villa,1,,15500
Thondayad,Apartment,2,0.0,15500
Palayam,Flat,3,5.0,30000
Kottuli,Apartment,3,7.0,23500
Mathara,Flat,2,6.0,15500
Puthiyara,Apartment,3,2.0,34000
Malaparamba,Apartment,1,14.0,9500
Thondayad,Flat,3,6.0,29000
Thondayad,Apartment,2,10.0,15500
Kunnamangalam,Flat,2,2.0,11000
Thondayad,Apartment,2,12.0,17000
Eranhipalam,Apartment,3,8.0,29500
Kottuli,Apartment,1,9.0,8000
Mavoor Road,Apartment,2,5.0,23500
Kottuli,Flat,2,0.0,12000
Bilathikulam,Flat,3,2.0,28500
Bilathikulam,Flat,1,0.0,8500
Malaparamba,Apartment,3,8.0,27500
Nadakkavu,Villa,4,,71000
Chevayur,Flat,1,6.0,10500
Panniyankara,House,1,,9000
Thondayad,Flat,2,6.0,17000
Mathara,Apartment,2,9.0,16500
Mathara,Apartment,1,8.0,8000
Puthiyara,House,2,,21000
Chevayur,Apartment,1,5.0,11500
Thondayad,Villa,3,,38000
Kunnamangalam,Flat,2,1.0,10500
Koduvally,Apartment,3,8.0,20000
Mathara,Villa,2,,24000
Malaparamba,Flat,1,8.0,8000
Kuthiravattom,Apartment,3,9.0,26000
Balussery,Flat,1,7.0,6500
Calicut University,Apartment,1,6.0,13000
Kuthiravattom,Apartment,2,6.0,15000
Ulliyeri,Apartment,2,7.0,11500
Puthiyara,Flat,2,7.0,17500
Thondayad,Apartment,2,12.0,18000
Bilathikulam,Flat,2,3.0,16500
Vellimadukunnu,Apartment,3,8.0,22000
Vellimadukunnu,Apartment,3,12.0,24500
Thondayad,Apartment,1,12.0,9500
Medical College,Flat,3,8.0,34000
Mathara,Flat,2,8.0,14000
Eranhipalam,Apartment,2,14.0,18500
Malaparamba,Villa,2,,25000
Puthiyara,Flat,1,2.0,9500
Panniyankara,Apartment,1,0.0,7500
Thondayad,House,3,,34500
Feroke,Flat,2,0.0,13000
Mankave,Apartment,2,12.0,15000
Kottuli,Apartment,2,3.0,14000
Kunnamangalam,Apartment,2,6.0,12000
Calicut University,Flat,3,4.0,35500
Kuthiravattom,Flat,2,7.0,13000
Chevayur,Flat,4,2.0,43000
Puthiyara,Apartment,1,6.0,11000
Palayam,Apartment,3,1.0,34500
Panniyankara,Flat,3,6.0,22500
Thondayad,Apartment,3,15.0,27500
Medical College,Apartment,1,11.0,11500
Calicut University,Villa,2,,29500
Medical College,Apartment,3,12.0,36500
Panniyankara,Apartment,3,15.0,26000
Vellimadukunnu,Apartment,1,10.0,8500
Beach Road,Flat,2,4.0,22500
Eranhipalam,Apartment,1,0.0,10000
Calicut University,Flat,2,0.0,18000
Eranhipalam,Flat,3,2.0,27500
Chevayur,House,2,,21500
Nadakkavu,Apartment,2,5.0,19500
Malaparamba,Flat,2,8.0,16000
Chevayur,Apartment,3,10.0,29500
Balussery,Apartment,2,11.0,13500
Mathara,Apartment,4,10.0,37000
Thiruvannur,Flat,2,5.0,11500
Bilathikulam,Villa,3,,45500
Mavoor Road,Flat,2,6.0,23000
Beach Road,Apartment,1,10.0,13000
Chevayur,Flat,3,1.0,30000
Mavoor Road,House,2,,25500
Puthiyara,Flat,2,1.0,17500
Beach Road,Apartment,2,0.0,21500
Medical College,Villa,1,,16500
Kuthiravattom,Apartment,2,5.0,17000
Balussery,Villa,2,,17000
Malaparamba,Apartment,2,13.0,17500
Nadakkavu,Flat,2,6.0,19500
Mankave,Apartment,2,9.0,16000
Mavoor Road,Flat,2,0.0,20500
Panniyankara,Villa,1,,12500
Nadakkavu,Apartment,3,0.0,30500
Bilathikulam,Apartment,2,6.0,19000
Mukkam,Flat,2,0.0,12000
Balussery,Apartment,2,14.0,11500
Mankave,Apartment,2,9.0,15500
Nadakkavu,Flat,1,5.0,10500
Mavoor Road,Flat,2,2.0,19000
Panniyankara,Flat,1,5.0,8500
Thiruvannur,Apartment,1,9.0,6500
Chevayur,Flat,3,4.0,29000
Chevayur,Flat,1,5.0,11000
Eranhipalam,Villa,1,,14000
Chevayur,Apartment,3,14.0,29000
Mathara,Apartment,2,15.0,15500
Balussery,Villa,2,,18500
Medical College,Apartment,2,13.0,23500
Koyilandy Road,Apartment,3,9.0,25000
Palayam,Apartment,2,7.0,19500
Medical College,Flat,2,3.0,20500
Chevayur,Apartment,1,14.0,11000
Medical College,Apartment,1,10.0,11000
Thondayad,Apartment,2,1.0,16000
Feroke,Flat,3,5.0,22500
Mavoor Road,Apartment,2,9.0,20500
Palayam,Flat,1,5.0,10000
Malaparamba,Apartment,3,9.0,25500
Panniyankara,Apartment,3,10.0,23500
Mankave,House,2,,18500
Kuthiravattom,Flat,1,0.0,7500
Koduvally,Villa,2,,19000
Vellimadukunnu,Flat,3,2.0,23500
Thiruvannur,House,1,,7500
Chevayur,Flat,2,3.0,18500
Vellimadukunnu,Apartment,3,6.0,25000
Mavoor Road,Apartment,2,7.0,22500
Palayam,Flat,2,7.0,17000
Puthiyara,Apartment,2,4.0,21000
Feroke,Apartment,3,6.0,23000
Feroke,Flat,2,1.0,13500
Thondayad,House,1,,11500
Kottuli,Flat,1,1.0,7000
Palayam,Apartment,2,15.0,21000
Eranhipalam,Flat,1,1.0,10000
Mathara,Flat,3,2.0,24500
Thiruvannur,Apartment,2,11.0,11000
Kottuli,Apartment,1,8.0,7500
Thondayad,Apartment,3,8.0,29500
Kunnamangalam,Apartment,3,5.0,19500
Puthiyara,Apartment,2,0.0,17000
Beach Road,Apartment,1,7.0,13500
Eranhipalam,Apartment,3,10.0,27500
Bilathikulam,Apartment,1,1.0,10500
Koyilandy Road,Flat,3,2.0,26000
Thondayad,Apartment,2,9.0,16000
Eranhipalam,Apartment,1,9.0,10500
Palayam,Flat,4,7.0,44000
Balussery,House,2,,15000
Thondayad,Apartment,3,9.0,26500
Kottuli,Apartment,2,4.0,14500
Kunnamangalam,Flat,1,8.0,5000
Kunnamangalam,Villa,3,,25500
Mankave,Villa,1,,13000
Kottuli,Villa,2,,22000
Ulliyeri,Villa,1,,9000
Kuthiravattom,Apartment,2,7.0,16000
Beach Road,Flat,2,3.0,22500
Mukkam,Apartment,2,9.0,13500
Chevayur,Villa,2,,26500
Mankave,Apartment,3,10.0,27500
Kuthiravattom,Flat,4,2.0,36000
Eranhipalam,House,2,,21500
Medical College,Flat,3,3.0,31500
Panniyankara,Villa,3,,36000
Nadakkavu,Apartment,1,4.0,11000
Medical College,Flat,2,3.0,21500
Mankave,House,4,,41500
Mankave,Flat,2,5.0,14500
Panniyankara,Apartment,2,3.0,14500
Mankave,Apartment,1,0.0,8500
Chevayur,Flat,2,6.0,19000
Chevayur,Apartment,1,8.0,10000
Medical College,House,1,,13000
Bilathikulam,Apartment,1,8.0,10000
Medical College,Flat,2,2.0,21000
Balussery,Villa,2,,18000
Puthiyara,Villa,2,,28500
Mathara,Flat,3,2.0,24000
Koyilandy Road,Apartment,2,7.0,15000
Mavoor Road,Apartment,3,5.0,37000
Chevayur,Villa,3,,45000
Thiruvannur,Villa,1,,9000
Vellimadukunnu,Flat,1,1.0,7000
Nadakkavu,Apartment,1,5.0,12000
Palayam,Flat,3,7.0,30000
Mankave,Villa,1,,12500
Bilathikulam,Villa,4,,69500
Mankave,Flat,1,0.0,7500
Nadakkavu,Apartment,1,1.0,10500
Kuthiravattom,Flat,1,2.0,8000
Mankave,Villa,4,,57000
Mavoor Road,Apartment,3,8.0,36000
Bilathikulam,Apartment,3,0.0,28000
Panniyankara,Apartment,1,7.0,8000
Bilathikulam,Apartment,3,2.0,31500
Thondayad,Apartment,1,13.0,10000
Palayam,Flat,2,0.0,17500
Mankave,Flat,1,8.0,7500
Vellimadukunnu,Apartment,2,11.0,15000
Mavoor Road,Flat,1,0.0,10000
Panniyankara,Flat,1,4.0,8000
Chevayur,Flat,2,1.0,19000
Kuthiravattom,Apartment,2,0.0,15500
Thiruvannur,Villa,3,,30500
Nadakkavu,Apartment,2,8.0,18500
Mankave,Villa,1,,13000
Chevayur,Flat,3,2.0,32000
Bilathikulam,Flat,3,3.0,26500
Eranhipalam,Apartment,2,12.0,16500
Medical College,Apartment,2,12.0,20500
Nadakkavu,Apartment,2,14.0,18000
Chevayur,Flat,2,7.0,18000
Beach Road,Villa,2,,32000
Bilathikulam,Apartment,1,7.0,10500
Panniyankara,Apartment,1,10.0,8500
Beach Road,Flat,2,8.0,20000
Malaparamba,Apartment,1,8.0,9500
Thondayad,Apartment,3,0.0,27500
Feroke,Flat,2,5.0,14000
Palayam,Apartment,1,3.0,10500
Malaparamba,Apartment,3,2.0,28000
Beach Road,Flat,2,6.0,23500
Beach Road,Flat,2,5.0,21500
Chevayur,Flat,2,6.0,17500
Kottuli,Flat,2,0.0,13000
Mavoor Road,Apartment,1,4.0,12500
Puthiyara,Flat,3,1.0,29500
Puthiyara,Apartment,2,14.0,19500
Calicut University,Apartment,1,11.0,11000
Chevayur,Flat,2,2.0,19500
Malaparamba,Flat,3,2.0,24500
Thiruvannur,Apartment,2,3.0,11500
Eranhipalam,Apartment,3,12.0,27500
Malaparamba,Apartment,2,12.0,16500
Medical College,Apartment,2,6.0,21000
Calicut University,Flat,4,4.0,52000
Thiruvannur,Flat,1,2.0,6500
Thondayad,Apartment,2,4.0,19000
Nadakkavu,Apartment,2,10.0,18000
Kunnamangalam,Apartment,1,9.0,5500
Kottuli,Flat,2,7.0,13000
Vellimadukunnu,Apartment,3,13.0,25500
Koyilandy Road,Flat,1,1.0,8000
Chevayur,Flat,3,5.0,28500
Bilathikulam,Apartment,2,10.0,18000
Puthiyara,Flat,2,0.0,17500
Palayam,Apartment,3,4.0,37000
Bilathikulam,Apartment,3,5.0,29500
Mankave,Apartment,1,9.0,8500
Kuthiravattom,Apartment,2,4.0,15000
Bilathikulam,Flat,3,5.0,31000
Chevayur,Flat,2,7.0,17000
Kuthiravattom,Apartment,2,9.0,15000
Eranhipalam,Apartment,3,12.0,31500
Puthiyara,Villa,2,,30000
Eranhipalam,Apartment,2,7.0,16500
Vellimadukunnu,Flat,3,5.0,24500
Kuthiravattom,Flat,2,6.0,15500
Calicut University,Flat,3,7.0,33500
Beach Road,Flat,2,2.0,21500
Mathara,Apartment,2,5.0,15000
Kottuli,Apartment,2,14.0,14000
Kuthiravattom,Flat,3,5.0,24500
Calicut University,Flat,4,2.0,48000
Palayam,Apartment,1,7.0,11000
Bilathikulam,Flat,2,7.0,16500
Koyilandy Road,Apartment,2,11.0,15000
Mukkam,House,2,,16500
Kunnamangalam,Apartment,2,12.0,11500
Mankave,Villa,1,,13000
Mukkam,Flat,2,1.0,11500
Koyilandy Road,Flat,1,7.0,9000
Kuthiravattom,Apartment,3,11.0,24500
Bilathikulam,Flat,3,2.0,30000
Kuthiravattom,Flat,2,2.0,14500
Nadakkavu,Apartment,3,15.0,30000
Mathara,Flat,2,1.0,15500
Bilathikulam,Villa,3,,48500
Vellimadukunnu,Apartment,1,5.0,9000
Thondayad,Flat,1,4.0,9000
Malaparamba,Apartment,2,11.0,15000
Eranhipalam,Flat,1,5.0,9500
Bilathikulam,Flat,3,2.0,28500
Ulliyeri,Apartment,2,8.0,12000
Beach Road,Flat,1,3.0,11500
Mavoor Road,Flat,1,4.0,11000
Balussery,Flat,2,8.0,10500
Balussery,Flat,2,0.0,10500
Medical College,Flat,2,4.0,19500
Chevayur,Flat,1,2.0,10000
Beach Road,Apartment,3,4.0,38500
Malaparamba,Apartment,2,7.0,16000
Vellimadukunnu,Flat,4,5.0,34500
Puthiyara,Apartment,3,12.0,29000
Palayam,Apartment,2,0.0,21000
Calicut University,House,2,,25500
Koyilandy Road,House,2,,20000
Bilathikulam,Apartment,3,11.0,31500
Puthiyara,Flat,3,1.0,31500
Medical College,Flat,2,5.0,20500
Calicut University,Flat,1,1.0,11000
Nadakkavu,House,3,,36000
Mankave,House,1,,9500
Koyilandy Road,Flat,2,0.0,15000
Kuthiravattom,Apartment,2,14.0,15500
Medical College,Flat,3,3.0,31500
Chevayur,Villa,1,,15500
Eranhipalam,Apartment,1,12.0,10500
Thondayad,Apartment,3,5.0,27000
Mavoor Road,Villa,1,,18500
Nadakkavu,Apartment,2,10.0,18500
Kuthiravattom,Apartment,3,14.0,25000
Nadakkavu,Apartment,1,10.0,11000
Calicut University,Apartment,1,3.0,11000
Mankave,Apartment,2,4.0,17500
Mathara,Flat,1,0.0,7000
Calicut University,House,2,,26000
Ulliyeri,Apartment,1,5.0,6000
Mathara,Flat,3,1.0,26000
Palayam,Apartment,1,9.0,11000
Koyilandy Road,Apartment,2,15.0,15000
Ulliyeri,Flat,2,7.0,11000
Palayam,Flat,2,3.0,20000
Eranhipalam,Apartment,1,6.0,11000
Kunnamangalam,Apartment,3,13.0,18000
Palayam,Flat,3,1.0,30500
Puthiyara,Apartment,4,3.0,46000
Malaparamba,Flat,2,6.0,15500
Bilathikulam,Villa,3,,42500
Mathara,Apartment,1,9.0,8500
Nadakkavu,House,2,,23000
Bilathikulam,Apartment,3,2.0,30500
Medical College,Apartment,2,3.0,21500
Mathara,House,2,,18000
Mathara,Villa,1,,13500
Panniyankara,Flat,3,0.0,21000
Kuthiravattom,Apartment,4,15.0,35000
Mankave,Apartment,2,14.0,16000
Koduvally,Flat,4,2.0,27500
Malaparamba,Apartment,1,7.0,8500
Malaparamba,Apartment,1,8.0,9500
Malaparamba,Apartment,2,3.0,18000
Mathara,House,4,,44000
Beach Road,Flat,2,7.0,21500
Feroke,Apartment,2,3.0,14500
Beach Road,Flat,2,8.0,22000
Puthiyara,Flat,1,6.0,9500
Feroke,Apartment,2,9.0,14000
Kuthiravattom,Flat,2,7.0,13500
Mathara,Apartment,2,1.0,16500
Mathara,Villa,2,,23000
Nadakkavu,Apartment,3,12.0,30500
Panniyankara,Villa,3,,38500
Calicut University,Villa,2,,31000
Kottuli,Villa,2,,19000
Mukkam,Apartment,3,14.0,22500
Chevayur,Apartment,2,9.0,17500
Koyilandy Road,Apartment,1,13.0,9500
Mathara,Villa,2,,22500
Beach Road,Flat,2,7.0,20500
Medical College,Apartment,1,6.0,12000
Beach Road,Flat,3,3.0,36000
Beach Road,Flat,1,5.0,11500
Chevayur,Apartment,1,14.0,10500
Palayam,House,3,,38000
Mathara,Apartment,2,9.0,16500
Malaparamba,Apartment,2,2.0,16000
Kunnamangalam,Villa,1,,9500
Mavoor Road,Apartment,2,8.0,23500
Bilathikulam,House,1,,12000
Palayam,Villa,1,,15000
Medical College,Flat,2,6.0,22500
Vellimadukunnu,Apartment,1,6.0,9000
Feroke,Flat,2,8.0,12000
Calicut University,Villa,4,,76000
Vellimadukunnu,Flat,1,3.0,7500
Puthiyara,Apartment,3,12.0,33000
Vellimadukunnu,Flat,2,3.0,13500
Vellimadukunnu,Apartment,1,8.0,7500
Puthiyara,Apartment,3,9.0,29000
Malaparamba,Apartment,4,4.0,43500
Calicut University,Villa,3,,50000
Thondayad,Apartment,3,9.0,27500
Kottuli,Apartment,1,14.0,8000
Malaparamba,Flat,1,8.0,9000
Eranhipalam,Apartment,2,12.0,18000
Mathara,Apartment,1,4.0,9000
Kunnamangalam,Flat,3,6.0,18500
Mavoor Road,Villa,4,,75000
Mankave,House,2,,17500
Kuthiravattom,Flat,2,3.0,14500
Kottuli,Apartment,3,13.0,24500
Vellimadukunnu,Apartment,2,9.0,15000
Puthiyara,Flat,3,3.0,30000
Eranhipalam,Apartment,2,3.0,18000
Thiruvannur,Flat,3,6.0,19000
Eranhipalam,Apartment,3,6.0,30500
Palayam,Villa,2,,28500
Thondayad,Apartment,4,11.0,38000
Palayam,Apartment,1,5.0,12500
Thondayad,Apartment,3,6.0,28500
Palayam,Apartment,4,6.0,46500
Thiruvannur,Flat,3,1.0,17500
Beach Road,Apartment,1,11.0,12500
Beach Road,Apartment,2,6.0,24000
Beach Road,Flat,2,7.0,21000
Puthiyara,Apartment,2,11.0,19500
Balussery,Apartment,2,0.0,12000
Eranhipalam,Villa,1,,14500
Malaparamba,Apartment,3,9.0,28000
Palayam,Flat,3,6.0,32500
Beach Road,Flat,2,8.0,21000
Bilathikulam,Apartment,1,5.0,11000
Palayam,Flat,1,8.0,10500
Kuthiravattom,Villa,3,,35500
Puthiyara,Flat,1,0.0,10000
Chevayur,Apartment,2,2.0,18500
Vellimadukunnu,House,1,,8500
Kunnamangalam,Flat,2,1.0,11000
Palayam,Apartment,4,5.0,46500
Calicut University,Apartment,2,14.0,21000
Kuthiravattom,Apartment,2,12.0,16000
Nadakkavu,Flat,2,3.0,17500
Puthiyara,Flat,1,6.0,9500
Mankave,Villa,1,,12500
Koyilandy Road,Apartment,2,15.0,16500
Thondayad,Flat,2,6.0,17500
Panniyankara,Apartment,1,10.0,7500
Mankave,Apartment,2,6.0,16000
Calicut University,Flat,3,6.0,32000
Chevayur,House,1,,12000
Mankave,Flat,3,6.0,26000
Kottuli,Flat,2,1.0,12500
Malaparamba,Villa,3,,42000
Panniyankara,House,2,,18500
Panniyankara,Villa,2,,21500
Vellimadukunnu,Apartment,1,1.0,8000
Mavoor Road,Villa,4,,84500
Kottuli,Apartment,2,3.0,14000
Mathara,Flat,3,5.0,25500
Koyilandy Road,Flat,2,5.0,17000
Panniyankara,Flat,4,1.0,30500
Mathara,Flat,2,6.0,14500
Vellimadukunnu,Flat,2,2.0,13000
Mathara,Apartment,2,5.0,16500
Mathara,Apartment,3,12.0,23500
Kuthiravattom,Flat,2,3.0,14000
Feroke,Apartment,3,6.0,22000
Malaparamba,Apartment,1,13.0,8500
Nadakkavu,House,1,,12000
Nadakkavu,Apartment,3,2.0,32000
Thondayad,Villa,3,,44000
Thondayad,Flat,4,3.0,39500
Kottuli,Flat,1,5.0,8000
Nadakkavu,Flat,2,4.0,18000
Koduvally,Apartment,2,11.0,12500
Mathara,Villa,3,,39500
Mankave,Apartment,3,5.0,26500
Puthiyara,Apartment,3,2.0,30500
Feroke,Flat,2,2.0,12500
Mathara,House,2,,19000
Puthiyara,Flat,1,4.0,10500
Mavoor Road,Flat,2,8.0,21000
Calicut University,Apartment,2,7.0,21000
Koduvally,House,4,,32500
Chevayur,Flat,2,1.0,19000
Vellimadukunnu,House,2,,15500
Bilathikulam,Apartment,2,0.0,17500
Nadakkavu,Flat,3,5.0,30500
Palayam,Apartment,2,6.0,21000
Malaparamba,Apartment,1,3.0,10000
Thondayad,Apartment,2,14.0,17500
Koyilandy Road,Flat,2,5.0,15000
Chevayur,Flat,3,5.0,31500
Feroke,House,2,,15000
Calicut University,Apartment,3,3.0,36000
Mavoor Road,House,1,,14500
Panniyankara,Apartment,3,7.0,24000
Ulliyeri,Apartment,1,1.0,6500
Calicut University,Villa,3,,53000
Balussery,Flat,1,2.0,7000
Beach Road,Villa,1,,18000
Calicut University,Flat,2,0.0,19500
Vellimadukunnu,Flat,2,0.0,13000
Puthiyara,Flat,2,8.0,17500
Koyilandy Road,House,1,,9500
Feroke,Apartment,3,12.0,24000
Malaparamba,Flat,2,3.0,16000
Nadakkavu,Apartment,2,9.0,19000
Calicut University,Flat,2,8.0,20500
Panniyankara,Villa,1,,12500
Malaparamba,Apartment,2,12.0,15500
Panniyankara,Flat,2,6.0,13500
Beach Road,Apartment,2,12.0,21500
Eranhipalam,Apartment,2,8.0,18000
Eranhipalam,Villa,2,,26000
Eranhipalam,Flat,3,1.0,27500
Calicut University,Apartment,2,14.0,20500
Eranhipalam,Flat,3,0.0,27000
Kunnamangalam,Apartment,2,13.0,10500
Vellimadukunnu,Flat,3,4.0,24500
Vellimadukunnu,Apartment,2,11.0,15000
Koyilandy Road,Apartment,4,11.0,37500
Thondayad,Apartment,1,14.0,10000
Calicut University,Flat,2,8.0,20500
Koyilandy Road,Flat,2,4.0,16000
Mankave,Apartment,1,12.0,8500
Balussery,Apartment,2,4.0,14000
Koyilandy Road,Apartment,1,15.0,9000
Mukkam,Villa,2,,18500
Vellimadukunnu,Villa,2,,20000
Vellimadukunnu,Apartment,3,6.0,23500
Vellimadukunnu,Apartment,1,12.0,8500
Thondayad,Apartment,1,6.0,10000
Kuthiravattom,Apartment,1,2.0,8500
Mavoor Road,Apartment,2,0.0,20000
Kuthiravattom,Apartment,1,6.0,9500
Vellimadukunnu,Apartment,1,9.0,8000
Kuthiravattom,Flat,1,1.0,8000
Kuthiravattom,Apartment,2,15.0,14000
Koyilandy Road,Apartment,3,12.0,25500
Palayam,Flat,1,6.0,10000
Chevayur,Flat,2,3.0,18000
Beach Road,Flat,3,3.0,38000
Thiruvannur,Flat,3,2.0,19500
Bilathikulam,Flat,2,3.0,18000
Puthiyara,Apartment,2,15.0,19500
Medical College,Villa,2,,33000
Mathara,Villa,1,,12500
Malaparamba,Apartment,2,5.0,16000
Mathara,Villa,3,,36000
Koduvally,Apartment,2,9.0,12000
Calicut University,Flat,2,5.0,20500
Feroke,Flat,1,4.0,7500
Kunnamangalam,Villa,1,,9000
Koyilandy Road,Apartment,2,8.0,17000
Calicut University,Apartment,1,7.0,12000
Eranhipalam,Apartment,1,6.0,10000
Feroke,Flat,2,5.0,14000
Calicut University,Apartment,2,13.0,22500
Mankave,Apartment,2,11.0,16000
Mankave,Flat,2,1.0,15500
Panniyankara,Flat,2,4.0,14500
Puthiyara,Apartment,2,10.0,19000
Panniyankara,Apartment,2,13.0,15000
Kottuli,Apartment,1,3.0,8000
Bilathikulam,Apartment,3,8.0,28500
Beach Road,Flat,2,7.0,20000
Vellimadukunnu,Flat,2,2.0,13500
Kuthiravattom,Apartment,3,4.0,25500
Medical College,Apartment,1,2.0,12000
Feroke,Villa,2,,19500
Feroke,Apartment,3,7.0,21500
Mavoor Road,Apartment,2,11.0,22500
Puthiyara,Apartment,2,0.0,17000
Nadakkavu,Flat,3,2.0,28500
Mavoor Road,Villa,3,,54500
Thiruvannur,Flat,2,6.0,10500
Panniyankara,Villa,3,,35000
Kunnamangalam,Apartment,1,15.0,6000
Mukkam,Apartment,2,3.0,12500
Panniyankara,Apartment,2,10.0,14500
Nadakkavu,Apartment,2,0.0,19000
Calicut University,Flat,1,1.0,11000
Mankave,Flat,1,7.0,8000
Eranhipalam,Flat,2,7.0,15000
Thondayad,Villa,2,,24000
Kottuli,Apartment,3,13.0,22000
Mathara,Apartment,2,11.0,16000
Mavoor Road,Apartment,2,2.0,24000
Panniyankara,Villa,2,,23500
Koduvally,Flat,2,2.0,12000
Malaparamba,Apartment,1,3.0,9500
Thondayad,Flat,2,7.0,16500
Mankave,Flat,2,6.0,15000
Bilathikulam,Apartment,2,8.0,18000
Medical College,Apartment,3,11.0,35500
Chevayur,Apartment,2,7.0,17500
Vellimadukunnu,Apartment,4,1.0,36000
Mankave,House,1,,10000
Thondayad,Flat,3,2.0,27000
Puthiyara,Flat,3,4.0,31500
Koyilandy Road,Apartment,2,2.0,17000
Mathara,Villa,1,,12000
Puthiyara,Apartment,2,9.0,19000
Eranhipalam,Flat,2,4.0,17000
Bilathikulam,Apartment,1,10.0,10500
Koyilandy Road,Flat,3,8.0,26000
Mathara,Villa,4,,53000
Kunnamangalam,Apartment,3,14.0,19500
Medical College,Flat,4,2.0,52500
Mankave,Flat,1,7.0,7500
Bilathikulam,Apartment,1,11.0,9500
Mavoor Road,Flat,2,8.0,19000
Bilathikulam,Villa,1,,16000
Beach Road,Flat,1,1.0,12000
Thondayad,Villa,2,,24500
Bilathikulam,Flat,3,1.0,28000
Malaparamba,Apartment,2,7.0,16500
Balussery,Apartment,1,12.0,6500
Kunnamangalam,Apartment,2,0.0,11000
Calicut University,Apartment,2,12.0,22500
Mathara,Villa,4,,59000
Ulliyeri,Apartment,3,7.0,20000
Bilathikulam,Flat,2,4.0,17000
Chevayur,Apartment,2,4.0,19000
Panniyankara,Flat,2,1.0,13000
Thiruvannur,Apartment,2,12.0,11000
Puthiyara,Apartment,2,4.0,19500
Mukkam,Flat,3,8.0,18500
Mankave,Apartment,3,11.0,27500
Mankave,Apartment,2,0.0,16000
Chevayur,Apartment,2,8.0,17500
Thiruvannur,Apartment,2,3.0,11500
Medical College,Flat,1,1.0,11000
Mankave,Apartment,3,0.0,27000
Thiruvannur,Apartment,2,15.0,11500
Malaparamba,Apartment,2,15.0,17000
Beach Road,Villa,2,,36000
Mathara,Apartment,3,6.0,25500
Beach Road,House,2,,28500
Vellimadukunnu,Flat,2,1.0,14000
Chevayur,Apartment,2,13.0,19000
Malaparamba,Apartment,1,2.0,9000
Beach Road,Apartment,2,15.0,24500
Nadakkavu,Apartment,2,9.0,19000
Vellimadukunnu,Flat,2,1.0,14000
Balussery,Flat,2,0.0,11000
Bilathikulam,Flat,2,5.0,17500
Koyilandy Road,Apartment,2,1.0,16000
Thondayad,Apartment,1,8.0,9500
Panniyankara,Flat,1,4.0,7500
Puthiyara,Villa,2,,28500
Mukkam,Apartment,1,3.0,8000
Koyilandy Road,Flat,2,4.0,16500
Malaparamba,House,2,,20500
Koyilandy Road,Apartment,1,8.0,9000
Calicut University,Flat,3,5.0,33000
Medical College,Flat,1,8.0,11000
Beach Road,Apartment,4,1.0,56000
Kunnamangalam,Flat,2,8.0,9500
Bilathikulam,Apartment,1,9.0,9500
Mankave,Apartment,2,1.0,15000
Kottuli,Flat,2,1.0,14000
Chevayur,Flat,3,6.0,29000
Beach Road,Flat,2,3.0,21000
Koduvally,Flat,3,7.0,18500
Medical College,Flat,4,1.0,46000
Kunnamangalam,Apartment,3,2.0,17000
Mukkam,Apartment,2,10.0,13000
Koyilandy Road,House,2,,18000
Nadakkavu,House,2,,22500
Mavoor Road,Apartment,2,9.0,22500
Thondayad,Flat,4,4.0,42000
Calicut University,Flat,1,8.0,10500
Vellimadukunnu,Apartment,1,13.0,8000
Malaparamba,Apartment,2,7.0,15500
Palayam,Apartment,2,12.0,20000
Mathara,Flat,1,0.0,8000
Puthiyara,Villa,3,,43500
Thondayad,House,2,,20000
Thondayad,Flat,2,8.0,16000
Panniyankara,Apartment,3,13.0,23500
Thiruvannur,Flat,2,5.0,12000
Mathara,Apartment,3,1.0,27500
Koyilandy Road,Apartment,2,3.0,17000
Vellimadukunnu,Apartment,1,0.0,8000
Kuthiravattom,Flat,1,1.0,7000
Mathara,Apartment,2,1.0,16000
Puthiyara,Apartment,1,8.0,10500
Balussery,Flat,2,3.0,11500
Koyilandy Road,Flat,2,3.0,15000
Vellimadukunnu,Villa,3,,33500
Malaparamba,Villa,3,,38500
Nadakkavu,Flat,1,1.0,10000
Vellimadukunnu,Apartment,1,1.0,8000
Kottuli,Flat,2,7.0,12000
Bilathikulam,Flat,2,5.0,18000
Balussery,Flat,1,4.0,6500
Puthiyara,House,2,,21500
Eranhipalam,Apartment,3,12.0,29500
Mankave,Apartment,2,11.0,16500
Kottuli,Villa,1,,12000
Kuthiravattom,Apartment,2,3.0,16000
Beach Road,Villa,2,,34000
Balussery,Flat,3,2.0,20000
Malaparamba,Apartment,3,1.0,28500
Thondayad,Flat,2,0.0,14500
Bilathikulam,Flat,2,1.0,17000
Thondayad,Apartment,2,2.0,17000
Panniyankara,Flat,2,7.0,13500
Ulliyeri,Flat,2,5.0,10500
Kunnamangalam,Flat,2,4.0,10000
Eranhipalam,Flat,2,2.0,17500
Ulliyeri,Villa,2,,17500
Feroke,Apartment,1,0.0,7000
Malaparamba,Apartment,1,5.0,9500
Panniyankara,Apartment,2,4.0,15000
Medical College,Villa,2,,32000
Eranhipalam,Villa,2,,26500
Koyilandy Road,Apartment,4,2.0,36500
Vellimadukunnu,Flat,2,2.0,14500
Koyilandy Road,Apartment,2,10.0,15000
Beach Road,Flat,2,1.0,20500
Palayam,Apartment,2,2.0,21500
Kuthiravattom,Apartment,1,3.0,8000
Mankave,Apartment,3,9.0,27500
Thondayad,Flat,1,3.0,9500
Nadakkavu,Flat,3,7.0,27000
Panniyankara,Villa,2,,21500
Beach Road,Flat,2,1.0,20000
Koyilandy Road,Flat,2,6.0,16500
Palayam,Apartment,2,15.0,19000
Chevayur,Flat,2,7.0,18000
Eranhipalam,Apartment,2,4.0,17500
Puthiyara,Flat,3,0.0,26500
Mathara,Villa,3,,35000
Kottuli,Flat,1,5.0,7500
Palayam,Flat,3,4.0,34000
Bilathikulam,Apartment,1,15.0,10500
Koyilandy Road,Flat,1,3.0,8000
Feroke,Apartment,1,14.0,7500
Kuthiravattom,Apartment,2,4.0,15500
Kuthiravattom,Apartment,2,11.0,14000
Ulliyeri,Villa,2,,16000
Puthiyara,Apartment,1,12.0,10000
Puthiyara,Villa,2,,26000
Puthiyara,Apartment,3,5.0,31500
Balussery,House,3,,23000
Mankave,Apartment,3,11.0,28000
Panniyankara,Flat,2,8.0,13500
Thondayad,Flat,3,4.0,27000
Palayam,Apartment,3,8.0,33500
Mukkam,Flat,3,4.0,22000
Feroke,Apartment,1,3.0,8000
Bilathikulam,Flat,1,4.0,9500
Ulliyeri,Apartment,1,9.0,6000
Kottuli,Flat,1,5.0,7500
Thondayad,Apartment,3,14.0,26000
Malaparamba,Apartment,2,4.0,17000
Koyilandy Road,Villa,3,,39500
Mavoor Road,Flat,2,3.0,20000
Bilathikulam,House,3,,34000
Mavoor Road,Apartment,3,11.0,37000
Kottuli,Flat,2,5.0,13500
Chevayur,Apartment,2,8.0,20000
Nadakkavu,Villa,3,,44000
Thondayad,House,2,,20500
Koduvally,Apartment,3,13.0,20500
Thiruvannur,Flat,1,7.0,6000
Chevayur,Flat,3,3.0,31000
Calicut University,Apartment,3,7.0,33500
Panniyankara,Apartment,2,4.0,15500
Vellimadukunnu,Villa,4,,55000
Mankave,Flat,3,6.0,25000
Palayam,Apartment,3,5.0,33000
Panniyankara,Flat,2,5.0,14000
Kuthiravattom,Flat,2,0.0,13000
Bilathikulam,Flat,1,5.0,10500
Medical College,Apartment,3,13.0,33500
Puthiyara,Apartment,1,13.0,10000
Bilathikulam,Apartment,3,10.0,29500
Nadakkavu,Villa,1,,17000
Bilathikulam,House,1,,11500
Beach Road,Apartment,3,12.0,35000
Chevayur,House,3,,36000
Vellimadukunnu,Flat,1,2.0,7000
Palayam,House,3,,37500
Kunnamangalam,Apartment,2,9.0,11000
Koyilandy Road,Apartment,2,3.0,17500
Mankave,Flat,2,0.0,14500
Chevayur,Apartment,2,14.0,19000
Thondayad,Apartment,2,8.0,17000
Ulliyeri,Apartment,2,12.0,11500
Mukkam,Flat,1,3.0,6000
Kottuli,Flat,1,4.0,7000
Koyilandy Road,Apartment,2,7.0,16500
Malaparamba,Apartment,3,13.0,26000
Beach Road,Apartment,2,4.0,25500
Panniyankara,Flat,2,8.0,13500
Beach Road,Apartment,2,6.0,23500
Thondayad,Flat,2,7.0,16000
Mankave,Flat,1,2.0,7500
Mankave,Flat,3,1.0,22500
Vellimadukunnu,Flat,1,5.0,8000
Thiruvannur,Apartment,1,2.0,6500
Kottuli,Flat,3,1.0,20500
Chevayur,Apartment,3,11.0,30000
Kunnamangalam,Flat,2,8.0,10000
Bilathikulam,Flat,3,3.0,30500
Malaparamba,Flat,3,1.0,25500
Thondayad,Flat,3,4.0,27500
Mathara,Flat,2,8.0,15000
Puthiyara,Flat,1,0.0,8500
Mathara,Flat,2,0.0,13000
Panniyankara,Villa,2,,22000
Mankave,Apartment,2,5.0,16500
Chevayur,Apartment,2,8.0,18500
Kottuli,Flat,2,2.0,12000
Kunnamangalam,Apartment,2,8.0,11000
Kuthiravattom,Flat,2,8.0,14500
Balussery,Villa,4,,44500
Bilathikulam,Villa,3,,44000
Bilathikulam,House,2,,21000
Kottuli,Flat,3,6.0,22500
Mathara,Apartment,2,1.0,17000
Mankave,Apartment,2,11.0,15500
Bilathikulam,Flat,2,8.0,15500
Chevayur,Flat,1,2.0,9500
Vellimadukunnu,Flat,1,8.0,7000
Eranhipalam,Apartment,1,8.0,9500
Bilathikulam,Flat,4,6.0,44500
Mankave,Apartment,2,1.0,17000
Mankave,Flat,2,3.0,15000
Vellimadukunnu,Flat,1,3.0,7000
Puthiyara,Flat,3,3.0,30000
Nadakkavu,House,2,,24000
Koyilandy Road,Apartment,4,11.0,39500
Palayam,Apartment,1,3.0,10500
Mavoor Road,Apartment,2,15.0,22000
Beach Road,Flat,1,7.0,11500
Vellimadukunnu,House,2,,16000
Kottuli,Apartment,3,4.0,23000
Thondayad,Apartment,3,12.0,27000
Nadakkavu,Villa,2,,29500
Koyilandy Road,Flat,2,2.0,16000
Malaparamba,Apartment,3,1.0,29000
Puthiyara,Villa,3,,47500
Kunnamangalam,House,2,,13000
Koyilandy Road,Apartment,1,4.0,10000
Kuthiravattom,Apartment,1,8.0,8500
Kuthiravattom,Apartment,2,13.0,14500
Calicut University,Apartment,2,9.0,22500
Mathara,Flat,2,4.0,14000
Kuthiravattom,Apartment,2,12.0,15000
Feroke,Apartment,3,14.0,22500
Chevayur,Apartment,1,6.0,10500
Koduvally,Apartment,4,6.0,32500
Mankave,Flat,3,4.0,27000
Mavoor Road,Apartment,2,6.0,22000
Beach Road,Apartment,1,5.0,13500
Malaparamba,Flat,1,8.0,8500
Mathara,Villa,2,,24000
Vellimadukunnu,Villa,1,,12000
Bilathikulam,Flat,2,8.0,18000
Balussery,Apartment,2,5.0,13000
Eranhipalam,Villa,2,,25000
Koduvally,Flat,1,7.0,6000
Koyilandy Road,House,2,,18000
Calicut University,Apartment,2,1.0,23000
Nadakkavu,Apartment,3,13.0,31500
Nadakkavu,Apartment,3,0.0,28500
Mukkam,Flat,2,6.0,12000
Mathara,Apartment,2,7.0,14500
Kuthiravattom,Villa,3,,38500
Eranhipalam,Villa,2,,24500
Kuthiravattom,Apartment,4,14.0,34000
Balussery,Apartment,1,8.0,7000
Mathara,Apartment,4,10.0,39000
Palayam,Flat,3,3.0,28500
Thondayad,Apartment,2,4.0,18500
Palayam,Flat,2,8.0,19000
Mankave,Apartment,2,14.0,15000
Eranhipalam,Villa,1,,15500
Nadakkavu,Flat,3,3.0,32500
Palayam,House,2,,24500
Nadakkavu,Apartment,1,3.0,10000
Calicut University,Apartment,1,10.0,12000
Mukkam,Flat,3,6.0,21000
Thondayad,Apartment,2,15.0,16500
Kunnamangalam,Villa,1,,9000
Eranhipalam,Flat,2,1.0,16000
Kuthiravattom,Flat,3,7.0,22000
Eranhipalam,Flat,3,7.0,29000
Kuthiravattom,Flat,1,6.0,8500
Beach Road,Flat,3,8.0,32500
Nadakkavu,Apartment,3,14.0,32000
Kottuli,Flat,1,1.0,7500
Puthiyara,Apartment,2,11.0,19500
Mukkam,Flat,1,3.0,6000
Beach Road,House,2,,25500
Palayam,Flat,2,1.0,18000
Thondayad,Apartment,3,2.0,28000
Mukkam,Flat,2,8.0,11500
Medical College,Apartment,3,10.0,36000
Medical College,Flat,3,0.0,34500
Puthiyara,Villa,3,,48500
Beach Road,House,2,,25000
Eranhipalam,Flat,2,5.0,17500
Mankave,Flat,1,1.0,8500
Panniyankara,Apartment,3,13.0,25500
Puthiyara,House,3,,38500
Bilathikulam,Apartment,3,0.0,31500
Puthiyara,Apartment,2,11.0,20000
Palayam,Villa,1,,15000
Koduvally,Villa,2,,19000
Medical College,Villa,1,,18000
Malaparamba,Apartment,2,2.0,15500
Mavoor Road,Flat,1,0.0,11500
Feroke,Flat,2,7.0,13500
Ulliyeri,Apartment,1,8.0,6500
Mathara,Apartment,2,15.0,14500
Mankave,Apartment,2,5.0,16500
Kunnamangalam,Apartment,2,1.0,11500
Thondayad,Apartment,2,7.0,16000
Koyilandy Road,Villa,3,,40500
Palayam,Apartment,3,14.0,35000
Beach Road,Apartment,1,10.0,13500
Nadakkavu,Flat,3,2.0,28000
Chevayur,Flat,4,0.0,41000
Bilathikulam,Flat,2,7.0,17000
Chevayur,Apartment,3,5.0,34000
Panniyankara,Apartment,2,14.0,14500
Chevayur,Apartment,3,15.0,30500
Vellimadukunnu,Villa,2,,23000
Mavoor Road,Flat,2,8.0,18500
Mavoor Road,Villa,1,,19000
Mavoor Road,Flat,1,7.0,11000
Panniyankara,Flat,3,8.0,20500
Bilathikulam,Apartment,1,6.0,10500
Kuthiravattom,Flat,2,1.0,14500
Medical College,House,3,,40000
Palayam,Apartment,3,7.0,34500
Calicut University,Flat,1,1.0,10500
Koyilandy Road,Apartment,4,11.0,38500
Koyilandy Road,Apartment,2,0.0,15500
Kottuli,Villa,1,,10500
Koyilandy Road,Apartment,1,0.0,9000
Mavoor Road,Apartment,3,6.0,35500
Nadakkavu,Apartment,2,2.0,20500
Medical College,Villa,3,,52000
Koyilandy Road,Villa,3,,42000
Malaparamba,Apartment,2,2.0,18000
Koyilandy Road,Villa,3,,40500
Feroke,House,1,,8500
Palayam,Flat,2,4.0,19000
Chevayur,Flat,2,3.0,17500
Kuthiravattom,Apartment,3,14.0,23000
Puthiyara,Flat,3,7.0,28500
Bilathikulam,Villa,2,,29000
Mukkam,House,3,,24500
Medical College,Apartment,2,4.0,24000
Kunnamangalam,Apartment,3,2.0,19500
Calicut University,Apartment,2,8.0,20000
Beach Road,House,2,,26000
Panniyankara,Apartment,1,3.0,9000
Palayam,Apartment,4,10.0,48500
Kunnamangalam,Apartment,1,0.0,6000
Koyilandy Road,Flat,4,5.0,38500
Mavoor Road,House,2,,25000
Koduvally,Flat,2,6.0,11500
Puthiyara,Villa,2,,30000
Malaparamba,Apartment,1,7.0,8500
Bilathikulam,Apartment,3,11.0,28500
Puthiyara,Villa,2,,28000
Eranhipalam,Apartment,2,8.0,19000
Mathara,Villa,1,,12500
Puthiyara,Apartment,2,2.0,20000
Medical College,Flat,2,2.0,21500
Koyilandy Road,Flat,2,7.0,15500
Calicut University,Apartment,4,12.0,52500
Thondayad,Flat,1,6.0,9500
Mathara,Flat,2,1.0,14500
Nadakkavu,Apartment,2,6.0,19500
Nadakkavu,Apartment,1,10.0,11000
Medical College,Flat,4,7.0,51000
Kunnamangalam,Flat,3,7.0,15500
Thiruvannur,Villa,2,,17500
Calicut University,Flat,3,8.0,32000
Mavoor Road,Apartment,3,4.0,36500
Koyilandy Road,Flat,2,2.0,16000
Puthiyara,Apartment,1,7.0,11000
Nadakkavu,Apartment,2,6.0,19000
Thondayad,Villa,3,,38000
Mavoor Road,Apartment,1,0.0,11000
Chevayur,Apartment,2,2.0,21000
Bilathikulam,Flat,3,6.0,27000
Palayam,Apartment,1,0.0,11000
Panniyankara,Flat,2,0.0,12500
Koduvally,House,3,,24500
Koduvally,Flat,3,4.0,18500
Thondayad,Apartment,2,14.0,16500
Eranhipalam,Apartment,2,0.0,17500
Mankave,Flat,2,3.0,14000
Feroke,House,1,,9000
Calicut University,Flat,2,2.0,21500
Eranhipalam,Apartment,2,0.0,17500
Medical College,Flat,1,1.0,12000
Calicut University,House,2,,25500
Feroke,Apartment,4,2.0,32000
Balussery,Villa,3,,28000
Kottuli,Flat,1,0.0,6500
Mankave,Flat,1,5.0,8000
Feroke,Apartment,2,15.0,14000
Nadakkavu,Apartment,2,10.0,19500
Mathara,Villa,3,,40000
Chevayur,Flat,2,2.0,19000
Mavoor Road,Flat,2,3.0,21500
Thondayad,Apartment,4,2.0,42000
Eranhipalam,Villa,3,,42500
Palayam,Flat,1,3.0,11000
Vellimadukunnu,Apartment,3,12.0,25500
Chevayur,Flat,1,8.0,9500
Palayam,Apartment,2,0.0,19000
Nadakkavu,House,1,,13000
Koyilandy Road,Villa,3,,38500
Koyilandy Road,Flat,2,8.0,15000
Mukkam,Apartment,1,4.0,7500
Vellimadukunnu,Apartment,1,6.0,8000
Kuthiravattom,Villa,2,,24000
Kottuli,Flat,1,7.0,7500
Feroke,Flat,4,3.0,31500
Vellimadukunnu,Apartment,2,8.0,15000
Beach Road,Flat,1,0.0,12000
Kottuli,Flat,2,1.0,12500
Feroke,Apartment,3,9.0,24000
Mankave,Flat,3,2.0,26500
Chevayur,Flat,4,4.0,47500
Bilathikulam,Apartment,2,7.0,19000
Kottuli,Apartment,2,0.0,14500
Mavoor Road,Flat,3,7.0,34500
Koyilandy Road,Flat,2,4.0,16000
Eranhipalam,Flat,2,4.0,16500
Chevayur,Flat,2,6.0,17000
Chevayur,Apartment,1,13.0,10000
Thondayad,Apartment,1,8.0,10000
Nadakkavu,Flat,1,3.0,10000
Malaparamba,Flat,1,5.0,9500
Feroke,Apartment,4,2.0,33500
Chevayur,Flat,2,4.0,19000
Medical College,Flat,3,6.0,35500
Feroke,Apartment,3,4.0,23500
Kuthiravattom,Flat,3,5.0,22500
Nadakkavu,Apartment,1,15.0,11500
Kuthiravattom,Flat,2,7.0,14000
Puthiyara,House,2,,24000
Palayam,Apartment,2,4.0,19500
Beach Road,Apartment,2,5.0,24000
Kottuli,Flat,3,2.0,20000
Bilathikulam,Villa,3,,46000
Chevayur,Villa,3,,49000
Koduvally,Apartment,3,3.0,19000
Palayam,Flat,3,8.0,29500
Thiruvannur,Villa,2,,17500
Koyilandy Road,Apartment,3,6.0,29000
Koduvally,Apartment,2,2.0,12500
Eranhipalam,Flat,3,6.0,29000
Bilathikulam,Apartment,2,2.0,20000
Bilathikulam,Apartment,3,6.0,32000
Bilathikulam,Flat,3,3.0,30000
Palayam,Apartment,2,3.0,22000
Eranhipalam,Apartment,1,8.0,9500
Mavoor Road,Flat,1,7.0,11000
Kunnamangalam,Apartment,3,2.0,17000
Calicut University,Apartment,2,11.0,20500
Nadakkavu,Flat,3,2.0,28000
Koyilandy Road,Flat,2,2.0,14500
Calicut University,Apartment,1,7.0,12000
Medical College,Apartment,2,12.0,22000
Chevayur,Apartment,4,4.0,52000
Bilathikulam,Apartment,2,6.0,19500
Calicut University,Flat,2,0.0,18000
Bilathikulam,Apartment,2,1.0,17500
Palayam,Flat,2,5.0,18000
Chevayur,Apartment,2,10.0,19000
Puthiyara,Apartment,1,9.0,10000
Mukkam,Villa,2,,20500
Thondayad,Flat,2,1.0,16500
Puthiyara,House,1,,11500
Kottuli,Flat,1,1.0,7500
Chevayur,Apartment,2,5.0,20000
Palayam,Apartment,2,15.0,21000
Kuthiravattom,Flat,1,2.0,8500
Kottuli,Flat,1,5.0,7500
Eranhipalam,Apartment,1,11.0,10500
Mankave,Apartment,2,13.0,16000
Palayam,Apartment,1,6.0,11000
Mathara,Apartment,2,4.0,16000
Mavoor Road,Apartment,1,7.0,12500
Mavoor Road,Flat,3,3.0,32500
Nadakkavu,Apartment,4,7.0,45000
Panniyankara,Apartment,2,15.0,15000
Beach Road,Flat,3,7.0,32500
Bilathikulam,Flat,3,6.0,28000
Feroke,Apartment,2,12.0,13000
Balussery,Flat,1,5.0,6500
Chevayur,Flat,3,6.0,32000
Chevayur,Apartment,3,15.0,33500
Medical College,Flat,2,5.0,21500
Kuthiravattom,Flat,2,0.0,13000
Palayam,Villa,2,,31500
Thiruvannur,Apartment,2,14.0,11500
Nadakkavu,Villa,2,,27000
Mavoor Road,Apartment,2,10.0,24000
Koduvally,Apartment,1,8.0,6500
Eranhipalam,Flat,3,8.0,26000
Calicut University,Flat,1,7.0,11000
Mavoor Road,Apartment,3,7.0,36000
Kuthiravattom,Apartment,2,14.0,14500
Chevayur,Flat,3,8.0,28500
Puthiyara,Flat,1,6.0,9500
Bilathikulam,Flat,3,5.0,30500
Kunnamangalam,Flat,2,7.0,10500
Medical College,House,2,,23500
Calicut University,Flat,3,7.0,31500
Panniyankara,House,2,,16000
Palayam,House,2,,21500
Panniyankara,Apartment,2,0.0,14000
Kottuli,Flat,2,4.0,12500
Puthiyara,Villa,2,,30000
Thondayad,Flat,2,1.0,15000
Eranhipalam,House,2,,20500
Calicut University,Apartment,2,6.0,24000
Vellimadukunnu,Flat,2,4.0,15000
Kuthiravattom,Apartment,4,11.0,37000
Thondayad,House,1,,10000
Vellimadukunnu,Apartment,1,1.0,8000
Koduvally,Flat,2,1.0,11000
Mathara,Flat,1,5.0,8500
Palayam,Flat,2,2.0,17000
Nadakkavu,Apartment,3,1.0,34500
Chevayur,Apartment,2,15.0,19500
Thiruvannur,Flat,3,4.0,18000
Medical College,Villa,2,,30000
Mukkam,Apartment,3,9.0,23000
Mavoor Road,Villa,2,,32500
Calicut University,House,4,,58500
Malaparamba,Apartment,3,10.0,25500
Mavoor Road,Apartment,2,7.0,20500
Kottuli,Apartment,2,11.0,13000
Mankave,Flat,2,1.0,15500
Bilathikulam,Flat,2,5.0,16500
Palayam,Apartment,1,7.0,11000
Kuthiravattom,Apartment,3,15.0,23500
Mankave,Flat,2,8.0,15000
Chevayur,Villa,3,,43000
Vellimadukunnu,Flat,1,4.0,8000
Medical College,Flat,2,7.0,20000
Eranhipalam,House,1,,11500
Eranhipalam,Apartment,1,7.0,10000
Eranhipalam,Apartment,2,15.0,17500
Eranhipalam,Apartment,3,11.0,29500
Feroke,Flat,3,7.0,20000
Nadakkavu,Apartment,1,13.0,10500
Thiruvannur,Apartment,2,5.0,12000
Malaparamba,Apartment,3,4.0,27000
Mavoor Road,Apartment,2,13.0,23500
Kottuli,Apartment,2,11.0,14000
Kunnamangalam,Apartment,3,15.0,18000
Koyilandy Road,Apartment,1,0.0,9000
Balussery,Apartment,2,5.0,14000
Eranhipalam,Apartment,2,15.0,16500
Balussery,Flat,2,6.0,12000
Puthiyara,Flat,1,1.0,9000
Palayam,Apartment,2,1.0,19000
Koduvally,Apartment,3,4.0,21500
Palayam,Flat,3,3.0,28500
Koduvally,Apartment,2,0.0,12500
Palayam,Apartment,1,15.0,10500
Kuthiravattom,House,3,,30500
Eranhipalam,Flat,3,4.0,28000
Nadakkavu,Apartment,2,2.0,20500
Koyilandy Road,Flat,3,1.0,25500
Kuthiravattom,Flat,3,6.0,24500
Beach Road,Apartment,2,2.0,22000
Mankave,House,2,,19500
Thiruvannur,Flat,2,5.0,12000
Mavoor Road,House,2,,27000
Mathara,House,3,,31000
Mathara,House,3,,30500
Beach Road,Apartment,1,7.0,12500
Thiruvannur,Flat,2,6.0,12000
Panniyankara,Apartment,2,14.0,15000
Panniyankara,House,2,,18000
Panniyankara,Villa,2,,23000
Thondayad,Flat,4,6.0,40500
Kottuli,Flat,1,7.0,7000
Mavoor Road,Apartment,3,11.0,36000
Kottuli,Apartment,2,13.0,15000
Kottuli,Flat,3,4.0,24000
Bilathikulam,Flat,1,5.0,9500
Puthiyara,Flat,1,0.0,10000
Chevayur,Flat,3,6.0,29000
Koduvally,Apartment,1,1.0,6500
Malaparamba,Flat,2,6.0,15500
Medical College,Apartment,1,13.0,12500
Bilathikulam,Apartment,3,0.0,30000
Bilathikulam,Flat,1,1.0,10000
Medical College,Flat,2,2.0,19500
Ulliyeri,Apartment,1,2.0,6500
Balussery,Apartment,3,2.0,21000
Thiruvannur,Villa,3,,28000
Vellimadukunnu,Apartment,1,13.0,7500
Panniyankara,Apartment,3,15.0,25000
Eranhipalam,Flat,1,0.0,9000
Thondayad,Flat,1,8.0,8500
Medical College,Villa,2,,34000
Panniyankara,Flat,1,0.0,8000
Calicut University,Apartment,2,8.0,21500
Nadakkavu,Apartment,2,10.0,20500
Kunnamangalam,Villa,2,,16500
Chevayur,Villa,2,,29500
Thiruvannur,Flat,2,4.0,12000
Mavoor Road,Flat,2,5.0,20500
Kottuli,Flat,1,2.0,7500
Panniyankara,Flat,2,1.0,14000
Kuthiravattom,Apartment,3,2.0,25000
Thondayad,Flat,3,2.0,26500
Panniyankara,Flat,1,8.0,7000
Kottuli,Flat,1,1.0,7500
Puthiyara,House,2,,23000
Palayam,Flat,2,7.0,17500
Mavoor Road,Flat,3,2.0,35000
Bilathikulam,House,3,,37500
Nadakkavu,Apartment,3,4.0,36000
Chevayur,Villa,1,,15500
Mavoor Road,Apartment,2,10.0,22500
Malaparamba,Villa,1,,12500
Puthiyara,Apartment,2,12.0,18000
Beach Road,Villa,3,,57000
Thondayad,Flat,3,0.0,25500
Puthiyara,Apartment,2,5.0,20500
Balussery,Apartment,2,11.0,12000
Thondayad,Flat,1,5.0,9000
Chevayur,Apartment,1,14.0,11000
Mukkam,Villa,2,,18000
Nadakkavu,Apartment,3,0.0,30500
Feroke,Villa,3,,32500
Mathara,Flat,1,5.0,9000
Palayam,Villa,3,,49000
Eranhipalam,Villa,3,,43000
Mathara,Apartment,2,14.0,15000
Panniyankara,Villa,1,,12000
Puthiyara,Apartment,2,12.0,19000
Eranhipalam,Apartment,2,5.0,19000
Puthiyara,House,1,,11500
Eranhipalam,Apartment,2,15.0,17500
Mukkam,Flat,3,4.0,21500
Vellimadukunnu,Apartment,2,5.0,15000
Malaparamba,Flat,2,7.0,14500
Thondayad,Villa,1,,14500
Chevayur,Apartment,3,15.0,30000
Chevayur,Flat,1,7.0,9500
Medical College,Apartment,3,8.0,38000
Balussery,Apartment,2,7.0,13000
Eranhipalam,Apartment,3,12.0,30500
Mavoor Road,Flat,3,5.0,36000
Eranhipalam,House,2,,20000
Malaparamba,Apartment,2,4.0,18000
Bilathikulam,Apartment,2,10.0,19000
Mavoor Road,House,1,,13500
Feroke,House,1,,8000
Mavoor Road,Flat,1,4.0,12000
Eranhipalam,Apartment,2,11.0,18500
Kottuli,Flat,2,0.0,13500
Panniyankara,Apartment,1,12.0,7500
Koyilandy Road,Apartment,1,9.0,9000
Thiruvannur,Apartment,3,15.0,19000
Mankave,House,2,,18500
Mavoor Road,Villa,2,,31500
Bilathikulam,Apartment,2,2.0,18000
Kuthiravattom,Apartment,2,11.0,16000
Kuthiravattom,Flat,2,8.0,13500
Kunnamangalam,House,1,,7500
Koyilandy Road,Apartment,1,8.0,8500
Mankave,Flat,1,8.0,8000
Koyilandy Road,Apartment,3,9.0,26000
Palayam,Flat,2,7.0,18000
Palayam,Flat,2,3.0,20000
Koyilandy Road,Flat,3,4.0,27000
Kunnamangalam,House,1,,7500
Bilathikulam,Apartment,2,7.0,20000
Chevayur,Apartment,2,4.0,20500
Mankave,Villa,3,,41000
Calicut University,Apartment,3,12.0,34000
Calicut University,Flat,2,4.0,19000
Puthiyara,Flat,2,5.0,18000
Mathara,Apartment,3,9.0,27000
Mankave,Flat,1,8.0,8000
Kuthiravattom,Flat,1,5.0,8000
Beach Road,Flat,3,0.0,34500
Calicut University,Apartment,3,9.0,36000
Mathara,Flat,2,4.0,14500
Thondayad,Flat,2,1.0,16500
Thiruvannur,Apartment,2,10.0,11000
Vellimadukunnu,Flat,2,0.0,13500
Eranhipalam,Apartment,1,9.0,10500
Thondayad,Villa,1,,13000
Vellimadukunnu,Flat,1,8.0,7000
Kuthiravattom,Flat,3,2.0,23500
Bilathikulam,Flat,2,3.0,16000
Vellimadukunnu,Apartment,2,7.0,13500
Koyilandy Road,Flat,1,0.0,8000
Kottuli,Flat,1,6.0,7500
Balussery,Villa,3,,32500
Mathara,Apartment,2,7.0,14500
Medical College,Apartment,2,6.0,23500
Puthiyara,Apartment,2,3.0,18000
Mankave,Flat,3,4.0,24000
Ulliyeri,Flat,2,6.0,11500
Medical College,Flat,2,0.0,18500
Puthiyara,Apartment,1,12.0,10000
Ulliyeri,Apartment,2,4.0,13000
Mathara,Apartment,2,5.0,15000
Mankave,Apartment,1,15.0,8500
Medical College,Villa,3,,50000
Panniyankara,Apartment,1,3.0,8500
Nadakkavu,Apartment,2,15.0,21000
Puthiyara,Flat,3,2.0,29500
Kunnamangalam,House,3,,20500
Medical College,Flat,3,7.0,33000
Eranhipalam,Flat,3,5.0,27500
Eranhipalam,Villa,2,,25000
Thondayad,Flat,1,4.0,9000
Kuthiravattom,Flat,1,6.0,8500
Bilathikulam,Flat,1,5.0,10500
Beach Road,Apartment,3,9.0,39500
Balussery,Apartment,2,14.0,12500
Kunnamangalam,House,3,,20500
Medical College,Flat,2,0.0,21000
Chevayur,Villa,3,,46000
Panniyankara,Flat,2,5.0,14500
Palayam,Apartment,2,15.0,20000
Medical College,Flat,4,4.0,47500
Balussery,Apartment,1,1.0,6500
Calicut University,Flat,2,2.0,20500
Mankave,House,2,,20000
Mavoor Road,Apartment,2,7.0,21500
Koyilandy Road,House,2,,18500
Bilathikulam,Apartment,4,12.0,41000
Koduvally,Flat,3,7.0,19500
Kunnamangalam,Flat,3,7.0,16000
Bilathikulam,Flat,2,4.0,18500
Kuthiravattom,Apartment,1,14.0,8500
Mathara,Villa,1,,12000
Koyilandy Road,Villa,1,,13500
Nadakkavu,Apartment,3,1.0,31000
Calicut University,Apartment,2,13.0,22000
Nadakkavu,Flat,3,8.0,31000
Thondayad,Villa,3,,44500
Mankave,Apartment,1,1.0,8000
Vellimadukunnu,Flat,1,8.0,7500
Koduvally,Villa,1,,10000
Thiruvannur,Apartment,4,10.0,28500
Kunnamangalam,Apartment,2,10.0,12000
Ulliyeri,Apartment,2,5.0,12500
Kuthiravattom,Flat,3,8.0,24500
Bilathikulam,House,2,,22000
Kunnamangalam,Flat,3,7.0,16000
Puthiyara,Flat,2,5.0,17500
Vellimadukunnu,Flat,3,8.0,23500
Eranhipalam,House,4,,47000
Kottuli,Apartment,3,12.0,23000
Thondayad,Apartment,2,15.0,17000
Vellimadukunnu,Flat,2,4.0,13000
Calicut University,Apartment,2,14.0,22500
Koyilandy Road,Apartment,1,5.0,8500
Nadakkavu,Flat,2,4.0,18000
Puthiyara,Flat,2,6.0,18000
Chevayur,Flat,2,3.0,18000
Mankave,Flat,2,0.0,15000
Medical College,Apartment,2,10.0,21000
Nadakkavu,Flat,2,3.0,17000
Puthiyara,Flat,1,1.0,10000
Nadakkavu,Apartment,2,12.0,20500
Beach Road,House,3,,42000
Mankave,Apartment,2,8.0,16000
Kunnamangalam,Villa,2,,15500
Chevayur,Apartment,2,4.0,19000
Feroke,Apartment,2,2.0,13500
Vellimadukunnu,Apartment,3,14.0,24500
Nadakkavu,Apartment,2,5.0,20000
Panniyankara,Flat,2,2.0,15000
Palayam,Flat,2,7.0,17000
Puthiyara,Flat,2,4.0,17000
Palayam,Apartment,1,12.0,11000
Feroke,Villa,3,,33000
Nadakkavu,Flat,2,0.0,18500
Mankave,Apartment,3,8.0,25500
Puthiyara,Apartment,3,15.0,32000
Thiruvannur,Apartment,3,9.0,18500
Palayam,House,2,,25000
Mankave,Flat,2,6.0,14500
Malaparamba,Apartment,3,4.0,30500
Chevayur,Apartment,2,3.0,19000
Kottuli,Apartment,2,8.0,15000
Medical College,Apartment,3,9.0,34500
Koyilandy Road,Flat,2,8.0,14500
Thondayad,Apartment,3,2.0,29500
Koyilandy Road,Flat,2,1.0,16000
Kuthiravattom,Apartment,1,4.0,9000
Koyilandy Road,Apartment,2,0.0,15500
Bilathikulam,Flat,4,3.0,41000
Koyilandy Road,Apartment,4,13.0,37500
Bilathikulam,Flat,2,0.0,16000
Panniyankara,Flat,3,6.0,22000
Thondayad,Flat,1,8.0,9000
Puthiyara,Apartment,2,5.0,19500
Malaparamba,Villa,2,,23000
Eranhipalam,Apartment,3,15.0,30000
Panniyankara,Apartment,3,13.0,23500
Thondayad,Apartment,4,11.0,42000
Bilathikulam,Apartment,2,3.0,18500
Kottuli,Apartment,3,6.0,25000
Mathara,Flat,3,4.0,26500
Thiruvannur,Apartment,1,1.0,7000
Kuthiravattom,Flat,2,7.0,14500
Balussery,Flat,2,7.0,11500
Kottuli,House,3,,29000
Vellimadukunnu,Apartment,2,9.0,15000
Medical College,Flat,1,8.0,11000
Chevayur,Apartment,2,3.0,19500
Koyilandy Road,Flat,2,7.0,15000
Kunnamangalam,Villa,3,,26500
Vellimadukunnu,Flat,2,7.0,14000
Mukkam,Flat,3,5.0,19500
Malaparamba,Apartment,2,11.0,16500
Koduvally,Flat,2,4.0,11500
Vellimadukunnu,Flat,3,3.0,22500
Koduvally,Apartment,2,11.0,12500
Kottuli,Apartment,1,3.0,8500
Medical College,Apartment,2,10.0,23500
Vellimadukunnu,Apartment,3,15.0,23000
Medical College,Apartment,2,10.0,21500
Kuthiravattom,Flat,2,0.0,14500
Chevayur,Flat,1,0.0,9000
Medical College,Apartment,2,10.0,22000
Bilathikulam,Villa,3,,43000
Vellimadukunnu,Apartment,3,15.0,23000
Calicut University,House,4,,62500
Calicut University,Apartment,2,7.0,20500
Chevayur,House,2,,24000
Mathara,Flat,2,5.0,16000
Mukkam,Flat,3,4.0,21500
Calicut University,Flat,2,2.0,21000
Eranhipalam,Apartment,3,10.0,29500
Mathara,Villa,2,,24500
Mathara,Apartment,2,2.0,15500
Bilathikulam,Flat,2,5.0,17500
Panniyankara,Flat,3,6.0,23000
Palayam,Villa,3,,49500
Chevayur,Villa,2,,28500
Puthiyara,Flat,3,3.0,31500
Mathara,Flat,2,6.0,16000
Kuthiravattom,Flat,2,8.0,14000
Kottuli,Villa,2,,21500
Calicut University,Flat,3,7.0,30500
Nadakkavu,Villa,2,,29500
Kottuli,Apartment,3,10.0,22000
Thondayad,House,1,,11500
Mankave,Apartment,2,1.0,16000
Nadakkavu,Apartment,2,4.0,21000
Panniyankara,Apartment,2,7.0,15000
Bilathikulam,Apartment,1,8.0,11000
Panniyankara,House,1,,9500
Nadakkavu,Apartment,3,13.0,30000
Calicut University,Flat,2,7.0,21000
Panniyankara,Apartment,2,7.0,14500
Malaparamba,Flat,3,5.0,25000
Kottuli,Flat,3,7.0,22500
Mavoor Road,Apartment,2,13.0,21000
Kuthiravattom,Apartment,2,5.0,15000
Vellimadukunnu,Flat,3,3.0,21500
Palayam,Flat,2,6.0,19500
Koduvally,Apartment,2,4.0,13500
Kuthiravattom,Flat,1,7.0,7500
Beach Road,Apartment,2,3.0,21500
Bilathikulam,Flat,2,2.0,17500
Chevayur,Flat,1,4.0,10000
Vellimadukunnu,Apartment,2,3.0,14500
Medical College,Apartment,2,12.0,23000
Malaparamba,Apartment,2,15.0,17000
Eranhipalam,Apartment,1,2.0,10000
Medical College,Apartment,1,11.0,12500
Koyilandy Road,Flat,2,3.0,14500
Puthiyara,Villa,3,,48500
Chevayur,Apartment,3,4.0,33500
Panniyankara,Apartment,4,5.0,35500
Balussery,Apartment,2,1.0,12500
Calicut University,Apartment,2,14.0,21000
Kottuli,Flat,4,1.0,32500
Mukkam,Flat,2,5.0,12500
Kottuli,Apartment,2,3.0,15000
Chevayur,Villa,2,,27000
Beach Road,Flat,2,3.0,20500
Panniyankara,Apartment,3,2.0,23000
Thondayad,Apartment,2,13.0,17500
Thiruvannur,Apartment,2,1.0,11500
Mavoor Road,Apartment,1,14.0,13000
Kuthiravattom,Apartment,2,11.0,16000
Kunnamangalam,Flat,4,8.0,24000
Mathara,Apartment,1,5.0,9500
Kuthiravattom,Flat,1,2.0,8000
Bilathikulam,Villa,2,,28000
Palayam,Flat,3,5.0,29500
Bilathikulam,Apartment,2,1.0,19000
Kottuli,Flat,3,4.0,24000
Palayam,Apartment,2,15.0,21500
Koduvally,Flat,2,1.0,11500
Thiruvannur,Apartment,2,15.0,12500
Feroke,Apartment,1,9.0,7500
Mathara,Villa,4,,50500
Bilathikulam,Apartment,1,3.0,10000
Palayam,Villa,1,,16500
Puthiyara,Apartment,4,1.0,45500
Calicut University,Flat,3,0.0,31000
Kunnamangalam,Apartment,2,15.0,11500
Feroke,Apartment,1,1.0,8000
Bilathikulam,Apartment,2,0.0,17000
Palayam,Flat,3,0.0,31500
Thiruvannur,Flat,4,5.0,26000
Nadakkavu,Apartment,1,11.0,10500
Puthiyara,House,1,,12000
Ulliyeri,Flat,1,2.0,6000
Calicut University,Apartment,2,3.0,22000
Koyilandy Road,Apartment,2,6.0,17000
Palayam,Apartment,1,5.0,12000
Medical College,Flat,3,8.0,35500
Puthiyara,Apartment,2,11.0,19000
Eranhipalam,Apartment,3,0.0,29000
Panniyankara,Apartment,1,10.0,8500
Mankave,Apartment,2,11.0,15500
Beach Road,Flat,2,1.0,22500
Kottuli,Apartment,1,14.0,8000
Puthiyara,Flat,3,0.0,29500
Mavoor Road,Villa,2,,34500
Medical College,Villa,3,,52500
Beach Road,House,2,,29000
Palayam,Villa,2,,31500
Chevayur,Apartment,1,5.0,12000
Mavoor Road,Apartment,1,12.0,12000
Nadakkavu,Flat,3,8.0,31000
Calicut University,Flat,1,7.0,11000
Calicut University,House,3,,41500
Koyilandy Road,Apartment,2,3.0,17500
Mankave,Apartment,1,7.0,8500
Mavoor Road,Apartment,1,1.0,13000
Palayam,Apartment,4,1.0,46500
Bilathikulam,Apartment,2,11.0,18000
Malaparamba,Apartment,1,1.0,9000
Feroke,Flat,1,8.0,7000
Koyilandy Road,Apartment,2,7.0,15500
Balussery,Villa,2,,19500
Mathara,Apartment,1,9.0,9000
Malaparamba,Apartment,2,11.0,15500
Palayam,Apartment,1,11.0,10500
Mavoor Road,Apartment,2,7.0,23500
Mankave,Apartment,1,1.0,8500
Kuthiravattom,Apartment,2,14.0,15000
Kottuli,Apartment,2,10.0,13500
Mathara,Flat,3,1.0,25000
Koduvally,Flat,2,6.0,11500
Vellimadukunnu,Flat,2,5.0,13000
Calicut University,Flat,3,4.0,32000
Malaparamba,Apartment,3,9.0,28000
Calicut University,Villa,3,,54500
Eranhipalam,Apartment,2,1.0,18500
Thondayad,Flat,2,7.0,16500
Vellimadukunnu,Apartment,3,6.0,25000
Palayam,Flat,1,4.0,10500
Balussery,Flat,1,2.0,6500
Puthiyara,Apartment,2,5.0,21000
Vellimadukunnu,Villa,1,,11000
Thondayad,Apartment,3,4.0,29000
Mathara,Villa,3,,37000
Vellimadukunnu,Flat,1,6.0,8000
Bilathikulam,Flat,3,3.0,27500
Kuthiravattom,Apartment,3,1.0,25500
Calicut University,Apartment,2,7.0,21500
Thondayad,Apartment,2,13.0,17000
Kuthiravattom,Villa,3,,39000
Kunnamangalam,Flat,1,2.0,5500
Thondayad,Apartment,3,8.0,26000
Mukkam,Villa,1,,10000
Medical College,Flat,4,8.0,45000
Malaparamba,Flat,2,0.0,15000
Thiruvannur,Flat,2,2.0,10000
Palayam,Apartment,3,6.0,33000
Mankave,House,2,,17500
Puthiyara,Flat,2,1.0,16500
Kuthiravattom,Apartment,4,5.0,39000
Ulliyeri,Apartment,3,13.0,18000
Malaparamba,Flat,2,7.0,15500
Calicut University,Apartment,2,15.0,20500
Malaparamba,Apartment,3,15.0,29000
Chevayur,Apartment,3,0.0,32500
Mavoor Road,Apartment,3,0.0,35000
Eranhipalam,Flat,2,2.0,16500
Panniyankara,Apartment,3,13.0,24500
Chevayur,Apartment,1,14.0,11000
Kottuli,Apartment,4,9.0,34500
Malaparamba,Apartment,2,14.0,15500
Panniyankara,Apartment,1,9.0,7500
Feroke,Flat,3,7.0,20500
Puthiyara,Apartment,2,1.0,18000
Palayam,Flat,3,0.0,30000
Ulliyeri,Flat,3,2.0,17000
Mavoor Road,Flat,2,8.0,19500
Nadakkavu,Apartment,1,13.0,11000
Kunnamangalam,Apartment,1,5.0,6500
Palayam,Flat,3,1.0,32500
Palayam,Flat,2,0.0,16500
Medical College,Apartment,1,8.0,11500
Panniyankara,Flat,1,6.0,7500
Puthiyara,Apartment,3,9.0,29000
Mankave,Apartment,2,7.0,17000
Palayam,Apartment,3,14.0,33500
Thondayad,Apartment,2,3.0,16500
Chevayur,Flat,1,0.0,10000
Calicut University,Flat,2,8.0,20000
Mathara,Flat,3,4.0,24500
Kottuli,Flat,2,2.0,12500
Thiruvannur,Flat,3,7.0,17000
Puthiyara,Flat,1,5.0,9500
Thondayad,Flat,3,0.0,25500
Medical College,Flat,3,3.0,34500
Chevayur,Flat,3,1.0,31000
Puthiyara,House,2,,21500
Vellimadukunnu,Flat,1,7.0,7000
Eranhipalam,Apartment,3,14.0,28000
Eranhipalam,Apartment,2,10.0,18000
Bilathikulam,Apartment,3,6.0,33000
Medical College,Apartment,3,2.0,38500
Thiruvannur,Apartment,3,7.0,19500
Thondayad,Flat,2,8.0,15000
Beach Road,Villa,3,,59000
Mankave,Villa,4,,53000
Kottuli,Flat,2,3.0,12500
Kuthiravattom,Apartment,1,10.0,7500
Mavoor Road,Flat,1,3.0,11000
Eranhipalam,Apartment,3,1.0,29500
Mankave,Flat,3,4.0,24500
Feroke,House,1,,8500
Feroke,Apartment,1,9.0,7000
Kuthiravattom,Flat,2,7.0,13000
Calicut University,Apartment,1,13.0,12000
Chevayur,Flat,4,7.0,41000
Koyilandy Road,Flat,2,7.0,14500
Malaparamba,Villa,2,,25000
Palayam,Villa,1,,16500
Ulliyeri,Flat,2,4.0,11000
Nadakkavu,Apartment,1,3.0,11500
Panniyankara,Flat,2,5.0,14500
Vellimadukunnu,Flat,3,7.0,20500
Malaparamba,Flat,2,0.0,13500
Puthiyara,Villa,1,,14500
Puthiyara,Flat,1,3.0,10500
Mukkam,Flat,3,8.0,18500
Ulliyeri,Flat,2,1.0,11000
Malaparamba,House,1,,11500
Chevayur,Apartment,2,5.0,21000
Chevayur,Flat,2,7.0,17000
Koyilandy Road,Villa,2,,22500
Mathara,Villa,2,,24000
Feroke,House,2,,16000
Nadakkavu,Apartment,3,2.0,33500
Feroke,Flat,2,2.0,13000
Eranhipalam,Apartment,3,6.0,30000
Mathara,House,3,,32000
Eranhipalam,Flat,1,6.0,10000
Kottuli,House,3,,29000
Beach Road,Flat,2,5.0,21000
Chevayur,Apartment,3,12.0,33500
Koduvally,Flat,3,6.0,20500
Beach Road,Villa,2,,34500
Eranhipalam,Villa,1,,14500
Malaparamba,Flat,1,5.0,9000
Panniyankara,Flat,1,8.0,7500
Palayam,Villa,2,,27500
Balussery,Villa,2,,19000
Thondayad,Flat,2,2.0,16000
Chevayur,House,2,,24000
Bilathikulam,Flat,2,7.0,16000
Mathara,Flat,2,3.0,14000
Mankave,Flat,1,6.0,8000
Feroke,Flat,1,1.0,7500
Nadakkavu,Villa,2,,31000
Bilathikulam,Apartment,1,1.0,11000
Eranhipalam,Apartment,3,15.0,29000
Beach Road,Villa,2,,36000
Panniyankara,Flat,2,7.0,13000
Malaparamba,Apartment,2,11.0,16000
Beach Road,Apartment,1,14.0,11500
Kuthiravattom,Villa,2,,22500
Feroke,Apartment,1,10.0,7000
Mathara,Apartment,2,5.0,15000
Nadakkavu,Apartment,1,5.0,11000
Koyilandy Road,Apartment,2,1.0,15500
Malaparamba,Apartment,1,5.0,9000
Puthiyara,Flat,3,7.0,27500
Medical College,Flat,2,5.0,21500
Koduvally,Apartment,3,7.0,21500
Malaparamba,Flat,2,6.0,17000
Vellimadukunnu,Villa,1,,11000
Puthiyara,Flat,2,2.0,18500
Nadakkavu,Flat,2,8.0,17000
Balussery,House,1,,7500
Malaparamba,Flat,2,5.0,17000
Calicut University,Flat,2,7.0,21000
Puthiyara,Flat,3,7.0,30500
Ulliyeri,Apartment,2,15.0,12000
Kuthiravattom,Villa,2,,23500
Calicut University,Apartment,4,12.0,54000
Vellimadukunnu,Flat,2,5.0,14500
Calicut University,Apartment,2,13.0,20000
Medical College,Flat,4,4.0,53000
Puthiyara,Villa,2,,29000
Koduvally,Apartment,3,4.0,21000
Malaparamba,Flat,1,7.0,9000
Mankave,Flat,1,4.0,8500
Palayam,Apartment,3,15.0,32000
Thondayad,Apartment,2,3.0,17000
Koduvally,Apartment,1,15.0,6000
Puthiyara,Apartment,1,8.0,11000
Nadakkavu,Villa,1,,15000
Nadakkavu,Flat,3,1.0,30000
Thondayad,Villa,1,,13000
Kottuli,Flat,2,2.0,12500
Puthiyara,House,4,,51000
Mavoor Road,Flat,1,2.0,10500
Calicut University,Flat,1,5.0,11000
Kottuli,Apartment,2,15.0,15000
Vellimadukunnu,Flat,3,5.0,24000
Thondayad,House,3,,31500
Mathara,Apartment,1,14.0,8500
Mavoor Road,Apartment,1,14.0,12500
Kuthiravattom,Apartment,1,7.0,8500
Vellimadukunnu,Villa,3,,37000
Eranhipalam,Apartment,3,3.0,29500
Mankave,Flat,2,3.0,16000
Mavoor Road,House,2,,27000
Panniyankara,Apartment,1,6.0,8500
Beach Road,Apartment,2,0.0,20500
Palayam,Flat,2,8.0,17500
Kottuli,Flat,2,3.0,12500
Kuthiravattom,Flat,2,7.0,13500
Beach Road,Apartment,1,5.0,13500
Kuthiravattom,Apartment,2,13.0,15000
Panniyankara,Villa,3,,35000
Palayam,Villa,2,,31000
Calicut University,Apartment,3,4.0,36500
Eranhipalam,Apartment,2,0.0,16500
Palayam,Flat,1,8.0,9500
Kuthiravattom,Villa,3,,35500
Beach Road,Apartment,1,8.0,12500
Mukkam,Flat,2,1.0,13000
Mathara,Flat,3,0.0,22500
Mathara,Flat,3,4.0,24500
Mathara,Flat,2,7.0,14500
Chevayur,Apartment,2,10.0,18000
Mathara,House,2,,18500
Chevayur,Apartment,2,4.0,20000
Koyilandy Road,Flat,1,2.0,8000
Vellimadukunnu,House,2,,16000
Vellimadukunnu,Apartment,1,9.0,8000
Thondayad,Flat,3,5.0,25000
Ulliyeri,Apartment,2,11.0,12000
Panniyankara,Apartment,1,8.0,8500
Mukkam,Villa,1,,11000
Beach Road,Flat,1,4.0,13000
Vellimadukunnu,Apartment,1,6.0,8500
Kuthiravattom,Flat,3,8.0,24500
Mankave,Apartment,2,7.0,15000
Eranhipalam,House,2,,20500
Bilathikulam,Apartment,1,7.0,10500
Feroke,Flat,2,2.0,12500
Malaparamba,Apartment,2,2.0,17500
Thondayad,Flat,1,7.0,8000
Vellimadukunnu,Apartment,3,14.0,24500
Mavoor Road,Apartment,1,3.0,11500
Bilathikulam,Flat,3,7.0,26000
Malaparamba,Apartment,3,3.0,26000
Thiruvannur,Apartment,2,8.0,11000
Feroke,House,3,,28000
Vellimadukunnu,Flat,1,2.0,8000
Vellimadukunnu,Flat,1,8.0,7500
Malaparamba,Flat,2,0.0,15500
Koyilandy Road,Apartment,3,5.0,28000
Ulliyeri,Flat,1,0.0,5000
Ulliyeri,Flat,2,7.0,10000
Vellimadukunnu,Flat,1,4.0,7500
Vellimadukunnu,Apartment,2,7.0,15000
Kottuli,Flat,1,0.0,6500
Calicut University,Flat,1,8.0,11000
Calicut University,House,3,,41000
Chevayur,Flat,2,6.0,18000
Thondayad,House,2,,19500
Mukkam,Flat,2,5.0,12000
Beach Road,Apartment,3,14.0,36500
Puthiyara,Apartment,3,9.0,33000
Puthiyara,Flat,1,5.0,10000
Koduvally,Apartment,2,5.0,12500
Thondayad,Villa,2,,25500
Kottuli,Apartment,3,2.0,25000
Balussery,Apartment,3,4.0,20500
Koduvally,Flat,2,8.0,12000
Mavoor Road,Apartment,1,8.0,12000
Thiruvannur,Apartment,1,15.0,6000
Kottuli,Apartment,2,4.0,16000
Thondayad,House,2,,19000
Malaparamba,Flat,2,0.0,15500
Thondayad,Apartment,2,8.0,18000
Bilathikulam,Apartment,3,14.0,28500
Koyilandy Road,Apartment,2,10.0,15500
Vellimadukunnu,House,3,,27500
Eranhipalam,Apartment,3,1.0,32000
Calicut University,Flat,3,3.0,32500
Nadakkavu,Flat,1,0.0,10000
Beach Road,Apartment,3,1.0,35500
Eranhipalam,Apartment,3,12.0,31000
Feroke,Villa,3,,35500
Thondayad,Apartment,3,11.0,28000
Palayam,Apartment,1,4.0,10500
Calicut University,Villa,2,,29000
Panniyankara,Apartment,3,2.0,23500
Koduvally,Apartment,1,13.0,6500
Bilathikulam,Flat,2,7.0,16000
Panniyankara,Apartment,1,3.0,8500
Beach Road,Villa,3,,54000
Kuthiravattom,Villa,2,,23000
Eranhipalam,Apartment,2,2.0,18000
Kuthiravattom,Apartment,2,2.0,16000
Puthiyara,Apartment,2,13.0,19500
Nadakkavu,Apartment,3,13.0,30500
Mavoor Road,Flat,3,8.0,33500
Bilathikulam,Apartment,3,2.0,30000
Koduvally,Flat,2,4.0,12000
Kottuli,Flat,2,8.0,12000
Nadakkavu,Flat,3,2.0,31500
Kottuli,House,4,,42000
Eranhipalam,Flat,3,2.0,29000
Panniyankara,Apartment,3,3.0,26000
Chevayur,Apartment,2,5.0,18500
Mankave,Apartment,2,0.0,16500
Mathara,Apartment,2,5.0,17500
Eranhipalam,Flat,3,1.0,28500
Calicut University,House,2,,25000
Palayam,Apartment,2,10.0,20500
Ulliyeri,Villa,2,,18000
Calicut University,Flat,1,2.0,10500
Feroke,Flat,3,8.0,20500
Bilathikulam,Apartment,1,8.0,10500
Medical College,Flat,2,0.0,20500
Feroke,Flat,3,7.0,20500
Mavoor Road,Flat,1,5.0,12500
Panniyankara,Flat,2,8.0,12500
Malaparamba,Flat,2,1.0,15500
Chevayur,Apartment,3,9.0,34000
Bilathikulam,Apartment,2,4.0,18000
Palayam,Apartment,2,3.0,19500
Vellimadukunnu,House,2,,17000
Bilathikulam,Flat,1,6.0,9000
Mavoor Road,Villa,2,,30500
Eranhipalam,House,2,,21500
Calicut University,Apartment,3,4.0,40000
Bilathikulam,Villa,2,,27000
Puthiyara,Villa,3,,46500
Puthiyara,Villa,3,,45500
Beach Road,House,2,,26000
Bilathikulam,House,3,,34500
Medical College,Villa,3,,51500
Medical College,Apartment,1,7.0,11500
Vellimadukunnu,Apartment,2,9.0,14500
Eranhipalam,Apartment,1,5.0,10000
Kuthiravattom,Flat,3,3.0,24000
Nadakkavu,Apartment,2,11.0,18500
Koyilandy Road,Flat,3,2.0,23500
Thiruvannur,Flat,3,3.0,17500
Mukkam,House,3,,23500
Palayam,Flat,3,7.0,32500
Mankave,Flat,3,4.0,27000
Mankave,Apartment,2,12.0,15500
Medical College,Apartment,1,3.0,12500
Malaparamba,Flat,1,3.0,9000
Thiruvannur,Flat,2,3.0,11000
Bilathikulam,Villa,3,,48000
Puthiyara,Flat,2,2.0,18000
Kottuli,Apartment,2,15.0,13000
Mankave,Apartment,1,8.0,8500
Palayam,Villa,1,,17000
Eranhipalam,Apartment,1,0.0,9000
Mankave,Apartment,2,15.0,16000
Kottuli,Apartment,3,13.0,24500
Mankave,Flat,2,2.0,14500
Vellimadukunnu,Flat,3,1.0,23500
Bilathikulam,Villa,3,,43500
Chevayur,Apartment,1,2.0,10000
Palayam,Villa,3,,49000
Ulliyeri,Flat,1,0.0,5500
Calicut University,Flat,3,2.0,33000
Medical College,Flat,2,4.0,21500
Thondayad,Apartment,3,13.0,26500
Koyilandy Road,Flat,3,7.0,25500
Mathara,House,2,,19500
Mavoor Road,Flat,2,8.0,19000
Vellimadukunnu,Apartment,4,12.0,36000
Ulliyeri,House,2,,13500
Chevayur,Apartment,2,9.0,19500
Palayam,Villa,2,,29500
Mavoor Road,Flat,1,7.0,10500
Puthiyara,Flat,3,1.0,30500
Puthiyara,House,1,,13000
Nadakkavu,Apartment,2,7.0,19500
Ulliyeri,Apartment,3,4.0,20000
Palayam,Flat,3,5.0,33000
Kuthiravattom,Flat,2,0.0,14000
Kottuli,Flat,2,8.0,12000
Kottuli,Apartment,2,8.0,15000
Medical College,Apartment,3,2.0,35500
Balussery,Apartment,3,7.0,20000
Puthiyara,Flat,2,3.0,16500
Kottuli,Apartment,3,7.0,25000
Bilathikulam,Apartment,2,12.0,18000
Thondayad,House,1,,11000
Calicut University,Apartment,1,14.0,11500
Eranhipalam,Flat,2,5.0,18000
Thiruvannur,Apartment,3,2.0,20000
Kottuli,Flat,1,3.0,7000
Mavoor Road,House,3,,46000
Mukkam,Villa,1,,10500
Mankave,Flat,1,8.0,8500
Kunnamangalam,Flat,2,8.0,10000
Feroke,Flat,3,6.0,21000
Mankave,Flat,1,1.0,8500
Panniyankara,Apartment,1,5.0,8000
Koduvally,Flat,2,6.0,11500
Mankave,Villa,2,,23500
Mavoor Road,Flat,1,8.0,12000
Koyilandy Road,Villa,3,,41000
Mankave,Apartment,2,2.0,15500
Thondayad,Apartment,2,12.0,17500
Mankave,Apartment,1,9.0,8000
Calicut University,Apartment,2,12.0,20500
Malaparamba,Apartment,1,2.0,10000
Mankave,Flat,2,7.0,14500
Chevayur,Flat,4,5.0,42000
Mankave,Villa,1,,12500
Mathara,Apartment,2,2.0,16500
Panniyankara,Flat,3,0.0,22500
Koyilandy Road,Apartment,2,1.0,17000
Mathara,Apartment,2,4.0,17500
Mankave,Apartment,2,1.0,17000
Calicut University,Flat,2,0.0,20000
Koyilandy Road,House,1,,10500
Koyilandy Road,Apartment,2,14.0,15500
Palayam,Apartment,2,7.0,18500
Calicut University,Apartment,1,1.0,13000
Malaparamba,Apartment,2,12.0,16500
Balussery,House,1,,7500
Eranhipalam,House,2,,22500
Panniyankara,Apartment,2,3.0,15500
Kottuli,Flat,2,7.0,13500
Puthiyara,Flat,4,3.0,45500
Eranhipalam,Apartment,1,0.0,10000
Medical College,Apartment,1,7.0,13000
Bilathikulam,Apartment,1,9.0,10000
Thondayad,Flat,2,6.0,15000
Bilathikulam,Apartment,1,7.0,11000
Vellimadukunnu,Flat,4,4.0,31000
Thiruvannur,Apartment,2,0.0,12000
Thondayad,House,2,,18500
Vellimadukunnu,Flat,2,6.0,13500
Bilathikulam,Apartment,2,8.0,19000
Beach Road,Flat,2,5.0,23000
Kuthiravattom,Apartment,3,2.0,24500
Kuthiravattom,Apartment,2,3.0,14500
Puthiyara,Apartment,2,3.0,17500
Mathara,Apartment,2,13.0,14500
Bilathikulam,Apartment,2,6.0,18000
Beach Road,Apartment,3,10.0,39500
Mavoor Road,Flat,1,5.0,11000
Koyilandy Road,Apartment,3,14.0,27500
Balussery,Apartment,1,9.0,6500
Puthiyara,Flat,2,1.0,17000
Kuthiravattom,Flat,2,2.0,14500
Mavoor Road,Villa,2,,34000
Eranhipalam,Flat,1,1.0,9500
Mukkam,Villa,3,,34000
Calicut University,Apartment,2,9.0,21500
Mankave,Apartment,3,10.0,26000
Bilathikulam,Flat,2,7.0,17000
Eranhipalam,Apartment,3,3.0,30500
Vellimadukunnu,Apartment,1,7.0,7500
Palayam,Apartment,3,11.0,31500
Bilathikulam,House,2,,22000
Mathara,Apartment,2,7.0,15000
Palayam,Apartment,3,0.0,33500
Chevayur,Villa,2,,28000
Thondayad,Flat,3,8.0,24500
Kunnamangalam,Flat,1,4.0,6000
Thondayad,Flat,1,8.0,8500
Beach Road,Flat,1,5.0,13000
Koyilandy Road,Flat,3,0.0,24000
Thiruvannur,Apartment,2,4.0,13500
Medical College,Flat,1,3.0,10500
Nadakkavu,Flat,2,1.0,18000
Chevayur,Flat,2,8.0,16500
Malaparamba,Flat,2,8.0,16000
Eranhipalam,Apartment,2,9.0,17000
Bilathikulam,House,2,,23000
Mukkam,House,1,,8000
Medical College,Flat,3,5.0,36000
Kottuli,Apartment,3,3.0,23500
Thiruvannur,Apartment,1,3.0,6500
Palayam,Apartment,2,13.0,21000
Vellimadukunnu,Apartment,2,13.0,13500
Vellimadukunnu,Flat,1,2.0,8000
Medical College,Apartment,4,3.0,52000
Panniyankara,Villa,2,,22500
Eranhipalam,Flat,1,3.0,9000
Mankave,Apartment,2,11.0,16500
Medical College,Apartment,3,11.0,34000
Panniyankara,Apartment,2,1.0,14500
Palayam,Flat,2,0.0,19000
Puthiyara,Apartment,1,5.0,11000
Thiruvannur,Apartment,2,7.0,11000
Vellimadukunnu,Apartment,2,6.0,15500
Bilathikulam,Flat,2,8.0,18000
Bilathikulam,House,2,,21000
Thiruvannur,Flat,2,2.0,11000
Malaparamba,Apartment,3,5.0,27000
Thondayad,Flat,1,3.0,9000
Mukkam,Apartment,3,5.0,24000
Malaparamba,House,1,,10000
Ulliyeri,Flat,2,7.0,10000
Beach Road,Apartment,2,2.0,25000
Mankave,Flat,1,1.0,8500
Bilathikulam,Villa,1,,14000
Medical College,Villa,1,,19000
Vellimadukunnu,Flat,1,3.0,7000
Kottuli,Apartment,3,14.0,23000
Chevayur,Apartment,1,1.0,11500
Medical College,Villa,3,,54500
Mankave,Flat,1,3.0,7500
Bilathikulam,Apartment,1,2.0,10500
Vellimadukunnu,Flat,1,1.0,7000
Thondayad,Apartment,2,11.0,18000
Panniyankara,Apartment,2,8.0,14500
Vellimadukunnu,Flat,2,8.0,12000
Koyilandy Road,Flat,1,2.0,8500
Calicut University,Apartment,4,10.0,49500
Nadakkavu,Apartment,2,15.0,20500
Thondayad,Apartment,2,9.0,16500
Kottuli,Flat,2,4.0,12500
Eranhipalam,Apartment,2,8.0,19000
Balussery,Apartment,1,12.0,6500
Bilathikulam,Apartment,3,8.0,29500
Koyilandy Road,Villa,2,,23000
Vellimadukunnu,Villa,3,,37000
Vellimadukunnu,Apartment,3,12.0,25500
Koduvally,Flat,2,4.0,11000
Koyilandy Road,Apartment,3,2.0,26500
Chevayur,House,1,,12000
Chevayur,House,2,,23000
Kuthiravattom,Flat,2,1.0,15000
Koyilandy Road,Apartment,2,1.0,16000
Mavoor Road,Apartment,2,10.0,22000
Chevayur,House,3,,35000
Bilathikulam,Apartment,1,6.0,10500
Calicut University,Flat,1,1.0,11500
Puthiyara,House,2,,20500
Palayam,House,2,,22500
Vellimadukunnu,Flat,1,8.0,7000
Malaparamba,House,3,,31500
Mankave,Villa,3,,38000
Beach Road,Apartment,1,13.0,12000
Koduvally,Flat,1,2.0,6000
Ulliyeri,Apartment,3,11.0,19500
Koduvally,House,1,,8000
Mavoor Road,Flat,1,7.0,11500
Chevayur,Flat,2,8.0,16000
Calicut University,Apartment,2,4.0,22000
Vellimadukunnu,Apartment,3,0.0,21500
Kottuli,Apartment,1,1.0,7500
Puthiyara,Flat,2,0.0,18000
Mathara,House,2,,19000
Calicut University,Villa,2,,29500
Feroke,Apartment,2,1.0,14000
Beach Road,Apartment,1,5.0,12500
Malaparamba,Flat,1,5.0,9000
Panniyankara,House,1,,10000
Kottuli,Flat,2,4.0,14000
Eranhipalam,Apartment,1,3.0,10500
Calicut University,Apartment,1,1.0,11500
Malaparamba,Flat,2,8.0,14500
Bilathikulam,Flat,2,4.0,18500
Puthiyara,Flat,4,1.0,46000
Calicut University,Flat,2,8.0,21000
Thiruvannur,Apartment,1,13.0,7000
Bilathikulam,Apartment,3,8.0,28000
Kunnamangalam,Flat,2,6.0,11000
Balussery,Flat,2,6.0,12500
Chevayur,Flat,1,6.0,10500
Calicut University,Apartment,2,0.0,21500
Kuthiravattom,Flat,2,1.0,14000
Kottuli,Apartment,2,1.0,15000
Koduvally,House,2,,15000
Panniyankara,House,1,,9000
Nadakkavu,House,1,,12000
Medical College,Flat,3,8.0,31500
Eranhipalam,Flat,1,4.0,9000
Medical College,Apartment,2,9.0,20000
Nadakkavu,House,2,,24000
Chevayur,House,3,,36000
Mavoor Road,Apartment,1,9.0,12000
Beach Road,Flat,3,5.0,36000
Puthiyara,Villa,2,,26500
Eranhipalam,House,2,,21500
Puthiyara,Flat,3,3.0,30500
Bilathikulam,Apartment,2,3.0,20000
Koduvally,Flat,2,0.0,10500
Mathara,Apartment,2,11.0,16000
Beach Road,Flat,2,3.0,20000
Thiruvannur,Apartment,2,1.0,11500
Palayam,Flat,2,4.0,20000
Mavoor Road,Apartment,2,12.0,23000
Palayam,Flat,1,6.0,10000
Medical College,House,3,,41000
Bilathikulam,Apartment,2,3.0,18000
Panniyankara,Apartment,2,9.0,14500
Thondayad,Flat,4,5.0,38500
Balussery,Flat,1,7.0,6500
Koduvally,Apartment,3,9.0,21000
Mankave,House,3,,31000
Nadakkavu,House,3,,39000
Nadakkavu,Apartment,2,2.0,21000
Mathara,Flat,1,8.0,8000
Kottuli,Apartment,1,0.0,7000
Panniyankara,Apartment,3,6.0,26500
Malaparamba,Flat,2,4.0,17000
Palayam,Apartment,2,1.0,19000
Mukkam,Apartment,1,11.0,7000
Thiruvannur,Flat,3,2.0,19500
Medical College,Flat,1,2.0,11500
Mankave,Villa,2,,22500
Vellimadukunnu,Apartment,1,9.0,8000
Calicut University,Apartment,2,6.0,21500
Bilathikulam,Flat,4,3.0,42500
Chevayur,Flat,1,7.0,10000
Ulliyeri,Apartment,3,11.0,17500
Nadakkavu,Flat,2,1.0,19500
Puthiyara,Villa,1,,16000
Calicut University,Apartment,3,14.0,35500
Chevayur,Flat,1,4.0,10500
Kottuli,Flat,1,5.0,7500
Kottuli,Apartment,2,6.0,15500
Chevayur,Apartment,2,11.0,18000
Balussery,Apartment,3,10.0,22000
Palayam,Apartment,3,13.0,33000
Vellimadukunnu,House,3,,28000
Chevayur,Apartment,1,8.0,10000
Balussery,Apartment,3,4.0,21500
Mathara,Apartment,3,1.0,26000
Vellimadukunnu,Apartment,3,6.0,26000
Palayam,Apartment,2,4.0,22000
Panniyankara,House,3,,26500
Eranhipalam,Apartment,1,3.0,10000
Thondayad,Apartment,2,4.0,17000
Mathara,Flat,1,3.0,8000
Medical College,Flat,1,3.0,10500
Beach Road,Apartment,2,6.0,25500
Puthiyara,Apartment,2,8.0,17500
Mankave,Villa,2,,25000
Thiruvannur,Flat,1,3.0,6500
Beach Road,House,2,,28500
Calicut University,Villa,3,,56000
Medical College,Flat,3,2.0,32000
Kuthiravattom,Apartment,1,3.0,9000
Ulliyeri,Flat,2,6.0,10500
Mathara,Flat,2,7.0,15000
Eranhipalam,Apartment,3,9.0,31000
Mukkam,Apartment,3,1.0,20500
Koyilandy Road,Flat,1,3.0,8500
Feroke,Flat,1,0.0,7000
Balussery,Apartment,1,14.0,7000
Koyilandy Road,Flat,2,6.0,16000
Mankave,Apartment,2,4.0,16500
Kottuli,Apartment,1,8.0,7500
Mankave,Apartment,2,11.0,16000
Mavoor Road,Villa,1,,17500
Feroke,Villa,2,,19500
Mathara,Apartment,3,0.0,26000
Calicut University,Flat,2,5.0,21500
Calicut University,Apartment,3,4.0,39000
Panniyankara,Flat,2,6.0,14000
Eranhipalam,Flat,3,1.0,27000
Beach Road,Flat,2,1.0,20500
Mavoor Road,Villa,2,,34000
Palayam,Apartment,3,0.0,34000
Mavoor Road,Apartment,3,7.0,38500
Palayam,Apartment,2,15.0,18500
Palayam,Flat,2,0.0,18000
Balussery,Villa,1,,10500
Kunnamangalam,Apartment,1,2.0,6500
Kuthiravattom,Apartment,3,5.0,28000
Kottuli,Apartment,2,13.0,13000
Malaparamba,House,2,,19500
Bilathikulam,Flat,3,4.0,30000
Kuthiravattom,Flat,4,4.0,35500
Vellimadukunnu,Flat,3,8.0,20500
Kottuli,House,2,,16000
Koyilandy Road,Apartment,2,1.0,16000
Koduvally,Flat,3,0.0,18500
Koyilandy Road,Apartment,2,11.0,16500
Vellimadukunnu,Apartment,4,3.0,33500
Beach Road,Apartment,4,8.0,56500
Malaparamba,Flat,3,3.0,24500
Palayam,Villa,1,,17000
Kottuli,Flat,2,7.0,12500
Malaparamba,Apartment,2,12.0,17000
Thondayad,Villa,2,,23500
Feroke,Flat,2,6.0,13500
Malaparamba,Apartment,1,11.0,9000
Vellimadukunnu,Apartment,2,8.0,15500
Mathara,Flat,2,0.0,14500
Malaparamba,Apartment,3,0.0,26500
Koduvally,Apartment,3,15.0,20000
Puthiyara,Villa,3,,48500
Mathara,Apartment,2,12.0,16000
Balussery,Apartment,3,3.0,21500
Thondayad,Apartment,2,2.0,16500
Kuthiravattom,Flat,1,8.0,7500
Kuthiravattom,Apartment,3,11.0,25000
Vellimadukunnu,Apartment,3,4.0,23500
Puthiyara,Apartment,1,10.0,10500
Koyilandy Road,Flat,3,0.0,24500
Mavoor Road,Apartment,2,1.0,22000
Mathara,Villa,2,,23000
Panniyankara,Flat,3,3.0,22000
Beach Road,Apartment,2,12.0,23000
Ulliyeri,Villa,2,,17500
Panniyankara,Flat,2,2.0,14500
Eranhipalam,Flat,2,8.0,16500
Kunnamangalam,Flat,2,1.0,10000
Panniyankara,Flat,4,6.0,34000
Nadakkavu,Apartment,2,1.0,19000
Mankave,Apartment,3,4.0,27000
Beach Road,Apartment,2,15.0,24500
Ulliyeri,Flat,2,1.0,11000
Panniyankara,Flat,3,4.0,22000
Chevayur,Flat,3,2.0,30000
Thondayad,Villa,3,,43000
Kunnamangalam,House,2,,13500
Mavoor Road,Flat,2,1.0,20500
Medical College,Apartment,1,0.0,11500
Thondayad,Flat,3,4.0,29000
Eranhipalam,Flat,1,8.0,9000
Vellimadukunnu,Apartment,2,2.0,15500
Calicut University,Flat,3,2.0,30500
Feroke,Villa,2,,18500
Koyilandy Road,House,2,,20000
Malaparamba,Apartment,2,9.0,17500
Puthiyara,Apartment,3,11.0,28500
Panniyankara,Apartment,1,7.0,8000
Puthiyara,Apartment,3,9.0,31500
Eranhipalam,Apartment,1,14.0,10500
Mathara,Apartment,2,11.0,14500
Eranhipalam,Flat,1,2.0,9000
Vellimadukunnu,Apartment,1,5.0,8500
Vellimadukunnu,Apartment,3,10.0,24000
Panniyankara,Apartment,1,10.0,8500
Vellimadukunnu,Flat,2,5.0,14000
Beach Road,House,3,,44000
Kottuli,Apartment,3,12.0,24000
Nadakkavu,Apartment,4,3.0,44500
Calicut University,Apartment,2,6.0,21500
Koyilandy Road,House,2,,18500
Malaparamba,Apartment,3,5.0,28500
Feroke,Apartment,3,2.0,24000
Palayam,Apartment,2,2.0,21500
Kottuli,Villa,1,,11000
Malaparamba,Flat,2,8.0,15000
Thondayad,Apartment,3,15.0,27000
Mavoor Road,Flat,2,3.0,21500
Bilathikulam,Apartment,3,0.0,31000
Mavoor Road,Flat,1,1.0,11500
Puthiyara,Apartment,2,10.0,19500
Bilathikulam,Flat,3,8.0,28500
Medical College,Apartment,3,15.0,33000
Vellimadukunnu,Apartment,3,3.0,25000
Thondayad,Apartment,4,6.0,43500
Puthiyara,Apartment,3,2.0,31500
Puthiyara,Apartment,2,10.0,20000
Thondayad,Apartment,2,0.0,16000
Kuthiravattom,Flat,3,4.0,23500
Malaparamba,House,4,,49000
Vellimadukunnu,Apartment,2,11.0,13500
Mathara,Apartment,1,5.0,9000
Chevayur,Flat,3,5.0,32500
Puthiyara,Flat,1,2.0,9000
Thondayad,Flat,2,7.0,15500
Chevayur,Apartment,1,8.0,11500
Eranhipalam,Apartment,1,8.0,9500
Bilathikulam,Flat,2,6.0,19000
Medical College,Flat,2,8.0,19500
Feroke,Apartment,1,9.0,8000
Kuthiravattom,Flat,2,1.0,14500
Medical College,Flat,1,1.0,10500
Nadakkavu,Flat,3,8.0,30500
Malaparamba,Flat,3,8.0,26000
Eranhipalam,Villa,3,,42000
Panniyankara,Flat,3,5.0,23500
Thiruvannur,Flat,1,5.0,6000
Eranhipalam,Apartment,3,0.0,28500
Medical College,Villa,1,,16500
Balussery,Apartment,3,6.0,21500
Puthiyara,Villa,1,,15500
Feroke,Villa,4,,48500
Nadakkavu,Flat,1,2.0,10500
Kuthiravattom,Flat,2,0.0,12500
Kottuli,House,2,,17000
Beach Road,Apartment,4,10.0,53500
Malaparamba,House,1,,10500
Panniyankara,Flat,3,6.0,23500
Palayam,Apartment,2,8.0,20000
Vellimadukunnu,Flat,1,2.0,7500
Mankave,Villa,4,,58000
Kuthiravattom,Flat,1,3.0,7000
Nadakkavu,Apartment,4,14.0,47500
Kottuli,Apartment,1,13.0,8000
Panniyankara,Villa,2,,20500
Eranhipalam,Villa,1,,14000
Thondayad,Apartment,2,8.0,16500
Palayam,Flat,3,5.0,34000
Mankave,House,1,,10500
Thiruvannur,Flat,2,6.0,11500
Ulliyeri,Flat,3,0.0,17500
Mathara,Apartment,1,8.0,8500
Mukkam,Flat,2,0.0,11500
Bilathikulam,House,2,,22500
Mavoor Road,Apartment,3,0.0,36000
Koduvally,Villa,2,,17500
Thiruvannur,Apartment,2,3.0,12000
Mankave,Flat,1,1.0,7500
Thondayad,Apartment,2,5.0,17500
Ulliyeri,Villa,1,,9000
Calicut University,Flat,1,2.0,10500
Koduvally,Villa,1,,9500
Beach Road,Apartment,2,12.0,23000
Malaparamba,Apartment,4,0.0,36500
Beach Road,Apartment,1,15.0,12500
Panniyankara,Apartment,1,14.0,8000
Kunnamangalam,House,2,,12500
Thondayad,Apartment,1,14.0,10000
Mavoor Road,Flat,4,8.0,50000
Thondayad,Apartment,3,12.0,30000
Puthiyara,Flat,2,1.0,18500
Eranhipalam,Apartment,1,11.0,9500
Thondayad,House,2,,19500
Mukkam,Apartment,2,9.0,13500
Bilathikulam,Flat,3,4.0,28500
Thondayad,Flat,2,7.0,15500
Malaparamba,Apartment,1,1.0,9500
Puthiyara,Flat,1,8.0,10000
Nadakkavu,Apartment,1,8.0,11500
Thondayad,Flat,2,3.0,16500
Eranhipalam,Flat,3,7.0,26000
Mathara,House,1,,9500
Thondayad,House,3,,33000
Thondayad,Villa,1,,13500
Medical College,Apartment,1,3.0,12000
Ulliyeri,Villa,2,,16000
Mathara,Flat,3,7.0,24000
Kottuli,Flat,3,7.0,20500
Puthiyara,Apartment,3,1.0,30500
Kunnamangalam,Flat,3,5.0,16500
Mukkam,Apartment,3,6.0,23000
Kuthiravattom,Apartment,2,10.0,15500
Chevayur,Apartment,2,8.0,19500
Mathara,Apartment,2,13.0,16000
Thondayad,Apartment,1,10.0,10000
Beach Road,Flat,1,8.0,12000
Malaparamba,Flat,2,4.0,15500
Chevayur,Apartment,3,4.0,32500
Nadakkavu,Flat,3,4.0,32000
Kottuli,Apartment,3,12.0,23000
Palayam,Flat,1,2.0,10500
Calicut University,Flat,3,5.0,32500
Thondayad,Apartment,3,15.0,27000
Thondayad,Apartment,2,0.0,16000
Feroke,House,1,,9000
Palayam,Villa,2,,28500
Feroke,Apartment,2,15.0,12500
Mathara,Flat,3,6.0,26500
Eranhipalam,Apartment,3,7.0,28500
Balussery,Apartment,2,0.0,12500
Koduvally,Apartment,2,7.0,13000
Bilathikulam,Apartment,2,4.0,19500
Palayam,House,3,,40000
Mathara,Flat,2,8.0,13500
Chevayur,Flat,1,8.0,9000
Thondayad,Apartment,1,10.0,10000
Malaparamba,Apartment,1,3.0,9000
Palayam,Flat,2,2.0,19500
Thondayad,Apartment,3,12.0,28500
Kottuli,Villa,3,,33000
Palayam,Villa,2,,31000
Ulliyeri,Villa,2,,18000
Feroke,Flat,3,6.0,22000
Chevayur,Apartment,2,10.0,17500
Koyilandy Road,Apartment,3,3.0,28000
Chevayur,Apartment,3,9.0,32000
Vellimadukunnu,Flat,2,6.0,14000
Medical College,Apartment,2,15.0,20500
Thiruvannur,House,3,,22500
Koyilandy Road,Flat,3,8.0,26000
Malaparamba,Flat,3,0.0,24500
Koduvally,Flat,1,7.0,6500
Kunnamangalam,Apartment,3,2.0,18500
Koduvally,Villa,1,,9000
Mavoor Road,Villa,1,,17000
Malaparamba,Apartment,1,9.0,9500
Beach Road,Apartment,2,14.0,21500
Puthiyara,Apartment,2,2.0,20500
Puthiyara,Villa,3,,46500
Bilathikulam,Apartment,3,12.0,32500
Vellimadukunnu,Flat,3,8.0,21500
Nadakkavu,Villa,1,,15500
Kottuli,Apartment,3,11.0,22500
Thondayad,Apartment,3,15.0,28500
Kuthiravattom,Apartment,3,9.0,25500
Eranhipalam,Villa,2,,24500
Kottuli,Apartment,2,7.0,13500
Bilathikulam,Apartment,1,4.0,10500
Chevayur,Flat,2,7.0,16500
Beach Road,Villa,1,,19500
Malaparamba,Flat,4,2.0,35000
Palayam,Flat,3,3.0,29000
Ulliyeri,Villa,4,,40500
Chevayur,Flat,1,7.0,9500
Puthiyara,House,2,,23000
Mukkam,Apartment,1,0.0,7000
Vellimadukunnu,Flat,4,5.0,34500
Mankave,Flat,2,5.0,14000
Beach Road,Apartment,1,15.0,12000
Kottuli,Flat,1,3.0,7500
Ulliyeri,Apartment,2,5.0,12000
Kottuli,House,2,,15500
Mavoor Road,Flat,2,0.0,19000
Panniyankara,Apartment,2,13.0,14000
Panniyankara,Apartment,2,13.0,15000
Panniyankara,Flat,2,4.0,15500
Nadakkavu,Flat,1,3.0,9500
Thondayad,Villa,2,,26000
Vellimadukunnu,House,3,,27500
Mavoor Road,House,2,,27500
Balussery,Apartment,1,3.0,6500
Bilathikulam,House,1,,12000
Malaparamba,Apartment,3,6.0,28500
Bilathikulam,Flat,2,2.0,17500
Thondayad,Apartment,2,1.0,16000
Vellimadukunnu,Apartment,2,10.0,15500
Mavoor Road,Flat,2,0.0,21000
Kottuli,Apartment,1,13.0,7000
Feroke,Apartment,2,2.0,14500
Eranhipalam,Flat,2,2.0,17000
Puthiyara,Flat,1,8.0,9500
Bilathikulam,Flat,2,2.0,17500
Mavoor Road,House,1,,15000
Puthiyara,Apartment,3,4.0,33000
Vellimadukunnu,Villa,1,,12000
Beach Road,Apartment,1,4.0,12000
Vellimadukunnu,Flat,3,5.0,21500
Mankave,Apartment,3,12.0,27500
Medical College,Flat,2,0.0,19500
Koduvally,Apartment,1,14.0,6000
Calicut University,Villa,4,,75500
Mankave,Apartment,2,10.0,16000
Kunnamangalam,Apartment,3,1.0,20000
Beach Road,Apartment,2,4.0,24500
Panniyankara,Flat,2,4.0,14000
Mukkam,Apartment,3,5.0,20500
Feroke,Apartment,1,8.0,8000
Puthiyara,Apartment,1,8.0,11000
Palayam,Apartment,1,12.0,11500
Bilathikulam,Apartment,2,13.0,19000
Palayam,Flat,3,2.0,30500
Panniyankara,Flat,2,4.0,13500
Mathara,Flat,2,1.0,14500
Bilathikulam,Flat,3,7.0,27500
Malaparamba,Apartment,3,6.0,29500
Bilathikulam,Apartment,3,8.0,32000
Malaparamba,Apartment,1,7.0,9500
Panniyankara,Apartment,2,13.0,13500
Palayam,Apartment,1,3.0,11000
Balussery,Apartment,2,1.0,13000
Balussery,Flat,4,8.0,29000
Palayam,Villa,3,,46000
Mukkam,Apartment,1,7.0,7500
Nadakkavu,Flat,1,7.0,9000
Eranhipalam,Flat,2,4.0,18000
Nadakkavu,Villa,1,,15500
Panniyankara,House,2,,18500
Beach Road,House,2,,28000
Puthiyara,Villa,2,,27000
Nadakkavu,Flat,3,6.0,29500
Malaparamba,Apartment,2,6.0,17500
Chevayur,Apartment,2,9.0,18000
Nadakkavu,House,2,,22000
Medical College,Apartment,2,0.0,22000
Medical College,Apartment,1,9.0,11500
Puthiyara,Apartment,2,13.0,19000
Thondayad,Apartment,1,5.0,10000
Thondayad,Apartment,3,13.0,29500
Palayam,Apartment,1,9.0,11000
Vellimadukunnu,Flat,2,4.0,13500
Koduvally,Flat,2,3.0,12000
Kuthiravattom,Flat,2,5.0,14500
Palayam,Apartment,2,8.0,19500
Eranhipalam,Flat,2,1.0,17000
Palayam,Apartment,1,7.0,11500
Palayam,Villa,3,,46000
Feroke,Flat,1,4.0,6500
Kuthiravattom,Apartment,3,0.0,22500
Kunnamangalam,House,1,,7000
Bilathikulam,Apartment,3,2.0,28500
Malaparamba,Flat,1,1.0,9000
Nadakkavu,Villa,2,,30500
Nadakkavu,Apartment,1,12.0,10500
Kuthiravattom,Flat,4,0.0,33000
Palayam,Apartment,2,12.0,21000
Palayam,Apartment,2,15.0,19000
Mukkam,Apartment,2,14.0,13000
Bilathikulam,Apartment,2,15.0,18000
Mathara,Villa,3,,39500
Vellimadukunnu,Apartment,3,2.0,22500
Kottuli,Flat,3,5.0,21000
Vellimadukunnu,Apartment,2,15.0,14500
Mukkam,House,2,,14500
Mavoor Road,Villa,3,,55500
Feroke,Apartment,2,4.0,14000
Thondayad,Apartment,3,5.0,29500
Nadakkavu,House,1,,11500
Chevayur,Villa,3,,49000
Palayam,Apartment,1,14.0,10500
Malaparamba,Apartment,2,4.0,16000
Mavoor Road,Flat,4,6.0,49500
Vellimadukunnu,Apartment,1,15.0,8000
Koyilandy Road,Apartment,3,4.0,29500
Kuthiravattom,Apartment,2,0.0,15000
Calicut University,Villa,3,,49500
Panniyankara,Villa,1,,11500
Panniyankara,Villa,1,,11500
Eranhipalam,House,2,,19500
Puthiyara,Apartment,4,15.0,42500
Panniyankara,Villa,1,,12500
Chevayur,Apartment,2,5.0,20500
Eranhipalam,Flat,1,2.0,9000
Palayam,Flat,3,8.0,28000
Mukkam,Apartment,3,8.0,20500
Eranhipalam,Apartment,2,13.0,18500
Chevayur,House,2,,22000
Medical College,Flat,3,2.0,33000
Mathara,Villa,2,,22500
Panniyankara,Apartment,1,8.0,8000
Koyilandy Road,Apartment,2,9.0,16000
Beach Road,Flat,3,8.0,36500
Puthiyara,Villa,1,,15500
Koyilandy Road,Apartment,3,6.0,26500
Kottuli,Apartment,3,14.0,22000
Eranhipalam,Apartment,2,2.0,18000
Panniyankara,Flat,1,1.0,8000
Koduvally,Villa,2,,18500
Kunnamangalam,Villa,2,,17000
Puthiyara,Flat,2,7.0,17500
Kottuli,Flat,1,2.0,7000
Mankave,Flat,2,2.0,15000
Malaparamba,Flat,2,3.0,14500
Vellimadukunnu,Apartment,2,14.0,13500
Chevayur,Apartment,1,4.0,11500
Nadakkavu,Flat,1,5.0,10000
Eranhipalam,Apartment,2,11.0,18500
Vellimadukunnu,Apartment,3,5.0,24000
Mukkam,House,2,,15000
Calicut University,Apartment,2,6.0,23500
Mankave,Apartment,2,2.0,15500
Nadakkavu,Apartment,3,11.0,32000
Vellimadukunnu,Apartment,2,15.0,15500
Mavoor Road,Apartment,3,12.0,34500
Nadakkavu,Flat,2,5.0,20000
Mavoor Road,Flat,3,4.0,35500
Kottuli,Apartment,2,0.0,13500
Malaparamba,House,3,,33500
Puthiyara,Apartment,1,0.0,10500
Beach Road,Flat,4,3.0,49500
Malaparamba,Apartment,2,14.0,17500
Feroke,Apartment,1,7.0,7500
Ulliyeri,Apartment,2,3.0,11000
Kuthiravattom,Flat,2,6.0,15500
Kottuli,Flat,4,6.0,31500
Mavoor Road,Flat,2,3.0,19500
Medical College,Flat,2,7.0,20500
Koyilandy Road,Flat,2,6.0,16500
Ulliyeri,Flat,2,2.0,10500
Puthiyara,Flat,2,8.0,16500
Puthiyara,Apartment,3,14.0,31000
Kottuli,Apartment,1,11.0,7500
Feroke,Apartment,3,5.0,23000
Puthiyara,Apartment,2,5.0,19000
Medical College,Flat,2,3.0,22000
Nadakkavu,Apartment,3,2.0,30500
Chevayur,Flat,2,0.0,17500
Koyilandy Road,Apartment,1,9.0,9000
Panniyankara,Flat,2,1.0,13000
Bilathikulam,Villa,2,,26000
Vellimadukunnu,Apartment,1,4.0,8000
Koduvally,Apartment,3,3.0,21000
Kuthiravattom,Apartment,3,3.0,24500
Palayam,Apartment,4,3.0,49000
Mukkam,House,2,,14000
Malaparamba,Villa,2,,24000
Bilathikulam,Flat,4,1.0,38000
Panniyankara,Apartment,2,4.0,15000
Palayam,Apartment,1,7.0,11500
Beach Road,Apartment,3,5.0,37000
Mukkam,Flat,2,5.0,13000
Calicut University,Apartment,3,11.0,35500
Puthiyara,Villa,1,,15000
Thondayad,Apartment,2,15.0,16000
Panniyankara,Flat,2,7.0,12500
Nadakkavu,Flat,3,1.0,30000
Mavoor Road,Flat,2,8.0,20500
Malaparamba,House,2,,18500
Puthiyara,Flat,1,6.0,9500
Panniyankara,Flat,3,2.0,22000
Koyilandy Road,Flat,2,3.0,14500
Puthiyara,House,2,,22000
Mavoor Road,Apartment,3,8.0,34500
Puthiyara,Apartment,2,10.0,18000
Calicut University,Apartment,3,9.0,33500
Eranhipalam,Apartment,1,11.0,10500
Malaparamba,Apartment,2,3.0,15500
Feroke,Villa,2,,21000
Medical College,Flat,2,6.0,22500
Mankave,Apartment,1,11.0,9000
Nadakkavu,House,2,,23500
Malaparamba,Villa,4,,60000
Palayam,House,3,,37500
Balussery,Flat,2,4.0,12000
Mathara,House,2,,19000
Kuthiravattom,Flat,2,0.0,14500
Puthiyara,Flat,2,6.0,17500
Kottuli,Flat,3,8.0,21500
Eranhipalam,Flat,3,1.0,28000
Puthiyara,Flat,3,4.0,28000
Panniyankara,Apartment,2,6.0,14000
Puthiyara,Apartment,2,2.0,18500
Medical College,Flat,4,2.0,49000
Malaparamba,Apartment,2,15.0,16000
Mankave,Villa,3,,39000
Kottuli,Flat,2,2.0,13000
Calicut University,Villa,1,,18000
Mathara,Flat,2,1.0,14000
Thondayad,Flat,3,3.0,27500
Kuthiravattom,Flat,1,1.0,7500
Kuthiravattom,Apartment,1,7.0,7500
Kottuli,Apartment,1,14.0,8000
Medical College,Apartment,2,1.0,23500
Puthiyara,Apartment,4,13.0,45500
Malaparamba,Villa,2,,26000
Mavoor Road,Flat,4,7.0,51500
Mathara,Apartment,1,15.0,8500
Kunnamangalam,Flat,2,5.0,10000
Palayam,Apartment,3,12.0,33500
Thiruvannur,Apartment,3,4.0,20500
Nadakkavu,Apartment,2,2.0,21000
Kuthiravattom,Flat,3,4.0,23500
Nadakkavu,Apartment,1,9.0,10500
Eranhipalam,Apartment,2,10.0,18000
Koyilandy Road,House,2,,19500
Mukkam,Flat,2,3.0,12500
Kottuli,Apartment,2,15.0,14500
Calicut University,Flat,3,2.0,32000
Ulliyeri,House,2,,13500
Kottuli,Flat,1,4.0,8000
Panniyankara,Apartment,1,6.0,8500
Feroke,Flat,1,7.0,6500
Thiruvannur,Apartment,2,0.0,11000
Malaparamba,Flat,1,3.0,9000
Chevayur,Apartment,3,1.0,31000
Kuthiravattom,Apartment,3,15.0,26000
Bilathikulam,Apartment,3,5.0,30000
Mavoor Road,Flat,3,5.0,35000
Malaparamba,Villa,2,,25500
Chevayur,Apartment,3,8.0,34000
Malaparamba,Apartment,2,10.0,16000
Palayam,Apartment,1,2.0,11500
Kuthiravattom,Apartment,1,4.0,8500
Medical College,Apartment,4,11.0,54500
Puthiyara,Apartment,2,0.0,18500
Koyilandy Road,Flat,2,4.0,16500
Palayam,Flat,2,4.0,20500
Beach Road,Apartment,2,3.0,24000
Mankave,Apartment,1,2.0,9500
Palayam,Flat,1,4.0,10000
Mukkam,Flat,2,6.0,12500
Chevayur,Flat,2,8.0,16000
Koyilandy Road,Apartment,2,8.0,16500
Vellimadukunnu,Apartment,1,9.0,8000
Bilathikulam,Apartment,1,13.0,10500
Mathara,Flat,2,0.0,15000
Kottuli,Apartment,3,3.0,22000
Mathara,Apartment,2,7.0,15000
Palayam,Apartment,2,12.0,20500
Mavoor Road,Flat,3,2.0,35000
Vellimadukunnu,Apartment,2,14.0,14500
Puthiyara,Apartment,3,5.0,30000
Kunnamangalam,Apartment,1,11.0,6000
Chevayur,Flat,2,8.0,16500
Koyilandy Road,Villa,1,,14000
Thondayad,Apartment,3,13.0,29000
Panniyankara,Flat,3,0.0,21000
Vellimadukunnu,House,2,,16500
Koyilandy Road,Flat,2,2.0,15500
Kottuli,Villa,2,,19000
Malaparamba,Apartment,2,12.0,16500
Mathara,House,2,,18500
Mathara,House,1,,9500
Mukkam,Apartment,2,2.0,13000
Vellimadukunnu,Apartment,1,8.0,8000
Kottuli,Apartment,2,1.0,14500
Koyilandy Road,Flat,2,4.0,15000
Thondayad,House,2,,20500
Palayam,Apartment,2,4.0,22000
Kottuli,Flat,3,5.0,21000
Beach Road,Flat,2,3.0,23000
Mankave,Flat,3,5.0,27000
Puthiyara,Flat,4,4.0,43000
Koduvally,Flat,2,3.0,12000
Nadakkavu,Apartment,2,4.0,19000
Puthiyara,Apartment,1,0.0,9000
Koyilandy Road,Villa,1,,12500
Panniyankara,House,3,,29500
Koyilandy Road,Apartment,1,12.0,8500
Kuthiravattom,Apartment,3,11.0,26000
Kuthiravattom,Apartment,2,0.0,13500
Mathara,Flat,2,2.0,14000
Eranhipalam,House,2,,22000
Mavoor Road,Villa,2,,33000
Mankave,Apartment,1,11.0,8500
Panniyankara,Apartment,1,11.0,8500
Puthiyara,Flat,2,5.0,18500
Kottuli,Flat,1,4.0,7000
Kunnamangalam,Apartment,3,10.0,17500
Eranhipalam,Flat,2,8.0,15000
Thiruvannur,Apartment,3,12.0,19000
Eranhipalam,Apartment,3,8.0,30500
Eranhipalam,Apartment,2,10.0,18500
Nadakkavu,Apartment,1,7.0,10000
Kuthiravattom,Flat,2,5.0,15500
Chevayur,Apartment,3,14.0,32500
Kunnamangalam,Apartment,2,5.0,12000
Panniyankara,House,2,,16500
Thondayad,Flat,2,1.0,17000
Vellimadukunnu,Apartment,3,3.0,24000
Mankave,Villa,2,,22000
Kottuli,Apartment,2,2.0,13500
Vellimadukunnu,Apartment,2,5.0,15500
Malaparamba,Apartment,2,11.0,16000
Palayam,Apartment,1,10.0,11000
Puthiyara,Apartment,3,15.0,29000
Panniyankara,Apartment,1,9.0,8500
Kunnamangalam,Flat,3,2.0,16500
Vellimadukunnu,Apartment,2,5.0,15500
Malaparamba,Apartment,2,1.0,16000
Puthiyara,Villa,2,,25500
Palayam,Apartment,2,6.0,22000
Nadakkavu,Villa,1,,16000
Panniyankara,Apartment,1,13.0,8500
Beach Road,House,2,,26500
Panniyankara,Apartment,1,11.0,7500
Panniyankara,Flat,3,3.0,21500
Palayam,Villa,4,,66500
Bilathikulam,Apartment,2,15.0,19000
Mankave,Flat,3,6.0,24500
Koyilandy Road,Flat,2,1.0,14000
Eranhipalam,Apartment,3,13.0,28000
Chevayur,Flat,2,2.0,19000
Malaparamba,Flat,2,1.0,16500
Panniyankara,Flat,3,2.0,23000
Mavoor Road,Apartment,1,6.0,13000
Mathara,House,2,,17000
Kuthiravattom,Flat,3,7.0,21500
Eranhipalam,Flat,3,3.0,27000
Thondayad,Apartment,3,7.0,26500
Puthiyara,Flat,3,5.0,31000
Malaparamba,Apartment,3,8.0,29000
Chevayur,Apartment,2,7.0,20500
Kuthiravattom,Flat,2,6.0,14500
Thondayad,Apartment,4,0.0,37500
Eranhipalam,Flat,2,2.0,16500
Panniyankara,House,2,,16500
Puthiyara,Apartment,2,4.0,19000
Medical College,Apartment,2,2.0,22500
Kottuli,Apartment,2,10.0,14000
Nadakkavu,Apartment,3,1.0,34000
Nadakkavu,Flat,2,2.0,18000
Koyilandy Road,Villa,3,,37500
Vellimadukunnu,Apartment,2,11.0,15500
Beach Road,Flat,1,6.0,12500
Mathara,Apartment,2,7.0,16000
Calicut University,Villa,2,,29000
Palayam,Flat,2,6.0,20000
Nadakkavu,Flat,2,3.0,17000
Vellimadukunnu,Apartment,1,11.0,7500
Malaparamba,Apartment,3,12.0,27500
Malaparamba,Apartment,3,2.0,29000
Thondayad,Apartment,2,2.0,18000
Nadakkavu,Apartment,2,5.0,20000
Kuthiravattom,Apartment,3,2.0,24000
Thondayad,Flat,1,2.0,8500
Malaparamba,Villa,2,,24500
Chevayur,Flat,2,3.0,18000
Bilathikulam,Apartment,2,10.0,18000
Chevayur,Flat,4,7.0,39500
Koyilandy Road,Apartment,2,8.0,16500
Mankave,Apartment,2,1.0,16500
Eranhipalam,Flat,2,6.0,18000
Mankave,Flat,3,7.0,23000
Thondayad,Villa,1,,14000
Mavoor Road,House,2,,25500
Mankave,Flat,2,4.0,16000
Kuthiravattom,Apartment,2,7.0,15500
Bilathikulam,Villa,3,,48000
Malaparamba,Apartment,3,6.0,29500
Kunnamangalam,Flat,3,7.0,16500
Nadakkavu,Flat,2,0.0,18000
Kottuli,Flat,2,0.0,13000
Vellimadukunnu,Apartment,1,0.0,8000
Panniyankara,Apartment,2,14.0,15500
Ulliyeri,Flat,1,6.0,6500
Bilathikulam,Flat,2,6.0,17500
Kuthiravattom,Flat,1,3.0,7500
Chevayur,Flat,3,7.0,27000
Kunnamangalam,Flat,3,5.0,17000
Mankave,Villa,2,,24500
Puthiyara,Apartment,1,3.0,10000
Balussery,Apartment,3,8.0,19000
Mankave,Apartment,1,14.0,9000
Kunnamangalam,House,3,,21000
Mankave,Flat,2,2.0,13500
Koyilandy Road,Apartment,2,12.0,16500
Palayam,Flat,3,8.0,30500
Puthiyara,Apartment,1,15.0,10500
Balussery,Flat,2,7.0,11500
Koyilandy Road,Flat,1,8.0,7500
Beach Road,Apartment,1,3.0,12000
Nadakkavu,House,2,,24000
Panniyankara,Apartment,2,3.0,15500
Vellimadukunnu,Apartment,3,14.0,24500
Medical College,Apartment,1,9.0,12000
Malaparamba,Flat,3,4.0,26000
Nadakkavu,Apartment,1,7.0,10500
Mavoor Road,Apartment,2,2.0,21000
Thiruvannur,Flat,2,1.0,10500
Bilathikulam,Apartment,2,11.0,19500
Thondayad,Villa,2,,24000
Mukkam,Flat,2,7.0,13000
Mathara,Villa,3,,36000
Beach Road,Apartment,1,15.0,13500
Nadakkavu,House,2,,21000
Feroke,Apartment,3,2.0,22000
Kunnamangalam,Villa,1,,8500
Feroke,Flat,2,2.0,12500
Ulliyeri,Apartment,2,5.0,12000
Kottuli,Flat,2,4.0,14500
Thondayad,Apartment,2,0.0,17500
Mathara,Apartment,2,6.0,16000
Bilathikulam,Apartment,3,1.0,32500
Panniyankara,Apartment,4,8.0,34000
Vellimadukunnu,House,2,,16000
Beach Road,Flat,2,2.0,22000
Mavoor Road,House,2,,25500
Mathara,Flat,1,4.0,8000
Beach Road,Flat,3,4.0,36000
Panniyankara,Apartment,1,5.0,8500
Puthiyara,Flat,2,3.0,17000
Medical College,Apartment,2,10.0,21500
Eranhipalam,Apartment,2,15.0,17500
Koyilandy Road,Villa,1,,13000
Puthiyara,Apartment,1,9.0,10500
Koduvally,Apartment,3,7.0,21000
Vellimadukunnu,Villa,4,,52000
Bilathikulam,Flat,4,5.0,42000
Mavoor Road,Apartment,1,3.0,11500
Chevayur,Apartment,1,2.0,10500
Vellimadukunnu,Flat,2,3.0,14000
Panniyankara,Villa,1,,11500
Vellimadukunnu,Flat,1,5.0,7000
Vellimadukunnu,House,2,,17500
Panniyankara,Apartment,1,2.0,8500
Ulliyeri,Apartment,3,5.0,21000
Bilathikulam,Flat,1,4.0,10000
Mankave,Villa,2,,22500
Bilathikulam,Flat,2,5.0,17500
Bilathikulam,Apartment,2,15.0,19500
Chevayur,Apartment,2,7.0,19500
Kottuli,Apartment,2,4.0,14500
Palayam,Villa,2,,30500
Calicut University,House,1,,13500
Eranhipalam,Villa,1,,14000
Malaparamba,Villa,2,,23000
Mavoor Road,Apartment,3,8.0,37000
Malaparamba,Apartment,2,5.0,16000
Panniyankara,Apartment,2,9.0,14000
Nadakkavu,Flat,1,7.0,10500
Bilathikulam,Villa,2,,28000
Feroke,Apartment,2,14.0,14000
Koyilandy Road,Villa,2,,24000
Beach Road,Apartment,2,15.0,24000
Thondayad,Flat,3,0.0,24500
Bilathikulam,Apartment,2,7.0,19500
Kottuli,Flat,2,0.0,12500
Feroke,Apartment,1,9.0,7000
Calicut University,Villa,3,,54500
Thiruvannur,Apartment,1,14.0,6500
Mankave,Apartment,2,4.0,17500
Koyilandy Road,Flat,2,8.0,14500
Palayam,Villa,1,,16000
Kottuli,Villa,2,,20000
Malaparamba,Apartment,2,7.0,18000
Eranhipalam,Flat,1,8.0,10000
Medical College,House,2,,25000
Malaparamba,Apartment,3,12.0,27500
Malaparamba,Flat,1,3.0,9000
Thiruvannur,Villa,3,,27500
Panniyankara,Villa,3,,37000
Koyilandy Road,Apartment,1,13.0,9000
Malaparamba,Apartment,2,10.0,17500
Calicut University,Apartment,2,10.0,20000
Eranhipalam,Villa,2,,26500
Mankave,Flat,1,7.0,7500
Thondayad,Flat,3,7.0,27500
Mankave,Flat,1,8.0,7500
Bilathikulam,Villa,2,,28000
Beach Road,Villa,2,,32500
Mukkam,Flat,3,3.0,20500
Koyilandy Road,House,2,,18500
Eranhipalam,Apartment,2,2.0,19500
Nadakkavu,Apartment,4,7.0,43500
Kuthiravattom,House,3,,31000
Thiruvannur,Villa,3,,30500
Kunnamangalam,Apartment,3,0.0,18000
Palayam,Flat,4,4.0,49000
Bilathikulam,Flat,1,7.0,9500
Mavoor Road,Villa,2,,34000
Medical College,Villa,2,,32000
Panniyankara,Apartment,2,2.0,15500
Kottuli,Villa,2,,20000
Bilathikulam,Apartment,1,11.0,11000
Mukkam,Apartment,3,0.0,20000
Beach Road,Apartment,4,2.0,56000
Kottuli,Flat,2,6.0,14000
Mankave,Villa,2,,23500
Malaparamba,Flat,3,6.0,24500
Puthiyara,Flat,3,7.0,28000
Vellimadukunnu,House,3,,29500
Mankave,Villa,4,,54000
Koduvally,Villa,1,,10000
Mathara,Apartment,2,4.0,17000
Nadakkavu,Apartment,2,5.0,22000
Malaparamba,House,4,,46000
Koyilandy Road,Flat,3,6.0,24000
Panniyankara,Flat,1,8.0,8000
Palayam,Flat,3,6.0,33500
Eranhipalam,Apartment,2,6.0,18500
Palayam,House,2,,25000
Koyilandy Road,Apartment,2,15.0,15000
Vellimadukunnu,Flat,1,8.0,7000
Malaparamba,Apartment,2,8.0,17000
Mavoor Road,Apartment,2,3.0,22000
Thondayad,Apartment,1,12.0,9500
Eranhipalam,Villa,2,,25000
Chevayur,Apartment,3,4.0,31500
Malaparamba,Villa,2,,24000
Eranhipalam,Apartment,3,6.0,30500
Kottuli,Flat,3,2.0,22000
Kottuli,Apartment,3,14.0,22500
Kunnamangalam,Apartment,2,1.0,11000
Beach Road,Apartment,2,12.0,22000
Eranhipalam,Flat,2,0.0,16500
Calicut University,Flat,3,6.0,34500
Panniyankara,Flat,2,1.0,14000
Mankave,Flat,1,0.0,8000
Bilathikulam,Apartment,1,6.0,10000
Nadakkavu,Apartment,1,12.0,11500
Thondayad,Apartment,3,7.0,27000
Mukkam,Apartment,2,5.0,13500
Thondayad,Flat,2,1.0,16000
Mathara,Apartment,1,3.0,9000
Malaparamba,Villa,3,,39000
Mathara,Flat,2,0.0,15000
Panniyankara,Apartment,2,10.0,14000
Nadakkavu,House,4,,56500
Eranhipalam,Apartment,2,5.0,20000
Mathara,Flat,2,5.0,15500
Thondayad,Apartment,2,7.0,17000
Nadakkavu,Apartment,2,15.0,19500
Palayam,Apartment,2,15.0,19000
Puthiyara,Apartment,2,5.0,19500
Puthiyara,Apartment,2,10.0,18500
Puthiyara,Villa,1,,16500
Thondayad,House,2,,20500
Mavoor Road,Flat,3,8.0,34000
Puthiyara,Apartment,1,6.0,11500
Mathara,House,4,,42000
Eranhipalam,Villa,3,,42500
Mavoor Road,Apartment,3,8.0,35500
Kuthiravattom,Villa,2,,22000
Kunnamangalam,House,3,,21500
Mankave,Flat,1,2.0,8500
Eranhipalam,Apartment,2,3.0,19000
Thondayad,Flat,3,0.0,27000
Beach Road,Flat,3,0.0,35000
Palayam,Apartment,2,3.0,20500
Chevayur,Flat,3,5.0,28500
Bilathikulam,Villa,1,,14000
Mathara,Apartment,3,14.0,23500
Mathara,Flat,2,2.0,15000
Eranhipalam,Flat,1,4.0,10000
Thiruvannur,Apartment,3,10.0,18000
Koduvally,Apartment,2,5.0,12000
Nadakkavu,Flat,3,7.0,29500
Nadakkavu,Apartment,1,12.0,11000
Kunnamangalam,Apartment,1,4.0,7000
Kuthiravattom,Apartment,1,3.0,9000
Kuthiravattom,Apartment,2,13.0,15000
Puthiyara,House,1,,12500
Calicut University,Flat,1,3.0,11500
Kuthiravattom,Apartment,4,4.0,40500
Medical College,Apartment,2,11.0,22000
Mankave,House,3,,31000
Vellimadukunnu,Flat,1,3.0,7500
Kottuli,Apartment,2,0.0,13000
Kottuli,Villa,2,,21000
Chevayur,Flat,3,6.0,33000
Vellimadukunnu,Apartment,2,15.0,14500
Koyilandy Road,Villa,2,,24000
Mathara,Flat,2,8.0,13000
Mavoor Road,Flat,2,5.0,22500
Eranhipalam,House,2,,22500
Thondayad,Flat,2,2.0,16000
Calicut University,House,3,,41500
Koyilandy Road,Apartment,3,13.0,24500
Kottuli,Apartment,2,4.0,15000
Calicut University,Flat,2,2.0,21000
Palayam,Apartment,3,12.0,30500
Chevayur,Apartment,2,12.0,18500
Malaparamba,Apartment,1,3.0,9000
Mathara,Apartment,2,11.0,14500
Balussery,Flat,2,5.0,12500
Mavoor Road,Apartment,2,8.0,20500
Mankave,Apartment,2,5.0,17500
Kuthiravattom,Apartment,2,4.0,15000
Kuthiravattom,Apartment,2,8.0,15500
Mathara,Apartment,1,13.0,9000
Beach Road,Flat,2,2.0,22500
Mathara,Villa,1,,13000
Ulliyeri,Flat,2,4.0,11500
Malaparamba,Apartment,3,11.0,25000
Chevayur,Apartment,2,0.0,18500
Ulliyeri,House,2,,14000
Kottuli,Flat,4,4.0,34500
Thondayad,Flat,2,8.0,16500
Panniyankara,Apartment,1,7.0,8500
Eranhipalam,Flat,2,2.0,16500
Thondayad,Villa,2,,24000
Beach Road,Flat,2,7.0,20500
Thondayad,Apartment,2,11.0,17500
Nadakkavu,Flat,1,1.0,10000
Beach Road,Apartment,2,15.0,21500
Panniyankara,Flat,1,4.0,8000
Malaparamba,Apartment,1,15.0,9000
Panniyankara,Flat,1,8.0,7500
Thiruvannur,Apartment,1,5.0,6500
Beach Road,Flat,3,2.0,35500
Nadakkavu,Apartment,2,12.0,20500
Mavoor Road,Villa,2,,32000
Thondayad,Flat,2,8.0,16000
Chevayur,Villa,2,,29500
Panniyankara,Flat,1,4.0,8000
Calicut University,Flat,3,1.0,33500
Eranhipalam,Villa,3,,46500
Medical College,Apartment,2,8.0,21500
Ulliyeri,House,3,,23000
Malaparamba,Apartment,1,5.0,9000
Eranhipalam,Apartment,2,0.0,18000
Balussery,Flat,2,3.0,12500
Nadakkavu,Flat,3,7.0,30000
Koyilandy Road,Apartment,3,11.0,24500
Feroke,Villa,3,,31500
Palayam,Flat,2,4.0,20000
Koyilandy Road,Flat,2,6.0,15000
Koyilandy Road,Apartment,3,15.0,25500
Calicut University,Apartment,4,7.0,49000
Beach Road,House,1,,15000
Beach Road,Flat,2,1.0,22500
Kottuli,Villa,2,,20000
Calicut University,Apartment,2,2.0,23000
Ulliyeri,Flat,2,7.0,11000
Vellimadukunnu,Apartment,1,10.0,8500
Eranhipalam,Villa,2,,27000
Calicut University,Flat,2,5.0,20000
Mathara,Flat,3,4.0,26000
Bilathikulam,Villa,2,,25500
Vellimadukunnu,Apartment,2,4.0,15500
Mankave,Apartment,1,9.0,9000
Kuthiravattom,Apartment,4,14.0,34000
Thondayad,Apartment,1,14.0,9500
Ulliyeri,Flat,2,4.0,11500
Malaparamba,Apartment,3,8.0,27000
Puthiyara,House,3,,35500
Palayam,Flat,3,6.0,31500
Koduvally,House,1,,8000
Puthiyara,Apartment,3,0.0,29500
Kunnamangalam,Villa,1,,9500
Calicut University,Villa,1,,18000
Koduvally,Apartment,2,5.0,13500
Koyilandy Road,Flat,3,2.0,26500
Nadakkavu,Apartment,1,4.0,12000
Mathara,Villa,2,,22500
Balussery,Apartment,2,14.0,11500
Puthiyara,Flat,2,3.0,17000
Thiruvannur,Apartment,2,7.0,12000
Beach Road,Apartment,1,15.0,12000
Malaparamba,House,1,,11500
Bilathikulam,House,3,,36000
Palayam,Apartment,4,1.0,48000
Bilathikulam,Apartment,1,3.0,10500
Thiruvannur,Apartment,2,5.0,13000
Thondayad,Apartment,1,4.0,10000
Calicut University,Apartment,3,5.0,37000
Eranhipalam,Flat,1,3.0,9500
Chevayur,Apartment,1,4.0,11500
Chevayur,Apartment,2,15.0,18500
Mathara,Villa,3,,35500
Balussery,Apartment,2,8.0,12500
Kottuli,Villa,3,,36000
Malaparamba,Apartment,3,12.0,25000
Koduvally,Apartment,1,0.0,6500
Puthiyara,Apartment,2,4.0,18500
Beach Road,Villa,2,,35000
Ulliyeri,Flat,1,6.0,5500
Malaparamba,Flat,3,1.0,27000
Mankave,Flat,2,2.0,16000
Chevayur,Villa,1,,16000
Kunnamangalam,Flat,3,3.0,17000
Panniyankara,Flat,2,4.0,15000
Beach Road,Apartment,2,15.0,21000
Vellimadukunnu,Apartment,2,5.0,14500
Kuthiravattom,Apartment,3,15.0,24000
Beach Road,Apartment,2,0.0,21500
Nadakkavu,Apartment,1,9.0,11000
Medical College,Flat,2,0.0,20500
Koyilandy Road,Apartment,2,10.0,15500
Chevayur,House,3,,36500
Ulliyeri,Apartment,2,14.0,12000
Mavoor Road,Flat,2,1.0,21000
Kuthiravattom,Flat,3,0.0,23500
Calicut University,Apartment,2,13.0,20000
Thondayad,Apartment,3,10.0,29000
Puthiyara,Flat,3,3.0,27000
Balussery,Apartment,2,12.0,12500
Mathara,Flat,1,0.0,8000
Palayam,Flat,2,7.0,17000
Kottuli,Villa,2,,19000
Mavoor Road,Apartment,1,2.0,13000
Palayam,Apartment,2,1.0,21000
Koyilandy Road,Villa,3,,38000
Beach Road,Apartment,4,2.0,59000
Eranhipalam,Apartment,2,9.0,19500
Koyilandy Road,Flat,3,6.0,27000
Kottuli,Apartment,2,3.0,15500
Malaparamba,Villa,3,,42000
Kottuli,Apartment,1,15.0,7000
Nadakkavu,Flat,2,3.0,19000
Puthiyara,Villa,2,,26000
Panniyankara,Apartment,2,15.0,14000
Koyilandy Road,Apartment,2,10.0,16500
Puthiyara,Flat,2,3.0,17000
Eranhipalam,Apartment,2,15.0,17000
Puthiyara,Apartment,1,4.0,10000
Mankave,Apartment,2,10.0,15000
Koyilandy Road,Flat,1,8.0,8000
Kuthiravattom,Villa,2,,21500
Medical College,Apartment,2,8.0,20500
Kunnamangalam,Flat,3,0.0,17000
Mankave,Flat,3,3.0,26000
Kunnamangalam,Apartment,1,15.0,6000
Thondayad,Flat,2,4.0,17000
Feroke,Flat,3,6.0,21500
Kunnamangalam,Apartment,2,12.0,11500
Mavoor Road,Apartment,1,3.0,12500
Panniyankara,Flat,2,4.0,14000
Vellimadukunnu,Villa,2,,20000
Chevayur,Apartment,2,12.0,20500
Medical College,Apartment,1,0.0,10500
Malaparamba,Flat,2,1.0,16000
Chevayur,Flat,1,8.0,9500
Beach Road,Apartment,2,2.0,25000
Beach Road,Flat,2,7.0,20000
Chevayur,Apartment,2,12.0,18500
Palayam,Apartment,2,13.0,20500
Malaparamba,Apartment,2,8.0,15000
Medical College,Apartment,1,9.0,13000
Puthiyara,Apartment,1,3.0,11000
Nadakkavu,Flat,2,6.0,19000
Koyilandy Road,Apartment,3,8.0,25500
Mathara,Flat,4,0.0,35000
Medical College,Apartment,2,0.0,20500
Balussery,Flat,2,0.0,10500
Panniyankara,Flat,2,7.0,13500
Mankave,Apartment,3,5.0,26500
Eranhipalam,Apartment,3,12.0,29500
Malaparamba,Apartment,3,15.0,28000
Beach Road,Apartment,2,13.0,24000
Kottuli,Flat,4,8.0,32500
Beach Road,Flat,3,7.0,36000
Kunnamangalam,Apartment,1,0.0,5500
Feroke,Apartment,2,2.0,14500
Calicut University,Apartment,3,14.0,37000
Puthiyara,Apartment,2,1.0,18000
Vellimadukunnu,Apartment,2,12.0,14500
Chevayur,Villa,3,,46000
Chevayur,Apartment,3,2.0,34000
Kuthiravattom,Apartment,2,10.0,16500
Kuthiravattom,Villa,4,,57000
Vellimadukunnu,Apartment,2,1.0,14000
Bilathikulam,Apartment,2,11.0,17000
Bilathikulam,House,2,,21500
Thiruvannur,Apartment,1,1.0,6000
Feroke,Villa,1,,11000
Malaparamba,Apartment,2,0.0,15500
Kottuli,Apartment,1,10.0,7000
Puthiyara,Apartment,3,8.0,31500
Palayam,Flat,2,1.0,19500
Kottuli,Apartment,2,15.0,14000
Puthiyara,Apartment,1,10.0,10500
Medical College,Villa,2,,30500
Puthiyara,Apartment,3,3.0,31000
Kuthiravattom,Villa,1,,12500
Malaparamba,Apartment,2,11.0,18000
Malaparamba,Apartment,1,6.0,10000
Koyilandy Road,Apartment,2,7.0,16000
Beach Road,Villa,3,,58000
Eranhipalam,Apartment,1,12.0,9500
Panniyankara,Apartment,2,15.0,14000
Thondayad,Apartment,2,1.0,17500
Mankave,Flat,3,3.0,25000
Thondayad,Apartment,3,12.0,25500
Puthiyara,Flat,2,2.0,17500
Bilathikulam,Villa,3,,46500
Balussery,Apartment,2,3.0,13000
Koduvally,Flat,2,8.0,11500
Palayam,Villa,2,,31500
Vellimadukunnu,Apartment,3,3.0,24500
Koduvally,Villa,1,,10500
Puthiyara,Flat,3,2.0,29000
Mavoor Road,Apartment,2,9.0,20500
Panniyankara,Flat,3,1.0,21000
Kuthiravattom,House,2,,18500
Kunnamangalam,Villa,3,,28000
Mankave,Apartment,2,6.0,16500
Chevayur,Flat,1,1.0,9500
Vellimadukunnu,Flat,2,2.0,13500
Mankave,Villa,1,,13000
Puthiyara,Apartment,1,6.0,11500
Puthiyara,Apartment,4,6.0,44500
Nadakkavu,Villa,2,,30000
Feroke,Flat,3,7.0,21500
Medical College,Apartment,3,6.0,40000
Vellimadukunnu,Flat,3,2.0,21000
Thondayad,Apartment,2,1.0,17000
Panniyankara,Villa,3,,34500
Palayam,Flat,3,1.0,33000
Kottuli,Flat,3,1.0,20500
Nadakkavu,Flat,3,1.0,28000
Puthiyara,Villa,2,,30000
Ulliyeri,Apartment,3,6.0,18500
Thondayad,Apartment,2,0.0,17500
Kottuli,Apartment,3,11.0,24000
Mankave,Apartment,3,15.0,28000
Kuthiravattom,Apartment,2,8.0,16000
Mavoor Road,Flat,3,6.0,37500
Mankave,House,1,,10500
